wavelength_nm,n,k,region,quality_flag
400,2.1620428852161067,0.23668430889044995,aligned_derived,medium_confidence
401,2.16070782225065,0.23598692794449957,aligned_derived,medium_confidence
402,2.1593796797738807,0.23530631525353904,aligned_derived,medium_confidence
403,2.158058591365711,0.2346422604385907,aligned_derived,medium_confidence
404,2.1567446852220034,0.23399455321284085,aligned_derived,medium_confidence
405,2.1554380842535092,0.23336298349237966,aligned_derived,medium_confidence
406,2.154138906223355,0.23274734149989318,aligned_derived,medium_confidence
407,2.1528472638607474,0.2321474178633818,aligned_derived,medium_confidence
408,2.1515632649512355,0.23156300371294936,aligned_derived,medium_confidence
409,2.15028701245404,0.23099389077069693,aligned_derived,medium_confidence
410,2.149018604625982,0.2304398714341254,aligned_derived,medium_confidence
411,2.147758135120756,0.229900738858214,aligned_derived,medium_confidence
412,2.146505693078865,0.22937628703588772,aligned_derived,medium_confidence
413,2.145261363252682,0.22886631086755424,aligned_derived,medium_confidence
414,2.144025226113139,0.2283706062290602,aligned_derived,medium_confidence
415,2.1427973579352955,0.2278889700411443,aligned_derived,medium_confidence
416,2.141577830901315,0.22742120033130264,aligned_derived,medium_confidence
417,2.1403667132144966,0.22696709628797995,aligned_derived,medium_confidence
418,2.1391640691920553,0.22652645831669146,aligned_derived,medium_confidence
419,2.1379699593458614,0.22609908809731658,aligned_derived,medium_confidence
420,2.1367844404932352,0.22568478862776215,aligned_derived,medium_confidence
421,2.135607565854743,0.2252833642676344,aligned_derived,medium_confidence
422,2.134439385133628,0.22489462078594327,aligned_derived,medium_confidence
423,2.1332799446046087,0.2245183654023732,aligned_derived,medium_confidence
424,2.1321292872165856,0.22415440681880386,aligned_derived,medium_confidence
425,2.1309874526772163,0.22380255525503234,aligned_derived,medium_confidence
426,2.129854477524969,0.223462622488183,aligned_derived,medium_confidence
427,2.1287303952250776,0.22313442187738583,aligned_derived,medium_confidence
428,2.1276152362576446,0.22281776838849518,aligned_derived,medium_confidence
429,2.126509028190044,0.22251247862457657,aligned_derived,medium_confidence
430,2.1254117957526235,0.22221837085229024,aligned_derived,medium_confidence
431,2.1243235609294246,0.22193526501618877,aligned_derived,medium_confidence
432,2.123244343033984,0.22166298275864446,aligned_derived,medium_confidence
433,2.122174158773125,0.2214013474453783,aligned_derived,medium_confidence
434,2.121113022328676,0.2211501841767081,aligned_derived,medium_confidence
435,2.120060945435659,0.22090931979764314,aligned_derived,medium_confidence
436,2.1190179374472224,0.22067858291493386,aligned_derived,medium_confidence
437,2.117984005398745,0.2204578039127488,aligned_derived,medium_confidence
438,2.1169591540866386,0.22024681495431706,aligned_derived,medium_confidence
439,2.1159433861352293,0.22004544998980036,aligned_derived,medium_confidence
440,2.1149367020529586,0.21985354477101737,aligned_derived,medium_confidence
441,2.1139391003009873,0.21967093685357414,aligned_derived,medium_confidence
442,2.1129505773616852,0.21949746559590919,aligned_derived,medium_confidence
443,2.111971127795958,0.2193329721659849,aligned_derived,medium_confidence
444,2.111000744297471,0.2191772995493082,aligned_derived,medium_confidence
445,2.1100394177599537,0.21903029254166934,aligned_derived,medium_confidence
446,2.1090871373354716,0.2188917977479334,aligned_derived,medium_confidence
447,2.108143890483655,0.2187616635884167,aligned_derived,medium_confidence
448,2.1072096630287183,0.218639740295111,aligned_derived,medium_confidence
449,2.106284439218597,0.21852587990260688,aligned_derived,medium_confidence
450,2.105368201775006,0.21841993624698142,aligned_derived,medium_confidence
451,2.1044609319391894,0.2183217649682836,aligned_derived,medium_confidence
452,2.1035626095286126,0.2182312234974359,aligned_derived,medium_confidence
453,2.1026732129871557,0.21814817104830747,aligned_derived,medium_confidence
454,2.101792719427953,0.21807246861768514,aligned_derived,medium_confidence
455,2.100921104680389,0.21800397897791823,aligned_derived,medium_confidence
456,2.1000583433405593,0.2179425666621321,aligned_derived,medium_confidence
457,2.0992044088144266,0.2178880979573877,aligned_derived,medium_confidence
458,2.0983592733564547,0.2178404409030875,aligned_derived,medium_confidence
459,2.097522908116671,0.21779946527447935,aligned_derived,medium_confidence
460,2.096695283183562,0.21776504256989357,aligned_derived,medium_confidence
461,2.0958763676209062,0.2177370460058415,aligned_derived,medium_confidence
462,2.0950661295064688,0.21771535050774166,aligned_derived,medium_confidence
463,2.0942645359744203,0.21769983269134097,aligned_derived,medium_confidence
464,2.093471553252157,0.2176903708518381,aligned_derived,medium_confidence
465,2.092687146692915,0.21768684495921126,aligned_derived,medium_confidence
466,2.0919112808144007,0.21768913664022427,aligned_derived,medium_confidence
467,2.091143919334989,0.21769712916225273,aligned_derived,medium_confidence
468,2.0903850252052587,0.2177107074248298,aligned_derived,medium_confidence
469,2.089634560639642,0.21772975794948612,aligned_derived,medium_confidence
470,2.088892487151695,0.21775416885897175,aligned_derived,medium_confidence
471,2.088158765585132,0.21778382986365127,aligned_derived,medium_confidence
472,2.087433356141364,0.21781863225450826,aligned_derived,medium_confidence
473,2.0867162184108436,0.21785846888499008,aligned_derived,medium_confidence
474,2.0860073114033613,0.21790323415259308,aligned_derived,medium_confidence
475,2.085306593574662,0.21795282398790033,aligned_derived,medium_confidence
476,2.0846140228523953,0.21800713584419157,aligned_derived,medium_confidence
477,2.083929556665057,0.218066068675723,aligned_derived,medium_confidence
478,2.0832531519678232,0.21812952292237972,aligned_derived,medium_confidence
479,2.082584765265771,0.21819740050097344,aligned_derived,medium_confidence
480,2.0819243526390867,0.21826960478779223,aligned_derived,medium_confidence
481,2.081271869768094,0.21834604059891613,aligned_derived,medium_confidence
482,2.0806272719555516,0.21842661417756648,aligned_derived,medium_confidence
483,2.0799905141478487,0.2185112331838435,aligned_derived,medium_confidence
484,2.0793615509585166,0.21859980667307044,aligned_derived,medium_confidence
485,2.078740336689465,0.2186922450794288,aligned_derived,medium_confidence
486,2.078126825350391,0.21878846020605214,aligned_derived,medium_confidence
487,2.0775209706790676,0.2188883652088003,aligned_derived,medium_confidence
488,2.07692272616163,0.21899187457606217,aligned_derived,medium_confidence
489,2.0763320450510294,0.21909890411513003,aligned_derived,medium_confidence
490,2.075748880384488,0.21920937094216406,aligned_derived,medium_confidence
491,2.0751731850021726,0.2193231934613892,aligned_derived,medium_confidence
492,2.0746049115645424,0.21944029134825963,aligned_derived,medium_confidence
493,2.07404401256845,0.21956058553874275,aligned_derived,medium_confidence
494,2.0734904403633254,0.21968399821459622,aligned_derived,medium_confidence
495,2.072944147167464,0.21981045278325267,aligned_derived,medium_confidence
496,2.072405085083056,0.21993987386376146,aligned_derived,medium_confidence
497,2.071873206110526,0.22007218727700625,aligned_derived,medium_confidence
498,2.071348462163211,0.2202073200262999,aligned_derived,medium_confidence
499,2.0708308050813367,0.22034520028048368,aligned_derived,medium_confidence
500,2.0703201866451293,0.22048575736274426,aligned_derived,medium_confidence
501,2.0698165585878874,0.22062892173745532,aligned_derived,medium_confidence
502,2.069319872608647,0.2207746249906371,aligned_derived,medium_confidence
503,2.068830080384351,0.22092279981585516,aligned_derived,medium_confidence
504,2.0683471335815162,0.22107338000468132,aligned_derived,medium_confidence
505,2.0678709838677456,0.22122630042903782,aligned_derived,medium_confidence
506,2.067401582922633,0.2213814970245286,aligned_derived,medium_confidence
507,2.0669388824484702,0.22153890677906624,aligned_derived,medium_confidence
508,2.0664828341806225,0.22169846772123658,aligned_derived,medium_confidence
509,2.0660333898973353,0.2218601189016795,aligned_derived,medium_confidence
510,2.0655905014292717,0.22202380037925443,aligned_derived,medium_confidence
511,2.0651541206690402,0.22218945321172423,aligned_derived,medium_confidence
512,2.06472419958007,0.2223570194400029,aligned_derived,medium_confidence
513,2.064300690205001,0.22252644207196237,aligned_derived,medium_confidence
514,2.0638835446741757,0.22269766507111266,aligned_derived,medium_confidence
515,2.063472715213939,0.22287063334632792,aligned_derived,medium_confidence
516,2.063068154154041,0.2230452927344452,aligned_derived,medium_confidence
517,2.0626698139349453,0.22322158998687303,aligned_derived,medium_confidence
518,2.062277647115468,0.2233994727605102,aligned_derived,medium_confidence
519,2.0618916063796746,0.22357888960391312,aligned_derived,medium_confidence
520,2.0615116445430375,0.22375978994177093,aligned_derived,medium_confidence
521,2.06113771455902,0.2239421240638279,aligned_derived,medium_confidence
522,2.060769769525845,0.22412584311577397,aligned_derived,medium_confidence
523,2.0604077626917396,0.22431089908326626,aligned_derived,medium_confidence
524,2.0600516474604675,0.22449724477909205,aligned_derived,medium_confidence
525,2.0597013773973667,0.22468483383435847,aligned_derived,medium_confidence
526,2.0593569062346067,0.2248736206864796,aligned_derived,medium_confidence
527,2.0590181878755707,0.2250635605644788,aligned_derived,medium_confidence
528,2.058685176399808,0.2252546094783001,aligned_derived,medium_confidence
529,2.058357826068408,0.22544672421064343,aligned_derived,medium_confidence
530,2.058036091327748,0.2256398623025557,aligned_derived,medium_confidence
531,2.0577199268133546,0.2258339820412079,aligned_derived,medium_confidence
532,2.057409287354607,0.22602904245137942,aligned_derived,medium_confidence
533,2.0571041279787727,0.2262250032851311,aligned_derived,medium_confidence
534,2.0568044039138536,0.2264218250080277,aligned_derived,medium_confidence
535,2.056510070592196,0.22661946878896788,aligned_derived,medium_confidence
536,2.056221083654742,0.22681789649275452,aligned_derived,medium_confidence
537,2.0559373989534944,0.2270170706673123,aligned_derived,medium_confidence
538,2.0556589725541428,0.22721695453212,aligned_derived,medium_confidence
539,2.0553857607394734,0.22741751197003884,aligned_derived,medium_confidence
540,2.0551177200125847,0.22761870751845542,aligned_derived,medium_confidence
541,2.054854807098402,0.2278205063565311,aligned_derived,medium_confidence
542,2.0545969789461838,0.22802287429559687,aligned_derived,medium_confidence
543,2.0543441927328265,0.2282257777723205,aligned_derived,medium_confidence
544,2.0540964058644082,0.22842918383752625,aligned_derived,medium_confidence
545,2.0538535759776817,0.22863306014531004,aligned_derived,medium_confidence
546,2.053615660942493,0.22883737494522882,aligned_derived,medium_confidence
547,2.0533826188642577,0.22904209707473738,aligned_derived,medium_confidence
548,2.053154408084537,0.22924719594749698,aligned_derived,medium_confidence
549,2.0529309871825596,0.2294526415443747,aligned_derived,medium_confidence
550,2.0527123149776623,0.22965840440709895,aligned_derived,medium_confidence
551,2.052498350530286,0.22986445562859037,aligned_derived,medium_confidence
552,2.0522890531424403,0.23007076684278188,aligned_derived,medium_confidence
553,2.0520843823593173,0.23027731021721765,aligned_derived,medium_confidence
554,2.0518842979711804,0.23048405844654382,aligned_derived,medium_confidence
555,2.0516887600132314,0.23069098474193664,aligned_derived,medium_confidence
556,2.0514977287662712,0.23089806282269476,aligned_derived,medium_confidence
557,2.051311164758509,0.2311052669103105,aligned_derived,medium_confidence
558,2.0511290287660424,0.23131257172019343,aligned_derived,medium_confidence
559,2.0509512818126026,0.23151995245219953,aligned_derived,medium_confidence
560,2.0507778851704215,0.23172738478367835,aligned_derived,medium_confidence
561,2.050608800361705,0.2319348448638058,aligned_derived,medium_confidence
562,2.0504439891579134,0.23214230930414914,aligned_derived,medium_confidence
563,2.0502834135797876,0.23234975517084,aligned_derived,medium_confidence
564,2.050127035898547,0.232557159979,aligned_derived,medium_confidence
565,2.0499748186360423,0.23276450168572352,aligned_derived,medium_confidence
566,2.0498267245639603,0.23297175868132,aligned_derived,medium_confidence
567,2.0496827167040133,0.23317890978282232,aligned_derived,medium_confidence
568,2.0495427583290806,0.23338593422898873,aligned_derived,medium_confidence
569,2.0494068129621064,0.23359281167198392,aligned_derived,medium_confidence
570,2.049274844375636,0.23379952217011207,aligned_derived,medium_confidence
571,2.0491468165923594,0.23400604618257928,aligned_derived,medium_confidence
572,2.0490226938852243,0.23421236456355113,aligned_derived,medium_confidence
573,2.0489024407760676,0.23441845855413612,aligned_derived,medium_confidence
574,2.0487860220353857,0.23462430977634435,aligned_derived,medium_confidence
575,2.04867340268305,0.23482990022861724,aligned_derived,medium_confidence
576,2.0485645479871195,0.2350352122785927,aligned_derived,medium_confidence
577,2.0484594234628335,0.23524022865634864,aligned_derived,medium_confidence
578,2.0483579948727115,0.235444932449507,aligned_derived,medium_confidence
579,2.0482602282265994,0.2356493070981995,aligned_derived,medium_confidence
580,2.0481660897799396,0.23585333638778747,aligned_derived,medium_confidence
581,2.04807554603311,0.23605700444326547,aligned_derived,medium_confidence
582,2.04798856373188,0.23626029572521043,aligned_derived,medium_confidence
583,2.047905109866152,0.23646319502354962,aligned_derived,medium_confidence
584,2.0478251516684898,0.23666568745131042,aligned_derived,medium_confidence
585,2.0477486566139764,0.23686775844004215,aligned_derived,medium_confidence
586,2.0476755924200667,0.237069393735548,aligned_derived,medium_confidence
587,2.0476059270447053,0.23727057939131663,aligned_derived,medium_confidence
588,2.0475396286853447,0.23747130176337095,aligned_derived,medium_confidence
589,2.047476665779064,0.23767154750654465,aligned_derived,medium_confidence
590,2.0474170070013695,0.23787130356917005,aligned_derived,medium_confidence
591,2.0473606212644584,0.23807055718731282,aligned_derived,medium_confidence
592,2.047307477716652,0.2382692958805062,aligned_derived,medium_confidence
593,2.047257545742332,0.23846750744810333,aligned_derived,medium_confidence
594,2.0472107949598306,0.23866517996342188,aligned_derived,medium_confidence
595,2.047167195220251,0.23886230176898723,aligned_derived,medium_confidence
596,2.047126716607313,0.23905886147310879,aligned_derived,medium_confidence
597,2.04708932943621,0.23925484794536198,aligned_derived,medium_confidence
598,2.0470550042516837,0.23945025031131068,aligned_derived,medium_confidence
599,2.047023711827192,0.2396450579485432,aligned_derived,medium_confidence
600,2.0469954231647476,0.23983926048351614,aligned_derived,medium_confidence
601,2.0469701094928587,0.24003284778638687,aligned_derived,medium_confidence
602,2.0469477422650963,0.2402258099666384,aligned_derived,medium_confidence
603,2.0469282931596866,0.2404181373698951,aligned_derived,medium_confidence
604,2.046911734078559,0.24060982057411842,aligned_derived,medium_confidence
605,2.0468980371451546,0.24080085038478677,aligned_derived,medium_confidence
606,2.046887174703508,0.24099121783123187,aligned_derived,medium_confidence
607,2.046879119317912,0.24118091416386314,aligned_derived,medium_confidence
608,2.0468738437710146,0.24136993084966932,aligned_derived,medium_confidence
609,2.0468713210621323,0.2415582595681754,aligned_derived,medium_confidence
610,2.0468715244067037,0.24174589220849976,aligned_derived,medium_confidence
611,2.04687442723542,0.24193282086614112,aligned_derived,medium_confidence
612,2.046880003191965,0.24211903783860106,aligned_derived,medium_confidence
613,2.0468882261319314,0.2423045356220294,aligned_derived,medium_confidence
614,2.0468990701224046,0.24248930690872708,aligned_derived,medium_confidence
615,2.0469125094401988,0.24267334458327178,aligned_derived,medium_confidence
616,2.0469285185699984,0.2428566417188082,aligned_derived,medium_confidence
617,2.0469470722036838,0.243039191574297,aligned_derived,medium_confidence
618,2.046968145239511,0.2432209875918137,aligned_derived,medium_confidence
619,2.0469917127799486,0.2434020233926063,aligned_derived,medium_confidence
620,2.0470177501303235,0.24358229277401147,aligned_derived,medium_confidence
621,2.0470462327984347,0.24376178970719733,aligned_derived,medium_confidence
622,2.047077136492859,0.24394050833385286,aligned_derived,medium_confidence
623,2.0471104371210846,0.24411844296277374,aligned_derived,medium_confidence
624,2.0471461107885953,0.24429558806732288,aligned_derived,medium_confidence
625,2.0471841337982424,0.24447193828312935,aligned_derived,medium_confidence
626,2.0472244826480623,0.24464748840456838,aligned_derived,medium_confidence
627,2.0472671340298225,0.24482223338194004,aligned_derived,medium_confidence
628,2.047312064828563,0.2449961683194009,aligned_derived,medium_confidence
629,2.0473592521210766,0.2451692884721532,aligned_derived,medium_confidence
630,2.047408673174006,0.24534158924332464,aligned_derived,medium_confidence
631,2.047460305442739,0.24551306618161237,aligned_derived,medium_confidence
632,2.047514126570956,0.24568371497931707,aligned_derived,medium_confidence
633,2.0475701143884204,0.2458535314692267,aligned_derived,medium_confidence
634,2.047628246909557,0.2460225116220301,aligned_derived,medium_confidence
635,2.047688502332841,0.24619065154441017,aligned_derived,medium_confidence
636,2.047750859039474,0.24635794747667852,aligned_derived,medium_confidence
637,2.0478152955914406,0.2465243957899188,aligned_derived,medium_confidence
638,2.0478817907303766,0.24668999298383287,aligned_derived,medium_confidence
639,2.0479503233770537,0.24685473568500998,aligned_derived,medium_confidence
640,2.048020872629427,0.2470186206442164,aligned_derived,medium_confidence
641,2.0480934177610557,0.24718164473401738,aligned_derived,medium_confidence
642,2.0481679382204123,0.247343804947013,aligned_derived,medium_confidence
643,2.048244413629822,0.24750509839385157,aligned_derived,medium_confidence
644,2.048322823783441,0.24766552230063307,aligned_derived,medium_confidence
645,2.0484031486460927,0.24782507400693504,aligned_derived,medium_confidence
646,2.0484853683527655,0.2479837509642867,aligned_derived,medium_confidence
647,2.048569463206821,0.24814155073380817,aligned_derived,medium_confidence
648,2.048655413678374,0.24829847098404537,aligned_derived,medium_confidence
649,2.048743200403517,0.2484545094893309,aligned_derived,medium_confidence
650,2.0488328041834563,0.24860966412810734,aligned_derived,medium_confidence
651,2.0489242059824715,0.24876393288059595,aligned_derived,medium_confidence
652,2.0490173869267583,0.2489173138269782,aligned_derived,medium_confidence
653,2.049112328303873,0.24906980514603297,aligned_derived,medium_confidence
654,2.049209011561178,0.24922140511311433,aligned_derived,medium_confidence
655,2.049307418304156,0.24937211209815768,aligned_derived,medium_confidence
656,2.0494075302955936,0.24952192456417432,aligned_derived,medium_confidence
657,2.0495093294548075,0.24967084106582824,aligned_derived,medium_confidence
658,2.0496127978557377,0.2498188602473485,aligned_derived,medium_confidence
659,2.0497179177257183,0.24996598084087174,aligned_derived,medium_confidence
660,2.0498246714449437,0.25011220166520093,aligned_derived,medium_confidence
661,2.0499330415450348,0.2502575216240854,aligned_derived,medium_confidence
662,2.050043010707398,0.25040193970439534,aligned_derived,medium_confidence
663,2.050154561762332,0.25054545497474096,aligned_derived,medium_confidence
664,2.0502676776883915,0.25068806658424436,aligned_derived,medium_confidence
665,2.0503823416105584,0.25082977376070087,aligned_derived,medium_confidence
666,2.05049853679899,0.2509705758090571,aligned_derived,medium_confidence
667,2.0506162466684357,0.2511104721102744,aligned_derived,medium_confidence
668,2.0507354547770666,0.2512494621198765,aligned_derived,medium_confidence
669,2.050856144824748,0.2513875453662859,aligned_derived,medium_confidence
670,2.050978300652177,0.2515247214495459,aligned_derived,medium_confidence
671,2.051101906240269,0.2516609900402745,aligned_derived,medium_confidence
672,2.0512269457085135,0.2517963508780293,aligned_derived,medium_confidence
673,2.051353403313682,0.2519308037699333,aligned_derived,medium_confidence
674,2.0514812634491895,0.2520643485896231,aligned_derived,medium_confidence
675,2.051610510644108,0.25219698527601747,aligned_derived,medium_confidence
676,2.0517411295615284,0.2523287138318202,aligned_derived,medium_confidence
677,2.0518731049975556,0.2524595343223387,aligned_derived,medium_confidence
678,2.052006421880865,0.25258944687456925,aligned_derived,medium_confidence
679,2.0521410652711247,0.2527184516757782,aligned_derived,medium_confidence
680,2.052277020357723,0.25284654897223935,aligned_derived,medium_confidence
681,2.0524142724590937,0.25297373906826964,aligned_derived,medium_confidence
682,2.0525528070219026,0.2531000223251886,aligned_derived,medium_confidence
683,2.0526926096194287,0.2532253991599594,aligned_derived,medium_confidence
684,2.0528336659505535,0.2533498700441295,aligned_derived,medium_confidence
685,2.052975961839355,0.25347343550299467,aligned_derived,medium_confidence
686,2.053119483233682,0.25359609611438333,aligned_derived,medium_confidence
687,2.0532642162038734,0.25371785250751067,aligned_derived,medium_confidence
688,2.0534101469420762,0.25383870536207936,aligned_derived,medium_confidence
689,2.0535572617615236,0.25395865540740437,aligned_derived,medium_confidence
690,2.0537055470950163,0.2540777034211926,aligned_derived,medium_confidence
691,2.0538549894939253,0.25419585022857666,aligned_derived,medium_confidence
692,2.0540055756277265,0.25431309670136265,aligned_derived,medium_confidence
693,2.054157292282804,0.2544294437569919,aligned_derived,medium_confidence
694,2.0543101263611385,0.25454489235748906,aligned_derived,medium_confidence
695,2.0544640648796095,0.25465944350864606,aligned_derived,medium_confidence
696,2.0546190949693814,0.254773098259262,aligned_derived,medium_confidence
697,2.054775203874497,0.2548858577000706,aligned_derived,medium_confidence
698,2.054932378950823,0.2549977229628519,aligned_derived,medium_confidence
699,2.0550906076656363,0.2551086952197558,aligned_derived,medium_confidence
700,2.055249877596533,0.2552187756824084,aligned_derived,medium_confidence
701,2.055410176430204,0.2553279656009638,aligned_derived,medium_confidence
702,2.0555714919616275,0.2554362662633559,aligned_derived,medium_confidence
703,2.055733812093646,0.255543678994634,aligned_derived,medium_confidence
704,2.0558971248355484,0.255650205156028,aligned_derived,medium_confidence
705,2.0560614183021046,0.2557558461441361,aligned_derived,medium_confidence
706,2.0562266807131055,0.2558606033903012,aligned_derived,medium_confidence
707,2.0563929003924275,0.25596447835985875,aligned_derived,medium_confidence
708,2.056560065766793,0.25606747255127793,aligned_derived,medium_confidence
709,2.056728165365058,0.2561695874954719,aligned_derived,medium_confidence
710,2.0568971878177136,0.25627082475522417,aligned_derived,medium_confidence
711,2.057067121855698,0.2563711859243656,aligned_derived,medium_confidence
712,2.057237956309369,0.2564706726270419,aligned_derived,medium_confidence
713,2.0574096801080315,0.25656928651713906,aligned_derived,medium_confidence
714,2.057582282279176,0.2566670292776455,aligned_derived,medium_confidence
715,2.057755751947266,0.25676390261987203,aligned_derived,medium_confidence
716,2.0579300783329675,0.25685990828283994,aligned_derived,medium_confidence
717,2.0581052507527677,0.2569550480327576,aligned_derived,medium_confidence
718,2.058281258617843,0.25704932366231226,aligned_derived,medium_confidence
719,2.0584580914331045,0.25714273699000695,aligned_derived,medium_confidence
720,2.0586357387966387,0.25723528985963334,aligned_derived,medium_confidence
721,2.0588141903991346,0.2573269841397251,aligned_derived,medium_confidence
722,2.0589934360226305,0.25741782172286487,aligned_derived,medium_confidence
723,2.0591734655398657,0.2575078045251239,aligned_derived,medium_confidence
724,2.0593542689137894,0.25759693448559856,aligned_derived,medium_confidence
725,2.059535836196673,0.25768521356579166,aligned_derived,medium_confidence
726,2.0597181575290904,0.25777264374902453,aligned_derived,medium_confidence
727,2.059901223139359,0.25785922703994596,aligned_derived,medium_confidence
728,2.0600850233430723,0.2579449654640626,aligned_derived,medium_confidence
729,2.0602695485419495,0.2580298610671328,aligned_derived,medium_confidence
730,2.060454789223073,0.25811391591464233,aligned_derived,medium_confidence
731,2.060640735958571,0.2581971320914058,aligned_derived,medium_confidence
732,2.0608273794047256,0.25827951170102253,aligned_derived,medium_confidence
733,2.0610147103009826,0.2583610568653476,aligned_derived,medium_confidence
734,2.061202719469465,0.25844176972405053,aligned_derived,medium_confidence
735,2.061391397814478,0.2585216524341988,aligned_derived,medium_confidence
736,2.061580736321531,0.25860070716973366,aligned_derived,medium_confidence
737,2.0617707260564924,0.2586789361209915,aligned_derived,medium_confidence
738,2.0619613581653415,0.25875634149434024,aligned_derived,medium_confidence
739,2.0621526238733225,0.25883292551171655,aligned_derived,medium_confidence
740,2.0623445144840864,0.25890869041014847,aligned_derived,medium_confidence
741,2.062537021379043,0.258983638441355,aligned_derived,medium_confidence
742,2.062730136017098,0.2590577718713843,aligned_derived,medium_confidence
743,2.06292384993361,0.25913109298014436,aligned_derived,medium_confidence
744,2.0631181547396618,0.25920360406099263,aligned_derived,medium_confidence
745,2.0633130421216985,0.25927530742037963,aligned_derived,medium_confidence
746,2.0635085038409127,0.2593462053774731,aligned_derived,medium_confidence
747,2.0637045317323075,0.25941630026372037,aligned_derived,medium_confidence
748,2.0639011177041358,0.25948559442248836,aligned_derived,medium_confidence
749,2.0640982537375843,0.25955409020874354,aligned_derived,medium_confidence
750,2.0642959318858893,0.25962178998864666,aligned_derived,medium_confidence
751,2.0644941442736195,0.2596886961391798,aligned_derived,medium_confidence
752,2.0646928830962517,0.25975481104782444,aligned_derived,medium_confidence
753,2.064892140619701,0.2598201371122387,aligned_derived,medium_confidence
754,2.0650919091793956,0.25988467673986804,aligned_derived,medium_confidence
755,2.0652921811797285,0.25994843234762455,aligned_derived,medium_confidence
756,2.0654929490937506,0.26001140636159337,aligned_derived,medium_confidence
757,2.0656942054624228,0.2600736012166901,aligned_derived,medium_confidence
758,2.065895942893835,0.26013501935631994,aligned_derived,medium_confidence
759,2.0660981540628574,0.2601956632320978,aligned_derived,medium_confidence
760,2.066300831710685,0.2602555353035526,aligned_derived,medium_confidence
761,2.0665039686440037,0.2603146380377973,aligned_derived,medium_confidence
762,2.066707557734407,0.26037297390923125,aligned_derived,medium_confidence
763,2.0669115919181382,0.26043054539928834,aligned_derived,medium_confidence
764,2.0671160641954103,0.26048735499612746,aligned_derived,medium_confidence
765,2.0673209676296493,0.2605434051943419,aligned_derived,medium_confidence
766,2.0675262953471263,0.2605986984946988,aligned_derived,medium_confidence
767,2.0677320405366064,0.2606532374038807,aligned_derived,medium_confidence
768,2.0679381964485,0.26070702443420185,aligned_derived,medium_confidence
769,2.068144756394353,0.2607600621033377,aligned_derived,medium_confidence
770,2.068351713746553,0.26081235293409805,aligned_derived,medium_confidence
771,2.068559061937754,0.2608638994541645,aligned_derived,medium_confidence
772,2.068766794460134,0.2609147041958283,aligned_derived,medium_confidence
773,2.068974904865022,0.26096476969575355,aligned_derived,medium_confidence
774,2.0691833867625897,0.26101409849476176,aligned_derived,medium_confidence
775,2.0693922338210813,0.26106269313756747,aligned_derived,medium_confidence
776,2.069601439766294,0.26111055617255485,aligned_derived,medium_confidence
777,2.069810998381292,0.2611576901515637,aligned_derived,medium_confidence
778,2.070020903505906,0.2612040976296596,aligned_derived,medium_confidence
779,2.0702311490360383,0.2612497811649136,aligned_derived,medium_confidence
780,2.0704417289232184,0.26129474331818336,aligned_derived,medium_confidence
781,2.0706526371744247,0.26133898665291766,aligned_derived,medium_confidence
782,2.0708638678513274,0.2613825137349413,aligned_derived,medium_confidence
783,2.0710754150697714,0.26142532713224487,aligned_derived,medium_confidence
784,2.071287272999499,0.2614674294147941,aligned_derived,medium_confidence
785,2.0714994358637346,0.2615088231543358,aligned_derived,medium_confidence
786,2.071711897938488,0.26154951092420087,aligned_derived,medium_confidence
787,2.0719246535521663,0.2615894952991133,aligned_derived,medium_confidence
788,2.0721376970853282,0.2616287788550103,aligned_derived,medium_confidence
789,2.0723510229700803,0.2616673641688586,aligned_derived,medium_confidence
790,2.072564625689537,0.2617052538184755,aligned_derived,medium_confidence
791,2.072778499777538,0.26174245038234983,aligned_derived,medium_confidence
792,2.0729926398182754,0.26177895643947946,aligned_derived,medium_confidence
793,2.0732070404456824,0.26181477456918956,aligned_derived,medium_confidence
794,2.07342169634299,0.2618499073509801,aligned_derived,medium_confidence
795,2.0736366022425385,0.26188435736434856,aligned_derived,medium_confidence
796,2.07385175292523,0.2619181271886455,aligned_derived,medium_confidence
797,2.07406714321998,0.2619512194029036,aligned_derived,medium_confidence
798,2.0742827680034375,0.2619836365856965,aligned_derived,medium_confidence
799,2.074498622199707,0.2620153813149757,aligned_derived,medium_confidence
800,2.074714700779708,0.2620464561679316,aligned_derived,medium_confidence
801,2.0749309987607787,0.26207686372084477,aligned_derived,medium_confidence
802,2.0751475112064894,0.2621066065489442,aligned_derived,medium_confidence
803,2.0753642332261517,0.2621356872262617,aligned_derived,medium_confidence
804,2.0755811599742864,0.26216410832550596,aligned_derived,medium_confidence
805,2.0757982866503486,0.2621918724179185,aligned_derived,medium_confidence
806,2.076015608498466,0.2622189820731436,aligned_derived,medium_confidence
807,2.0762331208068803,0.26224543985909937,aligned_derived,medium_confidence
808,2.076450818907533,0.262271248341856,aligned_derived,medium_confidence
809,2.0766686981758595,0.2622964100855039,aligned_derived,medium_confidence
810,2.076886754030408,0.26232092765202786,aligned_derived,medium_confidence
811,2.0771049819323038,0.26234480360119816,aligned_derived,medium_confidence
812,2.0773233773849293,0.26236804049045787,aligned_derived,medium_confidence
813,2.077541935933775,0.2623906408747798,aligned_derived,medium_confidence
814,2.077760653165868,0.2624126073065823,aligned_derived,medium_confidence
815,2.0779795247093715,0.26243394233561124,aligned_derived,medium_confidence
816,2.0781985462334056,0.2624546485088256,aligned_derived,medium_confidence
817,2.0784177134476898,0.26247472837028735,aligned_derived,medium_confidence
818,2.078637022102024,0.2624941844610734,aligned_derived,medium_confidence
819,2.078856467986035,0.2625130193191658,aligned_derived,medium_confidence
820,2.079076046928945,0.26253123547934437,aligned_derived,medium_confidence
821,2.0792957547991304,0.26254883547309155,aligned_derived,medium_confidence
822,2.07951558750371,0.262565821828512,aligned_derived,medium_confidence
823,2.0797355409883163,0.2625821970702194,aligned_derived,medium_confidence
824,2.0799556112368602,0.26259796371924843,aligned_derived,medium_confidence
825,2.080175794270995,0.26261312429296785,aligned_derived,medium_confidence
826,2.0803960861498596,0.26262768130500364,aligned_derived,medium_confidence
827,2.0806164829698712,0.26264163726512924,aligned_derived,medium_confidence
828,2.0808369808643343,0.2626549946791889,aligned_derived,medium_confidence
829,2.081057576003035,0.2626677560490319,aligned_derived,medium_confidence
830,2.081278264592033,0.26267992387241623,aligned_derived,medium_confidence
831,2.0814990428733964,0.26269150064291796,aligned_derived,medium_confidence
832,2.081719907124789,0.26270248884987574,aligned_derived,medium_confidence
833,2.081940853659133,0.2627128909783154,aligned_derived,medium_confidence
834,2.082161878824471,0.26272270950885296,aligned_derived,medium_confidence
835,2.0823829790035924,0.2627319469176314,aligned_derived,medium_confidence
836,2.082604150613623,0.2627406056762698,aligned_derived,medium_confidence
837,2.082825390105841,0.26274868825177156,aligned_derived,medium_confidence
838,2.0830466939654624,0.26275619710645276,aligned_derived,medium_confidence
839,2.0832680587112162,0.2627631346978906,aligned_derived,medium_confidence
840,2.0834894808950253,0.2627695034788656,aligned_derived,medium_confidence
841,2.083710957101873,0.2627753058972698,aligned_derived,medium_confidence
842,2.0839324839494915,0.2627805443960612,aligned_derived,medium_confidence
843,2.0841540580879427,0.2627852214132113,aligned_derived,medium_confidence
844,2.084375676199432,0.26278933938163895,aligned_derived,medium_confidence
845,2.084597334998153,0.2627929007291388,aligned_derived,medium_confidence
846,2.0848190312298325,0.2627959078783386,aligned_derived,medium_confidence
847,2.0850407616714803,0.2627983632466575,aligned_derived,medium_confidence
848,2.085262523131222,0.26280026924622585,aligned_derived,medium_confidence
849,2.0854843124480333,0.2628016282838352,aligned_derived,medium_confidence
850,2.085706126491355,0.26280244276090986,aligned_derived,medium_confidence
851,2.08592796216086,0.262802715073446,aligned_derived,medium_confidence
852,2.0861498163863663,0.26280244761194543,aligned_derived,medium_confidence
853,2.0863716861274004,0.2628016427613833,aligned_derived,medium_confidence
854,2.0865935683729315,0.26280030290117656,aligned_derived,medium_confidence
855,2.086815460141248,0.2627984304051147,aligned_derived,medium_confidence
856,2.0870373584796624,0.26279602764131477,aligned_derived,medium_confidence
857,2.0872592604642164,0.26279309697219544,aligned_derived,medium_confidence
858,2.0874811631994263,0.26278964075443917,aligned_derived,medium_confidence
859,2.0877030638181306,0.2627856613389239,aligned_derived,medium_confidence
860,2.0879249594812412,0.2627811610706965,aligned_derived,medium_confidence
861,2.0881468473773275,0.26277614228895746,aligned_derived,medium_confidence
862,2.088368724722601,0.26277060732699287,aligned_derived,medium_confidence
863,2.088590588760609,0.2627645585121385,aligned_derived,medium_confidence
864,2.0888124367619447,0.2627579981657649,aligned_derived,medium_confidence
865,2.089034266024023,0.2627509286032428,aligned_derived,medium_confidence
866,2.0892560738709487,0.26274335213387967,aligned_derived,medium_confidence
867,2.089477857653213,0.26273527106091094,aligned_derived,medium_confidence
868,2.0896996147474427,0.26272668768147495,aligned_derived,medium_confidence
869,2.0899213425562086,0.2627176042865713,aligned_derived,medium_confidence
870,2.0901430385078807,0.26270802316101843,aligned_derived,medium_confidence
871,2.090364700056296,0.26269794658344175,aligned_derived,medium_confidence
872,2.090586324680526,0.26268737682626253,aligned_derived,medium_confidence
873,2.0908079098847927,0.2626763161556269,aligned_derived,medium_confidence
874,2.091029453198193,0.26266476683140527,aligned_derived,medium_confidence
875,2.091250952174414,0.2626527311071792,aligned_derived,medium_confidence
876,2.091472404391556,0.26264021123020087,aligned_derived,medium_confidence
877,2.0916938074520726,0.26262720944135604,aligned_derived,medium_confidence
878,2.091915158982351,0.26261372797516463,aligned_derived,medium_confidence
879,2.0921364566325913,0.2625997690597641,aligned_derived,medium_confidence
880,2.0923576980766256,0.2625853349168611,aligned_derived,medium_confidence
881,2.0925788810117636,0.2625704277617183,aligned_derived,medium_confidence
882,2.0928000031584473,0.26255504980315414,aligned_derived,medium_confidence
883,2.0930210622601253,0.26253920324351526,aligned_derived,medium_confidence
884,2.0932420560831693,0.26252289027863446,aligned_derived,medium_confidence
885,2.093462982416503,0.2625061130978398,aligned_derived,medium_confidence
886,2.0936838390714763,0.26248887388394176,aligned_derived,medium_confidence
887,2.093904623881688,0.26247117481320015,aligned_derived,medium_confidence
888,2.0941253347028566,0.26245301805529564,aligned_derived,medium_confidence
889,2.0943459694124873,0.2624344057733536,aligned_derived,medium_confidence
890,2.0945665259097566,0.2624153401239138,aligned_derived,medium_confidence
891,2.0947870021154,0.26239582325689514,aligned_derived,medium_confidence
892,2.095007395971459,0.2623758573156005,aligned_derived,medium_confidence
893,2.095227705441017,0.26235544443672193,aligned_derived,medium_confidence
894,2.095447928508179,0.262334586750303,aligned_derived,medium_confidence
895,2.0956680631778317,0.2623132863797232,aligned_derived,medium_confidence
896,2.0958881074754148,0.2622915454417123,aligned_derived,medium_confidence
897,2.096108059446772,0.2622693660463382,aligned_derived,medium_confidence
898,2.096324936772708,0.2622466270712346,aligned_derived,medium_confidence
899,2.0965265863173523,0.26222867263906435,aligned_derived,medium_confidence
900,2.0967128369320442,0.2622151540859689,aligned_derived,medium_confidence
901,2.096883612533151,0.2622151540859689,aligned_derived,medium_confidence
902,2.0970388378396567,0.2622151540859689,aligned_derived,medium_confidence
903,2.0971817951635847,0.2622151540859689,aligned_derived,medium_confidence
904,2.0973238052278838,0.2622151540859689,aligned_derived,medium_confidence
905,2.09746534480072,0.2622151540859689,aligned_derived,medium_confidence
906,2.097606415958172,0.2622151540859689,aligned_derived,medium_confidence
907,2.0977470207648796,0.2622151540859689,aligned_derived,medium_confidence
908,2.097887161274119,0.2622151540859689,aligned_derived,medium_confidence
909,2.09802683952788,0.2622151540859689,aligned_derived,medium_confidence
910,2.098166057556937,0.2622151540859689,aligned_derived,medium_confidence
911,2.0983048173809267,0.2622151540859689,aligned_derived,medium_confidence
912,2.098443121008417,0.2622151540859689,aligned_derived,medium_confidence
913,2.0985809704369847,0.2622151540859689,aligned_derived,medium_confidence
914,2.0987183676532823,0.2622151540859689,aligned_derived,medium_confidence
915,2.098855314633114,0.2622151540859689,aligned_derived,medium_confidence
916,2.098991813341504,0.2622151540859689,aligned_derived,medium_confidence
917,2.0991278657327688,0.2622151540859689,aligned_derived,medium_confidence
918,2.099263473750585,0.2622151540859689,aligned_derived,medium_confidence
919,2.099398639328061,0.2622151540859689,aligned_derived,medium_confidence
920,2.0995333643878045,0.2622151540859689,aligned_derived,medium_confidence
921,2.0996676508419916,0.2622151540859689,aligned_derived,medium_confidence
922,2.0998015005924344,0.2622151540859689,aligned_derived,medium_confidence
923,2.099934915530647,0.2622151540859689,aligned_derived,medium_confidence
924,2.1000678975379152,0.2622151540859689,aligned_derived,medium_confidence
925,2.10020044848536,0.2622151540859689,aligned_derived,medium_confidence
926,2.1003325702340057,0.2622151540859689,aligned_derived,medium_confidence
927,2.100464264634843,0.2622151540859689,aligned_derived,medium_confidence
928,2.100595533528896,0.2622151540859689,aligned_derived,medium_confidence
929,2.100726378747284,0.2622151540859689,aligned_derived,medium_confidence
930,2.1008568021112892,0.2622151540859689,aligned_derived,medium_confidence
931,2.1009868054324157,0.2622151540859689,aligned_derived,medium_confidence
932,2.101116390512455,0.2622151540859689,aligned_derived,medium_confidence
933,2.1012455591435484,0.2622151540859689,aligned_derived,medium_confidence
934,2.1013743131082476,0.2622151540859689,aligned_derived,medium_confidence
935,2.1015026541795776,0.2622151540859689,aligned_derived,medium_confidence
936,2.101630584121098,0.2622151540859689,aligned_derived,medium_confidence
937,2.1017581046869602,0.2622151540859689,aligned_derived,medium_confidence
938,2.101885217621973,0.2622151540859689,aligned_derived,medium_confidence
939,2.1020119246616575,0.2622151540859689,aligned_derived,medium_confidence
940,2.102138227532309,0.2622151540859689,aligned_derived,medium_confidence
941,2.102264127951055,0.2622151540859689,aligned_derived,medium_confidence
942,2.1023896276259126,0.2622151540859689,aligned_derived,medium_confidence
943,2.102514728255849,0.2622151540859689,aligned_derived,medium_confidence
944,2.1026394315308368,0.2622151540859689,aligned_derived,medium_confidence
945,2.1027637391319107,0.2622151540859689,aligned_derived,medium_confidence
946,2.1028876527312264,0.2622151540859689,aligned_derived,medium_confidence
947,2.103011173992115,0.2622151540859689,aligned_derived,medium_confidence
948,2.103134304569139,0.2622151540859689,aligned_derived,medium_confidence
949,2.10325704610815,0.2622151540859689,aligned_derived,medium_confidence
950,2.1033794002463386,0.2622151540859689,aligned_derived,medium_confidence
951,2.1035013686122945,0.2622151540859689,aligned_derived,medium_confidence
952,2.1036229528260586,0.2622151540859689,aligned_derived,medium_confidence
953,2.103744154499175,0.2622151540859689,aligned_derived,medium_confidence
954,2.1038649752347474,0.2622151540859689,aligned_derived,medium_confidence
955,2.103985416627489,0.2622151540859689,aligned_derived,medium_confidence
956,2.104105480263779,0.2622151540859689,aligned_derived,medium_confidence
957,2.104225167721711,0.2622151540859689,aligned_derived,medium_confidence
958,2.104344480571147,0.2622151540859689,aligned_derived,medium_confidence
959,2.104463420373769,0.2622151540859689,aligned_derived,medium_confidence
960,2.104581988683128,0.2622151540859689,aligned_derived,medium_confidence
961,2.1047001870446973,0.2622151540859689,aligned_derived,medium_confidence
962,2.104818016995922,0.2622151540859689,aligned_derived,medium_confidence
963,2.104935480066268,0.2622151540859689,aligned_derived,medium_confidence
964,2.105052577777273,0.2622151540859689,aligned_derived,medium_confidence
965,2.1051693116425945,0.2622151540859689,aligned_derived,medium_confidence
966,2.10528568316806,0.2622151540859689,aligned_derived,medium_confidence
967,2.105401693851715,0.2622151540859689,aligned_derived,medium_confidence
968,2.1055173451838707,0.2622151540859689,aligned_derived,medium_confidence
969,2.105632638647152,0.2622151540859689,aligned_derived,medium_confidence
970,2.105747575716547,0.2622151540859689,aligned_derived,medium_confidence
971,2.1058621578594505,0.2622151540859689,aligned_derived,medium_confidence
972,2.1059763865357137,0.2622151540859689,aligned_derived,medium_confidence
973,2.1060902631976908,0.2622151540859689,aligned_derived,medium_confidence
974,2.1062037892902827,0.2622151540859689,aligned_derived,medium_confidence
975,2.1063169662509846,0.2622151540859689,aligned_derived,medium_confidence
976,2.1064297955099325,0.2622151540859689,aligned_derived,medium_confidence
977,2.1065422784899455,0.2622151540859689,aligned_derived,medium_confidence
978,2.1066544166065735,0.2622151540859689,aligned_derived,medium_confidence
979,2.10676621126814,0.2622151540859689,aligned_derived,medium_confidence
980,2.1068776638757862,0.2622151540859689,aligned_derived,medium_confidence
981,2.1069887758235173,0.2622151540859689,aligned_derived,medium_confidence
982,2.107099548498243,0.2622151540859689,aligned_derived,medium_confidence
983,2.1072099832798226,0.2622151540859689,aligned_derived,medium_confidence
984,2.1073200815411064,0.2622151540859689,aligned_derived,medium_confidence
985,2.107429844647981,0.2622151540859689,aligned_derived,medium_confidence
986,2.10753927395941,0.2622151540859689,aligned_derived,medium_confidence
987,2.1076483708274742,0.2622151540859689,aligned_derived,medium_confidence
988,2.107757136597418,0.2622151540859689,aligned_derived,medium_confidence
989,2.107865572607687,0.2622151540859689,aligned_derived,medium_confidence
990,2.10797368018997,0.2622151540859689,aligned_derived,medium_confidence
991,2.1080814606692404,0.2622151540859689,aligned_derived,medium_confidence
992,2.108188915363797,0.2622151540859689,aligned_derived,medium_confidence
993,2.1082960455853046,0.2622151540859689,aligned_derived,medium_confidence
994,2.108402852638832,0.2622151540859689,aligned_derived,medium_confidence
995,2.1085093378228943,0.2622151540859689,aligned_derived,medium_confidence
996,2.1086155024294904,0.2622151540859689,aligned_derived,medium_confidence
997,2.108721347744144,0.2622151540859689,aligned_derived,medium_confidence
998,2.1088268750459407,0.2622151540859689,aligned_derived,medium_confidence
999,2.1089320856075675,0.2622151540859689,aligned_derived,medium_confidence
1000,2.1090369806953517,0.2622151540859689,aligned_derived,medium_confidence
1001,2.109141561569298,0.2622151540859689,aligned_derived,medium_confidence
1002,2.109245829483127,0.2622151540859689,aligned_derived,medium_confidence
1003,2.1093497856843126,0.2622151540859689,aligned_derived,medium_confidence
1004,2.109453431414119,0.2622151540859689,aligned_derived,medium_confidence
1005,2.109556767907638,0.2622151540859689,aligned_derived,medium_confidence
1006,2.1096597963938266,0.2622151540859689,aligned_derived,medium_confidence
1007,2.1097625180955415,0.2622151540859689,aligned_derived,medium_confidence
1008,2.1098649342295777,0.2622151540859689,aligned_derived,medium_confidence
1009,2.1099670460067035,0.2622151540859689,aligned_derived,medium_confidence
1010,2.110068854631695,0.2622151540859689,aligned_derived,medium_confidence
1011,2.1101703613033744,0.2622151540859689,aligned_derived,medium_confidence
1012,2.1102715672146433,0.2622151540859689,aligned_derived,medium_confidence
1013,2.1103724735525176,0.2622151540859689,aligned_derived,medium_confidence
1014,2.1104730814981636,0.2622151540859689,aligned_derived,medium_confidence
1015,2.1105733922269323,0.2622151540859689,aligned_derived,medium_confidence
1016,2.1106734069083926,0.2622151540859689,aligned_derived,medium_confidence
1017,2.110773126706366,0.2622151540859689,aligned_derived,medium_confidence
1018,2.1108725527789614,0.2622151540859689,aligned_derived,medium_confidence
1019,2.1109716862786074,0.2622151540859689,aligned_derived,medium_confidence
1020,2.111070528352086,0.2622151540859689,aligned_derived,medium_confidence
1021,2.1111690801405665,0.2622151540859689,aligned_derived,medium_confidence
1022,2.111267342779638,0.2622151540859689,aligned_derived,medium_confidence
1023,2.111365317399341,0.2622151540859689,aligned_derived,medium_confidence
1024,2.111463005124202,0.2622151540859689,aligned_derived,medium_confidence
1025,2.1115604070732648,0.2622151540859689,aligned_derived,medium_confidence
1026,2.111657524360121,0.2622151540859689,aligned_derived,medium_confidence
1027,2.111754358092945,0.2622151540859689,aligned_derived,medium_confidence
1028,2.1118509093745224,0.2622151540859689,aligned_derived,medium_confidence
1029,2.111947179302284,0.2622151540859689,aligned_derived,medium_confidence
1030,2.112043168968335,0.2622151540859689,aligned_derived,medium_confidence
1031,2.1121388794594878,0.2622151540859689,aligned_derived,medium_confidence
1032,2.1122343118572906,0.2622151540859689,aligned_derived,medium_confidence
1033,2.1123294672380606,0.2622151540859689,aligned_derived,medium_confidence
1034,2.112424346672911,0.2622151540859689,aligned_derived,medium_confidence
1035,2.112518951227785,0.2622151540859689,aligned_derived,medium_confidence
1036,2.1126132819634824,0.2622151540859689,aligned_derived,medium_confidence
1037,2.1127073399356915,0.2622151540859689,aligned_derived,medium_confidence
1038,2.112801126195017,0.2622151540859689,aligned_derived,medium_confidence
1039,2.112894641787011,0.2622151540859689,aligned_derived,medium_confidence
1040,2.1129878877522015,0.2622151540859689,aligned_derived,medium_confidence
1041,2.1130808651261197,0.2622151540859689,aligned_derived,medium_confidence
1042,2.1131735749393323,0.2622151540859689,aligned_derived,medium_confidence
1043,2.113266018217466,0.2622151540859689,aligned_derived,medium_confidence
1044,2.11335819598124,0.2622151540859689,aligned_derived,medium_confidence
1045,2.113450109246489,0.2622151540859689,aligned_derived,medium_confidence
1046,2.113541759024198,0.2622151540859689,aligned_derived,medium_confidence
1047,2.1136331463205225,0.2622151540859689,aligned_derived,medium_confidence
1048,2.1137242721368223,0.2622151540859689,aligned_derived,medium_confidence
1049,2.1138151374696865,0.2622151540859689,aligned_derived,medium_confidence
1050,2.11390574331096,0.2622151540859689,aligned_derived,medium_confidence
1051,2.1139960906477713,0.2622151540859689,aligned_derived,medium_confidence
1052,2.1140861804625604,0.2622151540859689,aligned_derived,medium_confidence
1053,2.114176013733103,0.2622151540859689,aligned_derived,medium_confidence
1054,2.1142655914325403,0.2622151540859689,aligned_derived,medium_confidence
1055,2.114354914529403,0.2622151540859689,aligned_derived,medium_confidence
1056,2.1144439839876377,0.2622151540859689,aligned_derived,medium_confidence
1057,2.1145328007666335,0.2622151540859689,aligned_derived,medium_confidence
1058,2.114621365821248,0.2622151540859689,aligned_derived,medium_confidence
1059,2.1147096801018326,0.2622151540859689,aligned_derived,medium_confidence
1060,2.1147977445542576,0.2622151540859689,aligned_derived,medium_confidence
1061,2.114885560119938,0.2622151540859689,aligned_derived,medium_confidence
1062,2.1149731277358597,0.2622151540859689,aligned_derived,medium_confidence
1063,2.115060448334602,0.2622151540859689,aligned_derived,medium_confidence
1064,2.1151475228443646,0.2622151540859689,aligned_derived,medium_confidence
1065,2.115234352188991,0.2622151540859689,aligned_derived,medium_confidence
1066,2.1153209372879935,0.2622151540859689,aligned_derived,medium_confidence
1067,2.115407279056579,0.2622151540859689,aligned_derived,medium_confidence
1068,2.1154933784056693,0.2622151540859689,aligned_derived,medium_confidence
1069,2.1155792362419295,0.2622151540859689,aligned_derived,medium_confidence
1070,2.1156648534677895,0.2622151540859689,aligned_derived,medium_confidence
1071,2.115750230981467,0.2622151540859689,aligned_derived,medium_confidence
1072,2.1158353696769945,0.2622151540859689,aligned_derived,medium_confidence
1073,2.1159202704442377,0.2622151540859689,aligned_derived,medium_confidence
1074,2.1160049341689238,0.2622151540859689,aligned_derived,medium_confidence
1075,2.1160893617326604,0.2622151540859689,aligned_derived,medium_confidence
1076,2.1161735540129616,0.2622151540859689,aligned_derived,medium_confidence
1077,2.116257511883269,0.2622151540859689,aligned_derived,medium_confidence
1078,2.116341236212975,0.2622151540859689,aligned_derived,medium_confidence
1079,2.1164247278674453,0.2622151540859689,aligned_derived,medium_confidence
1080,2.1165079877080406,0.2622151540859689,aligned_derived,medium_confidence
1081,2.1165910165921398,0.2622151540859689,aligned_derived,medium_confidence
1082,2.1166738153731615,0.2622151540859689,aligned_derived,medium_confidence
1083,2.116756384900586,0.2622151540859689,aligned_derived,medium_confidence
1084,2.1168387260199775,0.2622151540859689,aligned_derived,medium_confidence
1085,2.1169208395730053,0.2622151540859689,aligned_derived,medium_confidence
1086,2.1170027263974642,0.2622151540859689,aligned_derived,medium_confidence
1087,2.117084387327299,0.2622151540859689,aligned_derived,medium_confidence
1088,2.1171658231926225,0.2622151540859689,aligned_derived,medium_confidence
1089,2.1172470348197385,0.2622151540859689,aligned_derived,medium_confidence
1090,2.1173280230311615,0.2622151540859689,aligned_derived,medium_confidence
1091,2.1174087886456388,0.2622151540859689,aligned_derived,medium_confidence
1092,2.1174893324781703,0.2622151540859689,aligned_derived,medium_confidence
1093,2.11756965534003,0.2622151540859689,aligned_derived,medium_confidence
1094,2.1176497580387843,0.2622151540859689,aligned_derived,medium_confidence
1095,2.117729641378315,0.2622151540859689,aligned_derived,medium_confidence
1096,2.117809306158838,0.2622151540859689,aligned_derived,medium_confidence
1097,2.1178887531769237,0.2622151540859689,aligned_derived,medium_confidence
1098,2.117967983225516,0.2622151540859689,aligned_derived,medium_confidence
1099,2.118046997093953,0.2622151540859689,aligned_derived,medium_confidence
1100,2.118125795567988,0.2622151540859689,aligned_derived,medium_confidence
