pvk_b_scale,600.0,602.0,604.0,606.0,608.0,610.0,612.0,614.0,616.0,618.0,620.0,622.0,624.0,626.0,628.0,630.0,632.0,634.0,636.0,638.0,640.0,642.0,644.0,646.0,648.0,650.0,652.0,654.0,656.0,658.0,660.0,662.0,664.0,666.0,668.0,670.0,672.0,674.0,676.0,678.0,680.0,682.0,684.0,686.0,688.0,690.0,692.0,694.0,696.0,698.0,700.0,702.0,704.0,706.0,708.0,710.0,712.0,714.0,716.0,718.0,720.0,722.0,724.0,726.0,728.0,730.0,732.0,734.0,736.0,738.0,740.0,742.0,744.0,746.0,748.0,750.0,752.0,754.0,756.0,758.0,760.0,762.0,764.0,766.0,768.0,770.0,772.0,774.0,776.0,778.0,780.0,782.0,784.0,786.0,788.0,790.0,792.0,794.0,796.0,798.0,800.0
0.5,1.0874146943861136,0.8618741973797827,0.6751181381620843,0.5260786306108056,0.4101334991570253,0.32139922716757235,0.2541734571900632,0.20358216494642103,0.16573258424061188,0.13763256882020095,0.11703182862948926,0.10225893084978596,0.09208171731983421,0.08559700635877575,0.08214687246669518,0.08125636532186306,0.08258758140490935,0.08590585796620454,0.0910548297777937,0.09793793311395281,0.10650460406179746,0.11673991327438785,0.1286567392753894,0.1422898402712768,0.15769136742365078,0.17492749161607743,0.1940759063512,0.21522403267283077,0.23846779585535033,0.26391087362060694,0.29166433569849054,0.32184660725402947,0.3545836957451399,0.39000962313912746,0.42826700356173925,0.4695077004317746,0.5138934866857554,0.5615966163286763,0.6128001946241457,0.6676982071021019,0.726495033711092,0.7894042338047359,0.8566463410211115,0.9284453567808029,1.005023581775268,1.0865943846716812,1.1733524894535836,1.2654613866714064,1.3630375655967257,1.4661314560578218,1.5747052948688545,1.6886086199388823,1.8075527515482037,1.9310864087319484,2.0585754278209,2.189190218229718,2.321904853674792,2.455511277391123,2.5886507911746968,2.7198627892629545,2.847647875713119,2.9705396607175434,3.087177430505087,3.1963712000991817,3.297151690230053,3.3888002961660577,3.470857456975244,3.5431111141963543,3.6055694222579495,3.65842314578995,3.702003258573479,3.7367384457116186,3.763115923636232,3.781647616207604,3.792842524173663,3.797185228413973,3.7951198950417515,3.7870388574041742,3.7732747644201083,3.7540953343228747,3.7296998789400035,3.7002169252028927,3.6657024337091717,3.6261382889325855,3.581430912880793,3.531410042463406,3.4758279254459614,3.414359449974392,3.34660404989795,3.2720906422809115,3.190287364100527,3.10061846560799,3.0024913185784308,2.895336945856635,2.7786674689766975,2.6521529179941963,2.515717311212206,2.3696491696907245,2.214714501016721,2.052251711639828,1.884220631005339
0.55,1.0873375765108926,0.8656954193569054,0.6812875488065884,0.5332546305819177,0.41736599763044174,0.3281213551659571,0.260110655501779,0.208652570091596,0.16996861617480982,0.14112808124534523,0.11990971592464582,0.1046526393762739,0.09412538628218611,0.0874206374550721,0.08387426927935297,0.08300449769694364,0.08446660630923755,0.08801937596081057,0.0935001602222105,0.10080630825787448,0.10988124763320553,0.12070400426391653,0.13328127886825095,0.14764144664503434,0.1638300237640906,0.1819062698275542,0.20194068417617422,0.2240132163214732,0.24821205444930966,0.27463288620703347,0.30337854656047436,0.33455898088929414,0.3682914592920328,0.40470098124870346,0.4439208087991937,0.4860930613297948,0.531369295731793,0.5799109817262418,0.6318897630538781,0.6874873705348398,0.7468950224149141,0.8103121110761844,0.8779439340689699,0.9499981838764076,1.0266798693710728,1.1081843102229283,1.194687835473335,1.2863358462502679,1.3832279929751032,1.485400396886742,1.5928051428747447,1.7052877076213577,1.8225635670432108,1.9441959168869178,2.0695771521759663,2.1979173304225776,2.3282430758533943,2.4594100327791204,2.590130867913457,2.719018934296151,2.844645267977862,2.9656040756640674,3.0805799279220114,3.1884090905617786,3.2881281150554558,3.3790048453920014,3.4605498578449687,3.5325092978260964,3.5948424388902094,3.64768865593571,3.6913288105607265,3.726145499340631,3.752585560453851,3.7711270162386485,3.782251508024772,3.786422399075835,3.784068125138461,3.7755700362874096,3.761253842215452,3.7413837827111127,3.7161587408141763,3.68570965746063,3.6500977678673894,3.6093133491353826,3.5632748435780446,3.5118284088326424,3.4547481551041015,3.3917375765631483,3.3224329833361708,3.246410104242413,3.163195458052407,3.0722845561483467,2.9731694275752405,2.865378195799182,2.7485292215403345,2.6224012679369384,2.4870187676662368,2.342747174545985,2.190387570237421,2.0312530710657564,1.867204357203199
0.6,1.0868143115836704,0.8690721660506618,0.6870767659949748,0.5401494403982343,0.42442220946358594,0.3347603667970656,0.2660399183555736,0.21377300922199055,0.17429920055075193,0.14475351493003263,0.12294747717504309,0.10723358390702989,0.09638299355131776,0.08948542492224729,0.08587113722952082,0.08505164275334816,0.08667520876509786,0.09049361572492921,0.09633732517531092,0.1040968806573893,0.1137089232644005,0.12514563650620458,0.1384067585312894,0.15351353602085527,0.1705041644811992,0.18943038161699507,0.2103549673272322,0.23334996551833515,0.2584954865280442,0.285878979572425,0.3155948857924335,0.3477445965692014,0.382436650342382,0.41978710512945183,0.4599200237762323,0.5029680048047449,0.5490726834559186,0.5983851148817636,0.6510659340786236,0.7072851647577465,0.7672215218014051,0.8310610195604672,0.8989946620980099,0.9712149539316006,1.0479109351697855,1.1292614202335867,1.2154261153219266,1.3065343215727339,1.4026710182929962,1.503860287126178,1.6100463074729703,1.7210725436931273,1.8366602567622508,1.956388077418416,2.0796749987001037,2.205769651879261,2.3337489401427387,2.4625288200747275,2.5908890876520116,2.717512416072551,2.841035780544864,2.9601101819423583,3.0734627843139455,3.179954730979836,3.2786283076071197,3.3687387348574864,3.4497683009490414,3.521423176428674,3.583615485609677,3.6364346337413718,3.680112381581584,3.714985848113388,3.7414617837997204,3.759984396211488,3.7710079754866177,3.7749747130521154,3.7722974961530653,3.76334708904375,3.7484429381887274,3.727846809860707,3.70175853361192,3.670313244621852,3.6335796652925323,3.5915591271259735,3.544185203131609,3.4913240013592444,3.4327753692158725,3.368275486229134,3.2975015897904565,3.2200798892537965,3.1355980714584226,3.0436241541203577,2.943733730143239,2.83554773035004,2.71878249624109,2.593312894953923,2.4592470827724098,2.31700808275003,2.1674126855760685,2.011733098712091,1.8517229917894356
0.65,1.0859141763551239,0.8720595971628539,0.6925241340009065,0.5467862837704855,0.43131432496180566,0.34132179850047006,0.27196368891156875,0.21894532121882318,0.17872714360788317,0.14851354616764578,0.1261521040023964,0.11001120576623849,0.09886634589790705,0.09180529457879763,0.08815314877606123,0.08741474733156467,0.08923106017627737,0.0933463673871674,0.09958359360423831,0.10782574661572347,0.1180019137632624,0.13007667042264573,0.14404205870021244,0.15991151920803562,0.17771532251376082,0.1974971651350131,0.21931167997789153,0.24322267208334108,0.2693019341439339,0.29762852726712713,0.3282884342255792,0.3613745072173362,0.3969866414403422,0.4352321104745026,0.4762260000493365,0.5200916734410559,0.5669611944600017,0.6169756225910908,0.6702850791144825,0.7270484627877145,0.7874326689357974,0.8516111370039975,0.9197615199322058,0.9920622364174979,1.0686876382756294,1.1498015061421667,1.235548587269293,1.3260439225116714,1.421359792914654,1.5215102696193867,1.6264335940778034,1.7359729632530807,1.8498567465546754,1.9676796914818293,2.0888872184895235,2.21276535120088,2.3384390227447445,2.4648812734260166,2.590935074038007,2.715348139878246,2.8368192740420946,2.954052810916675,3.065816071552131,3.1709938478331736,3.2686341018945395,3.357980317841915,3.4384879845075953,3.509825021349494,3.5718580508042095,3.6246278713076303,3.6683181288160274,3.7032210819991596,3.729703720057307,3.7481765863881793,3.7590667195620577,3.762795304663052,3.7597600115096617,3.750321595388899,3.734794124410564,3.7134381315596685,3.6864560235872084,3.653989174968723,3.6161162659758004,3.572852572937443,3.5241500786564117,3.4698984412663854,3.409927044765295,3.3440085604165066,3.271864680767026,3.193174947786841,3.1075898727799727,3.014749806518002,2.9143111978286047,2.805981863057521,2.6895665025318896,2.565022712890804,2.4325259120453238,2.29253876610427,2.145877015000076,1.9937596833106503,1.8378288624031918
0.7,1.084703961046625,0.8747121560935519,0.6976690990551254,0.5531908114645583,0.43805769029710234,0.34781462756401665,0.277887884179108,0.22417473345367045,0.1832585031885303,0.1524159365018552,0.12953347698730983,0.11299760062491797,0.1015896231601359,0.0943962127768078,0.09073763366760486,0.0901119873894085,0.09215259838482795,0.09659570439600454,0.10325603073899065,0.11200832534507067,0.12277338272034802,0.13550745259798203,0.15019421297291716,0.16683870006666454,0.18546274465928256,0.20610157876208898,0.22880135980652183,0.2536174198177264,0.2806130906458787,0.309858987717913,0.341432657091803,0.3754185059996423,0.4119079469824185,0.4509996910466286,0.4928001265246998,0.5374237177355288,0.5849933511646656,0.6356405466439446,0.689505436795217,0.7467363997556441,0.8074892080570557,0.8719255310082947,0.9402106002073707,1.0125098201082765,1.0889840816309866,1.1697835224834072,1.255039481713663,1.3448544297322944,1.4392897334863881,1.5383512567021147,1.6419730139424291,1.749999406451586,1.8621669667432847,1.9780870048053745,2.097231026425713,2.218921189393812,2.342328246724964,2.466479253057104,2.5902766620284625,2.712529281078149,2.8319939723144874,2.94742524700656,3.0576283717787645,3.1615106852223533,3.2581258020765267,3.346706320403758,3.4266823435810183,3.497685180878051,3.5595375318196214,3.6122329099018673,3.655907823735417,3.6908103128950525,3.7172679866530336,3.7356579593234285,3.7463802312718704,3.74983529004823,3.7464060922516054,3.7364441631567287,3.7202593055075006,3.6981123073055127,3.6702100411051033,3.6367024183449166,3.5976807740731482,3.553177391933504,3.5031660267656823,3.447563439493101,3.3862321273680003,3.318984615382689,3.245589874200472,3.1657826442115695,3.079276662265981,2.9857829778507465,2.8850346524930313,2.776819066233155,2.6610186708196055,2.537660157089937,2.406970469301298,2.2694358086253033,2.1258568461220624,1.9773903211064925,1.825565036482904
0.75,1.0832479842863802,0.8770834555669601,0.7025520221063334,0.5593909290553022,0.44467070487931015,0.35425124765681587,0.2838219282944961,0.22946992243818248,0.18790264759025166,0.15647156632755177,0.13310435736883078,0.11620745824785599,0.10456926202019026,0.09727601557377161,0.09364335954275865,0.09316250990951265,0.09545874366544164,0.10025968823338476,0.1073712068937131,0.11665908696837368,0.1280351354775138,0.1414466214119637,0.15686826741942927,0.17429619447362718,0.19374337301104044,0.2152362447508273,0.23881226074783315,0.2645181408116404,0.2924087029803405,0.32254614342878857,0.3549996699731316,0.3898454082563103,0.4271665101453712,0.4670533997363171,0.5096040941889055,0.554924534693475,0.6031288573221182,0.6543395243508018,0.7086872238386842,0.7663104288552997,0.827354487975781,0.891970096094732,0.9603109704157583,1.032530532758152,1.1087773795308686,1.1891893101306494,1.2738856907129552,1.3629579635026863,1.4564581848958496,1.554385603143256,1.656671482587289,1.7631626560075047,1.8736046387565493,1.9876255484447864,2.104722495197728,2.2242524605348706,2.3454298580993136,2.467332843053261,2.5889199036845283,2.7090572875767913,2.8265564540337254,2.940219205115663,3.0488867408783666,3.151487956980105,3.2470821269947843,3.3348917824996573,3.414322992052162,3.4849720276908602,3.546619193286203,3.599212016034875,3.6428408548232944,3.677710215355413,3.704108784854257,3.722380591421232,3.7328989488585496,3.736044124222131,3.732185062050483,3.7216650592311997,3.7047910086759073,3.6818256944503296,3.6529825920709755,3.6184226721406514,3.578252796140555,3.5325254107287543,3.481239379646307,3.4243419348481,3.3617318795878326,3.293264336811856,3.218757506773781,3.138002074906774,3.050774083118503,2.956852219162906,2.8560405427003044,2.7481975778104024,2.6332723529048088,2.511347228199587,2.3826860896908073,2.2477846436956574,2.1074172195301877,1.9626720675105198,1.814965379134486
0.8,1.081608135106476,0.8792262061548852,0.707214029639265,0.5654166420748153,0.45117471109388774,0.3606474150690051,0.2897787405011978,0.2348430182931799,0.19267225138826946,0.16069440190565937,0.13688031157940767,0.11965793739211017,0.10782378008609919,0.10046418602855703,0.09689027078082657,0.09658614493975072,0.09916859778106044,0.10435606935905739,0.11194491510813749,0.12179130059023058,0.13379740944133298,0.14790094885991217,0.16406718023405018,0.1822828910347144,0.20255186691999752,0.22489152982184957,0.24933048716287845,0.2759067961261758,0.30466679029810023,0.33566434787450655,0.3689605037374201,0.4046233240240393,0.4427279726670197,0.48335690568182416,0.5266001312872084,0.5725554726103641,0.6213287649314275,0.6730339112504803,0.7277927084741713,0.7857343418343483,0.8469944275509922,0.9117134638431819,0.9800345293196436,1.0521000475117,1.1280474199904147,1.2080033228630689,1.292076469176314,1.3803486718083449,1.4728641089073922,1.569616809320825,1.6705365507939873,1.7754736071948622,1.8841830918101197,1.9963100052779936,2.1113764695981354,2.2287729469937645,2.3477554114077304,2.4674503548961653,2.58686907765237,2.704931885537775,2.8205016484581136,2.9324248139916778,3.039576680180689,3.1409068096322814,3.2354801684856063,3.3225100162727292,3.401379685882044,3.4716519326806763,3.533066158255144,3.585525198364775,3.6290742809692667,3.663875129814271,3.6901780688488492,3.70829451629246,3.7185716154739317,3.721370083461889,3.717045773043787,3.7059349933625976,3.6883433325505144,3.6645375580063004,3.6347401094124834,3.59912571633077,3.5578197399519347,3.5108979373636204,3.4583874633758676,3.400269052211283,3.336480456177394,3.2669213600175326,3.1914601371523474,3.1099429637257763,3.0222059479120715,2.9280910437088075,2.8274665620709603,2.7202530074363143,2.6064546700548386,2.4861967915443217,2.359767093958568,2.2276589725695497,2.090611775025698,1.949641614469861,1.8060546604423462
0.85,1.0798439368643713,0.8811921793962767,0.7116968949215683,0.5712999132395862,0.45759387292842874,0.3670221630299453,0.29577467553969516,0.24030955115564448,0.19758322717956295,0.16510139608638177,0.14087957067609452,0.12336847992337449,0.11137354636284978,0.10398158750481362,0.10049919486388165,0.10040309782992643,0.10330113630320113,0.10890199405212506,0.11699190611616124,0.12741680927506677,0.14006869855521442,0.15487522117116767,0.17179176212833053,0.1907954518842506,0.21188066204814668,0.23505565788000138,0.2603401536231483,0.28776357452028956,0.31736387244380765,0.349186773963441,0.38328536297346066,0.41971991656903995,0.45855792400733775,0.4998742252146778,0.5437512080100708,0.5902790023948438,0.639555606147576,0.6916868687132669,0.7467862501101188,0.8049742584710069,0.8663774542160307,0.9311268913344111,0.9993558479344125,1.07119668091945,1.1467766262147192,1.2262123606158954,1.3096031499642362,1.3970224387681633,1.4885077981817711,1.5840492531362242,1.6835761656735069,1.786943067136688,1.8939151061997688,2.0041540989363282,2.117206498279669,2.2324948871345565,2.3493147635340157,2.466838336317629,2.584126702594228,2.7001510891880462,2.8138228366360343,2.9240306072571247,3.0296821186401335,3.1297467990835384,3.2232953671449245,3.309532586181924,3.38782031351842,3.457689272474425,3.5188394410777617,3.571130276169227,3.614562948198875,3.649257242884613,3.675425807429308,3.693348087532181,3.7033457634733034,3.7057608904321997,3.7009373874829485,3.689206065238073,3.6708730581044087,3.6462113293346645,3.61545482530788,3.5787948438614254,3.53637822528314,3.488307053732801,3.434639657237687,3.375392807298008,3.3105451400423105,3.2400419477488827,3.1638016207234005,3.0817241511698086,2.993702233720022,2.8996355935359235,2.7994492108202063,2.6931160412946067,2.5806845879859126,2.462311178597361,2.3382959653867097,2.2091204487314493,2.0754827829602123,1.9383254684249054,1.7988486999724986
0.9,1.0780126281805535,0.8830321974109651,0.7160429418115393,0.577074525937028,0.46395503968497726,0.3733976816519935,0.3018294149334435,0.24588833897686052,0.20265459396478608,0.16971232506705133,0.1451228288465048,0.12736057023435626,0.11524050593881482,0.10785016218203741,0.10449152629552275,0.10463363192661017,0.10787490401819438,0.11391372591423868,0.1225256478342783,0.13354583718321406,0.14685561503676361,0.16237215915767797,0.18004065635042502,0.19982835066906257,0.22172006217446788,0.2457148494865018,0.2718235643494902,0.3000671030880938,0.3304752024023518,0.36308565868276227,0.39794387334381387,0.43510264335244636,0.4746221274445854,0.5165699253831453,0.561021210643327,0.6080588565428319,0.6577734923525773,0.7102634195293833,0.7656343090806673,0.8239985894200782,0.8854744202545501,0.9501841326678699,1.0182519996669455,1.089801186703098,1.1649497206334565,1.2438053119865953,1.3264588744264239,1.4129766137573099,1.5033906149752305,1.59768794896925,1.6957984593394484,1.7975815804701596,1.902812780156032,2.011170502357872,2.1222247806844625,2.235428953923948,2.350116074985969,2.465501585438271,2.580693555193122,2.6947112158862483,2.806511659729485,2.9150235242968083,3.0191854082733807,3.1179858845534225,3.2105015100069814,3.295929316582665,3.373610920442837,3.443046479221076,3.5038980323982365,3.555983011681114,3.5992596839873094,3.6338068607922045,3.659800355755269,3.6774884690739915,3.6871683429997013,3.689164497614383,3.6838103265022584,3.6714328792979543,3.652340916461844,3.626815996312381,3.595106232404669,3.557422319459049,3.513935445668821,3.464776768824141,3.4100382185725513,3.3497744875322137,3.284006184162309,3.2127242371134774,3.1358957617531042,3.0534717206619524,2.9653968228932874,2.8716221960778867,2.7721214046375886,2.6669103361045248,2.5560712803747725,2.4397811166215515,2.3183428335522445,2.192218602322979,2.062061330297662,1.9287402068075465,1.7933545417196992
0.95,1.0761692560547065,0.8847961411231313,0.7202949632418898,0.5827759479767944,0.47028759097927,0.37979916149926524,0.3079658086440064,0.25160131762667265,0.2079082846799868,0.17454956546182152,0.14963298708381115,0.13165744774685462,0.1194478680348527,0.11209260480227856,0.10888889839088624,0.10929775169166898,0.11290772242783996,0.1194063895666568,0.12855811504133424,0.14018683245268893,0.15416278982975556,0.17039237770579568,0.18881035594139026,0.2093739438564774,0.23205835881443546,0.2568534824856439,0.28376140645105,0.3127946640745008,0.343974997418243,0.3773325393541811,0.41290531419322324,0.45073897680688285,0.49088672159468444,0.5334092996629138,0.5783750858733512,0.6258601374537434,0.6759481829597833,0.7287304747831398,0.7843054303239833,0.842777976636683,0.9042585011778739,0.968861297828006,1.0367023835822677,1.1078965487303285,1.1825534942562987,1.2607729078948056,1.3426383393160317,1.4282097611851787,1.517514753526588,1.610538331881507,1.7072115628135784,1.8073992787126625,1.9108874176033401,2.017370763614778,2.1264421273444487,2.2375842433393274,2.3501658182719076,2.4634431705376643,2.5765686937131527,2.6886069080026394,2.798558136546328,2.905388923674706,3.00806733622451,3.1056004439982834,3.197070755446756,3.2816683333724117,3.358715776003477,3.427684142539531,3.488199048048909,3.5400373200333073,3.5831155847559097,3.6174727930534907,3.6432489551432257,3.6606622708204455,3.6699865107319454,3.671530041002613,3.6656173915250747,3.652573823555812,3.6327129978576576,3.6063275949460607,3.5736825886337398,3.535010806818268,3.4905104095785306,3.440343955613343,3.384638798965459,3.3234886481841643,3.256956222686913,3.1850770517093077,3.1078645764006243,3.0253168307890252,2.937425084640084,2.844184916874285,2.745610229689307,2.6417506771369004,2.5327128216724804,2.4186849925100735,2.299965244719727,2.1769909723914975,2.050367631476259,1.920892795488755,1.7895706579374653
1.0,1.074366776307373,0.8865329694831474,0.7244961467064139,0.5884411897614976,0.476623259553248,0.3862545994907121,0.3142096677220127,0.25747331574228594,0.21336889713149343,0.17963781773476978,0.15443484974537913,0.13628378157914525,0.1240197674147879,0.11673202200588374,0.11371285303185376,0.1144148954798496,0.11841641719869678,0.1253937426163533,0.1350996133022485,0.1473463477775188,0.16199281169636262,0.17893438252133445,0.19809525483321844,0.21942257084049627,0.2428819733994612,0.2684542682038565,0.2961329514232681,0.3259224126913132,0.35783666423577765,0.3918984777718783,0.4281388336418174,0.46659660318382606,0.5073183966616794,0.5503585161806449,0.5957789565194642,0.6436493972022913,0.6940471267728745,0.7470568353869418,0.802770204746591,0.8612852153270425,0.9227050801560279,0.9871367026608375,1.0546885441820932,1.1254677760321685,1.19957658348451,1.2771074877252615,1.358137560546134,1.4427214305366096,1.5308830249598884,1.62260606526478,1.7178234429428068,1.8164057509482907,1.918149434555642,2.0227652471092483,2.1298679322046548,2.2389682719019546,2.3494687934081053,2.4606644561731157,2.5717494884618004,2.6818311635465095,2.7899506928137745,2.895110612280611,2.996307157461401,3.0925653160139297,3.1829736915130877,3.266716147352883,3.343097491850163,3.411561174782318,3.4716979549288673,3.5232455717541065,3.566080413062975,3.600202863871587,3.6257183783034654,3.6428163454136286,3.6517485910827885,3.6528089702769693,3.6463150556198984,3.632592497997294,3.6119622731808976,3.5847307583750414,3.551182406422561,3.5115746925296816,3.466134982356584,3.4150589940530516,3.3585105854218,3.296622679383683,3.2294992381056375,3.157218302743261,3.079836227014318,2.997393343445592,2.909921403343329,2.817453212949655,2.7200349296098474,2.617741454885656,2.510695228263414,2.3990884390919556,2.2832081882427904,2.1634634119424896,2.040411436885349,1.9147809545443875,1.7874871845054994
1.05,1.0726561564610335,0.8882907424426143,0.7286899995201525,0.5941086514898656,0.48299592904849514,0.3927945667759971,0.32058950984447965,0.2635317782707071,0.21906339418844972,0.18500378355958425,0.15955478296118558,0.14126531731378933,0.1289809095214704,0.12179158745332158,0.11898451782616784,0.1200036461299714,0.1244165720192924,0.13188798039115673,0.14215863957245478,0.15502895910692824,0.1703462035466602,0.1879946011865231,0.2078877286660698,0.22996267793218697,0.2541756167010603,0.2804984378689803,0.30891625983518783,0.339425591408847,0.37203301467971317,0.4067542693239742,0.4436136442235403,0.4826435985151454,0.5238845454230313,0.5673847393529333,0.6132002104014587,0.6613946911604248,0.7120394788424964,0.7652131716136634,0.8210012118448489,0.8794951610614661,0.9407916220319522,1.0049907132193274,1.0721939905282334,1.1425017021342239,1.2160092559801863,1.2928027788148437,1.372953653886462,1.456511946044817,1.5434986634356203,1.6338968701850052,1.7276417602983132,1.8246099337584358,1.9246082822620165,2.027363088653214,2.132510156046401,2.2395869830681012,2.348028150974823,2.4571651367326464,2.5662316608762112,2.674375377887971,2.780676205200458,2.8841708939703965,2.983882652778341,3.078853874004634,3.1681794348127243,3.2510377879857213,3.3267172023921576,3.3946350518885913,3.454348887964329,3.5055590034966886,3.5481031212147993,3.581944568079134,3.6071557355351374,3.6238987583912308,3.6324052163784515,3.6329563534570317,3.6258649113842067,3.6114592651684565,3.5900701851502865,3.5620202647712564,3.5276158545569496,3.487141226713028,3.4408546482985054,3.3889860487765433,3.3317360151291693,3.2692759223101264,3.20174909899518,3.129273031031709,3.0519427116240445,2.969835352027003,2.883016761702249,2.7915497815368893,2.695505191590056,2.59497549258964,2.4900918465657074,2.381044217980508,2.2681043420224842,2.1516505311582277,2.032192515935851,1.9103935644106909,1.787086193299857
1.1,1.071086476186744,0.8901166409293321,0.7329202672964487,0.5998179547458818,0.4894414047639606,0.3994519393162514,0.3271362609351303,0.2698064440740202,0.2250207604692966,0.19067580584884872,0.16502034469309992,0.14662850619011036,0.13435620959857603,0.12729420234189254,0.12472429909715847,0.12608146618927743,0.13092231379262134,0.13889957634999434,0.14974178039225008,0.16323722153780273,0.17922143350813236,0.1975674448015026,0.21817824074401418,0.24098096118179302,0.26592246033492223,0.2929659342902661,0.3220883847149955,0.3532787369027495,0.3865364685677457,0.4218706349829193,0.45929919787930124,0.49884858140711685,0.540553389523871,0.5844562262874324,0.6306075643549757,0.6790656080237603,0.7298960957796686,0.7831719838461354,0.838972946912533,0.8973846253387612,0.9584975400220178,1.0224055872565077,1.089204017041516,1.1589867904806272,1.2318432067446912,1.3078536897686206,1.3870846324228268,1.469582215209209,1.5553651522586671,1.64441637477675,1.7366737462472361,1.8320200186310625,1.9302723855873052,2.0311721633469983,2.1343753204898324,2.2394447626001743,2.345845423512888,2.452943278878755,2.5600093333445173,2.666229399353756,2.770720063595554,2.872550642052886,2.9707702174691244,3.064438139196046,3.1526557779484037,3.234596997160326,3.3095348186375606,3.3768621429273775,3.4361050728001965,3.4869282527218823,3.529132517225597,3.562645886433414,3.5875094536994565,3.6038599381803182,3.611910644316117,3.611932343241564,3.6042352488090126,3.5891528808419304,3.5670282511561675,3.5382025122081506,3.5030059913469707,3.4617513968860543,3.4147289168309136,3.3622029236045883,3.3044100340531344,3.241558340213962,3.1738277118020695,3.101371167311205,3.024317409829179,2.942774719538864,2.8568364801821016,2.766588682087053,2.6721197763597573,2.5735332345079773,2.470963069233387,2.364592363120573,2.2546744976020774,2.141556246880429,2.025701196438105,1.9077111083636482,1.7883420082497514
1.15,1.0697050205528542,0.8920569777100578,0.7372308399730942,0.6056097548100916,0.495997156494888,0.4062615930925099,0.3338829173384459,0.2763289842214927,0.23127162385493275,0.19668348099663324,0.1708598966443443,0.15240012698243693,0.1401704355291697,0.13326216997825235,0.1309515978536549,0.13266446310175117,0.1379461325205735,0.14643715954774414,0.15785364720758366,0.17197166033848804,0.18861495739626624,0.20764539595801748,0.22895546833647432,0.25246252305435457,0.2781043154977777,0.30583560434754753,0.3356255697833723,0.36745587655207157,0.40131924168521627,0.4372183947658637,0.4751653397681706,0.5151808429474406,0.5572940821036764,0.6015423996160332,0.6479711055982835,0.6966332788559217,0.7475895124185269,0.8009075475816498,0.8566617358840107,0.9149322625327925,0.9758040577913547,1.0393653152001594,1.1057055278586012,1.174912947306191,1.2470713651868848,1.3222561177961927,1.400529220405661,1.481933555286487,1.566486068682432,1.6541699821854317,1.7449260976262448,1.8386433753965328,1.935149095473794,2.034199065555205,2.1354685124401063,2.2385444634165905,2.342920566423077,2.4479953747159655,2.553075092275575,2.657381601926732,2.7600662556705693,2.8602294005730418,2.9569449867134985,3.0492889398179055,3.1363693943002353,3.2173564933551804,3.291509367409943,3.358198141785756,3.4169193687164077,3.467304031084012,3.5091180868916836,3.5422562712783185,3.5667304339348154,3.5826540041010255,3.590224240132016,3.589703778970898,3.5814027215609525,3.5656621471190064,3.542839605569443,3.513296837877087,3.4773897429587266,3.4354604546997907,3.387831308814048,3.3348004555468194,3.276638896609689,3.2135887794952325,3.145862857382259,3.073645108319183,2.997092595358375,2.9163387331686392,2.83149819990372,2.7426737880100758,2.6499655135181084,2.553482284789201,2.4533563473103004,2.3497605436090434,2.242928126218351,2.13317441065195,2.020918946579119,1.9067061499262468,1.7912215714343187
1.2,1.0685573615619175,0.8941571938301689,0.7416656408001864,0.6115255312018107,0.5027020337535565,0.41326006707789686,0.3408641741863787,0.2831326086166878,0.23784785092440222,0.20305725327704427,0.1771022081876933,0.15860691034871008,0.14644786323441922,0.13971689184689395,0.1376845544443827,0.13976718814520944,0.14549873771366162,0.1545074291434704,0.1664968471822315,0.18123079414757956,0.19852128865839264,0.21821911851019543,0.24020644453373502,0.2643910382263787,0.2907018145301631,0.31908538841759077,0.3495034393478989,0.38193071208080215,0.41635351723583636,0.4527686218988327,0.4911824409127976,0.5316104544574812,0.574076788115933,0.6186138986459833,0.6652623127486266,0.7140703677423468,0.765093902592276,0.8183958455072131,0.8740456405635908,0.9321184507957517,0.9926940692007629,1.055855462538827,1.1216868662368227,1.190271342955789,1.2616877136635218,1.3360067700390499,1.41328668298616,1.493567536856633,1.5768649462241164,1.663162755725428,1.7524048876981322,1.8444864905504108,1.9392446546809523,2.036449100646691,2.1357933992130405,2.2368874407874504,2.339252009899573,2.44231640789693,2.545420067341796,2.647818978736746,2.7486974782656395,2.847185519918102,2.942381004345409,3.0333761244247603,3.1192861095384243,3.1992783170306005,3.27259942810164,3.338598614111563,3.3967449451177485,3.4466379489585965,3.488010981844715,3.5207278076608475,3.544773385752536,3.5602402596363314,3.5673120975318064,3.5662458828921677,3.5573540441466696,3.540987515388154,3.5175203976339393,3.487336592991687,3.4508185424851163,3.4083380258815144,3.360248878557522,3.306881437559701,3.2485385336793415,3.185492884807293,3.1179858055098877,3.0462272183070835,2.9703970254821614,2.8906479701218872,2.807110175924433,2.7198976008802576,2.629116661629041,2.534877270455904,2.4373064574534515,2.336564602696358,2.232864050214312,2.1264894924262783,2.017818989683413,1.9073438451642157,1.7956848639230563
1.25,1.0676874238767513,0.8964618362778566,0.7462684949376532,0.617607355261302,0.5095959549313812,0.4204851982697336,0.34811602659151547,0.29025164935071796,0.24478212581223907,0.20982800134110996,0.18377606205418123,0.16527517460472252,0.1532119523110803,0.14667859121407062,0.1449398260821026,0.14740247138484286,0.15358895175369827,0.16311510473509044,0.17567198692212316,0.19101118674133732,0.20893309151225709,0.22927758453800237,0.25191671104127233,0.2767489241461254,0.30369459141899613,0.33269250347867635,0.36369717732661944,0.3966767885871487,0.4316115997941483,0.46849277746117884,0.5073215101472855,0.5481083541697894,0.5908727439379544,0.6356426108392105,0.6824540588023738,0.7313510465610854,0.7823850266136041,0.835614489214609,0.891104356687716,0.9489251691501496,1.0091519976607675,1.0718630151897979,1.1371376501609431,1.2050542423565167,1.2756871177415514,1.3491029987029446,1.4253566712680996,1.5044858435863144,1.586505153416808,1.6713993201145967,1.7591154923327952,1.8495549196341472,1.9425641763421964,2.0379262885226685,2.1353522549374797,2.234473599105562,2.3348367237965526,2.435899935265436,2.5370340302316454,2.637527260480197,2.736595280631931,2.8333963327912137,2.9270514421861136,3.0166688377754594,3.101371249550207,3.1803242680828507,3.252763678605545,3.3180196713144814,3.3755361024995545,3.424883499552081,3.4657651774655887,3.498016546641578,3.521598324218716,3.5365848247842164,3.5431487570126188,3.5415439930899466,3.532087646898262,3.5151425540134604,3.4911009539063578,3.460369885162068,3.4233585547887673,3.380467752309034,3.332081253258906,3.2785590896835983,3.220232546255189,3.1574007568595883,3.090328815672935,3.019247368674114,2.944353708428695,2.8658144510185988,2.783769924345582,2.6983404364474026,2.6096346136387516,2.5177599902875434,2.4228359790423424,2.3250092313605832,2.2244711887323065,2.1214773017870225,2.016366944843192,1.909582489953554,1.801685383449755
1.3,1.067137531226427,0.8990145136178032,0.7510829756526233,0.6238976349398171,0.5167195731994558,0.42797573411325873,0.35567535106632203,0.29772112960215213,0.2521075220261217,0.21702662638089903,0.1909098707549256,0.17243048077247164,0.16048504823297097,0.15416606881784123,0.15273239991537246,0.15558129349384187,0.16222363940069762,0.17226291031274835,0.18537770582430488,0.2013075233473295,0.21984129286337825,0.24080821400820931,0.26407047760956126,0.28951751246404017,0.3170614579179916,0.3466336172493504,0.3781816934904839,0.41166764779615617,0.44706605131728305,0.4843628257376778,0.5235542861917143,0.5646464141644725,0.6076542980174428,0.6526016856784177,0.6995205983474126,0.7484509562483379,0.7994401678498446,0.8525426328668064,0.9078191069687757,0.9653358726806212,1.0251636567023745,1.0873762291066664,1.152048615023249,1.2192548451127647,1.2890651682579781,1.3615426497076053,1.436739082081344,1.514690147371864,1.5954097880621945,1.6788837778539838,1.765062530619554,1.8538532531520877,1.9451116352116913,2.038633379304512,2.134145999184703,2.231301451818845,2.3296702976906762,2.4287381870123217,2.5279055166462374,2.6264910633242176,2.723740244988904,2.8188383770026673,2.9109288774525677,2.999135867848783,3.0825900743101977,3.1604564455275392,3.23196156062992,3.296418780878164,3.3532492447276256,3.4019972050316696,3.4423387962155467,3.4740839966485337,3.4971722035082444,3.5116623658217354,3.5177189636664226,3.5155952594719952,3.5056152024609104,3.488155187512504,3.4636266135193114,3.4324599083417677,3.39509042980916,3.3519464408097406,3.30343920220017,3.2499551293445266,3.191849908735484,3.129444459397517,3.0630226384896257,2.99283062211645,2.919077933352885,2.8419401342557107,2.761563242470346,2.6780699708779716,2.591567913691006,2.502159804392262,2.4099559355212126,2.3150887385554544,2.2177293517162067,2.118105732681528,2.016521488322964,1.9133741014206964,1.8091706778456047
1.35,1.0669484307406782,0.9018578275436898,0.7561522274995792,0.6304388383109076,0.5241139230876529,0.4357709284985518,0.36357947506548777,0.3055763270081033,0.2598570764570976,0.22468365082899866,0.19853131166577986,0.1800973134501646,0.16828811598810217,0.162196493702163,0.16107544290202158,0.16431269402881632,0.1714076716014524,0.18195158885964988,0.19561073528423042,0.2121127072785713,0.2312352086292951,0.2527970228882211,0.27665078420471695,0.302677217956443,0.33078057253997745,0.36088501130919964,0.39293177558529824,0.4268769648918333,0.46268980922207414,0.5003513308676448,0.539853310944998,0.581197489068602,0.6243949343782648,0.6694655329657538,0.7164375411837459,0.7653471567755813,0.8162380605667859,0.8691608808696906,0.9241725309857651,0.9813353674427517,1.0407161130856757,1.102384485116736,1.1664114640168384,1.2328671355117389,1.3018180351303936,1.3733239245118058,1.447433931901362,1.524181998135204,1.6035815862075875,1.6856196400416192,1.7702498193865948,1.8573850958075664,1.946889871801118,2.038571881891955,2.1321742491198017,2.2273681964582437,2.3237470387549166,2.420822188679341,2.518021975637308,2.614694071205543,2.710112210171646,2.803487671753346,2.8939856357955764,2.98074607230303,3.062908306451045,3.1396378980500654,3.210154071988388,3.2737557181562496,3.3298440035077057,3.377939918881424,3.417695581180723,3.4488987454323192,3.4714706446968346,3.485457864202876,3.4910193903075646,3.4884102154146492,3.4779629285693385,3.4600686123294864,3.4351581518587304,3.403684797273962,3.3661085522756062,3.3228827241282715,3.274442780226067,3.221197520173117,3.1635224861938744,3.1017554907063145,3.0361941284973626,2.9670951531343728,2.8946756254667942,2.8191157801587625,2.740563598721386,2.6591411187525487,2.5749525418090085,2.4880942166281805,2.398666556810306,2.3067878852440358,2.2126100612926276,2.116335520988385,2.0182350314621424,1.918665031183719,1.8180829298553731
1.4,1.0671592933638077,0.9050332795660934,0.7615187672475644,0.6372731985785791,0.5318200526662782,0.4439101281295087,0.37186574275619916,0.3138523402178533,0.2680633741991823,0.23282883549411634,0.20666698746496767,0.1882987926406113,0.17664050855159877,0.17078523082821262,0.1699801884539296,0.17360371467501023,0.18114392094188775,0.1921799440902633,0.2063659797279721,0.22341797264304947,0.24310268028942206,0.2652287758228232,0.28963966249543005,0.3162077021035662,0.34482960023788756,0.37542273170011736,0.40792222650276827,0.442278668730139,0.47845628690004915,0.5164315356595566,0.5561919852764639,0.5977354481225852,0.6410692808238965,0.6862098075399333,0.7331818144025206,0.78201806787521,0.8327588109936743,0.8854511913537688,0.9401485735235504,0.9969096864424848,1.0557975535173922,1.116878149755122,1.1802187266973287,1.2458857425917038,1.3139423327938293,1.3844452547578576,1.457441244391124,1.5329627276629512,1.6110228452478497,1.691609771138264,1.7746803413738892,1.8601530591415358,1.9479006099261382,2.0377421064321317,2.129435386803551,2.2226698070288027,2.3170600903895666,2.4121419086672984,2.5073699506822194,2.6021192576810126,2.6956905442873698,2.7873200540424605,2.876194207167325,2.9614688918409864,3.042292761711144,3.11783339143786,3.1873046894216204,3.249993658973271,3.3052845078688664,3.3526782681680056,3.391806491594793,3.422438169985818,3.4444796991667075,3.4579683499977842,3.4630602376720416,3.4600141282115806,3.4491725694762874,3.4309418007810035,3.405771724348142,3.3741369682459625,3.3365197868298226,3.2933952726424387,3.245219120311623,3.192418001377259,3.1353824815464586,3.074462334057878,3.009964066634123,2.9421504759704025,2.871242064338941,2.7974201900386073,2.7208318700527565,2.6415962022853723,2.5598124180412225,2.47556960299962,2.388958124104016,2.3000827548317697,2.2090773841177507,2.1161210066270915,2.021454410816106,1.9253966061034553,1.8283595858848098
1.45,1.067807689509635,0.9085811533306453,0.7672242646262675,0.6444424044735493,0.539878647027541,0.45243235641886315,0.38057108503767517,0.32258366683695044,0.2767581519223956,0.24149082186954224,0.2153421172569424,0.19705642023360898,0.18555977217650405,0.17994570579637453,0.1794558587162089,0.18345937511310778,0.19143328548940602,0.20294490548723826,0.2176366153548887,0.2352130090155687,0.25543021778102065,0.27808713990839684,0.30301829373226097,0.33008802901701517,0.35918586112168877,0.390222726003616,0.4231279861113254,0.45784704560375916,0.49433945733163115,0.5325774236439669,0.5725446087170611,0.6142351922584891,0.6576531036455809,0.7028113823029647,0.7497316148261803,0.7984434023627585,0.8489838133438532,0.9013967770354739,0.9557323727229974,1.0120459678079057,1.0703971558360899,1.130848442680509,1.1934636260265776,1.2583058103321396,1.3254349971013277,1.3949051893999842,1.4667609511217887,1.5410333670165999,1.617735360743098,1.6968563474382317,1.7783562270767297,1.862158767953264,1.9481444884936958,2.036143222057891,2.125926643590227,2.2172011463402734,2.3096015748472825,2.4026864351621864,2.4959352970868096,2.5887491525707977,2.6804544721951804,2.770311581419775,2.8575277408311957,2.941274956352422,3.020712085852371,3.09501029497921,3.1633804198428335,3.2251004045765557,3.2795407813190067,3.3261862067757106,3.364651377314983,3.394690175629519,3.416197572855503,3.4292045111247966,3.4338666136556912,3.4304480285026813,3.419301964211595,3.400849520266049,3.375558286621014,3.343921939242205,3.306441751588286,3.26361062729816,3.2158999749340804,3.163749513878525,3.107559930185486,3.0476881912317793,2.9844452712862877,2.9180960267049647,2.848860978810882,2.77691980454025,2.702416390283383,2.6254653641354118,2.5461600769168107,2.4645820427573595,2.3808118639331246,2.294941637984143,2.2070887620192754,2.117410893447899,2.0261215857528247,1.9335057903089616,1.839934018661081
1.5,1.0689295401898251,0.9125403742938997,0.7733093061374966,0.6519872808454491,0.548329649290765,0.4613759021448632,0.38973160147264413,0.33180380021763867,0.2859719264747516,0.25069680506365444,0.2245802623172313,0.20638986343641555,0.1950614891774476,0.189689305878247,0.1895096204375689,0.19388267851003538,0.20227473738397647,0.2142416126574435,0.22941420255103936,0.24748609420863438,0.26820314524129074,0.29135483656279093,0.3167671606008004,0.3442968119219857,0.37382646704333666,0.40526096632605246,0.43852423772901133,0.4735568270265423,0.5103139206786935,0.5487637655762032,0.5888864045142487,0.6306726578291442,0.6741232905750477,0.7192483113289425,0.7660663535527079,0.8146040937139536,0.8648956623167217,0.9169820048112078,0.9709101491908882,1.026732336075516,1.0845049653477765,1.1442873111141323,1.206139954109183,1.2701228779691596,1.3362931735213346,1.4047022940306753,1.4753928051320637,1.548394577196357,1.6237203767437713,1.7013608292378724,1.7812787505464796,1.8634028811723513,1.9476211086614827,2.033773331554642,2.121644203858029,2.210956101122604,2.30136276331762,2.39244418655223,2.4837034403501,2.574566158489737,2.6643834631795795,2.752439006405316,2.8379606242645163,2.9201367872063364,2.9981375988725265,3.0711395835077595,3.1383529704921562,3.1990497207939463,3.2525902372650974,3.298446636472689,3.3362206736154514,3.365654889739714,3.386636222633851,3.3991920798007467,3.403479590302016,3.3997693242326026,3.3884251249347734,3.36988181921795,3.344622478885429,3.3131566574619233,3.2760006865808817,3.2336607512428843,3.186619122601674,3.135323643564625,3.0801803514943327,3.0215489852110307,2.959741052882722,2.895020121099667,2.8276040097852735,2.7576686293378,2.685353263537878,2.6107671736115434,2.5339974655219235,2.455118214194698,2.3742008642407186,2.2913259146411784,2.2065958311591336,2.120149000976132,2.0321743379300106,1.9429258605580384,1.8527362119185615
1.55,1.0705590449247369,0.9169483496159427,0.7798131461694843,0.659947464937851,0.5572118856171685,0.47077791991996104,0.3993821611912643,0.34154485160338915,0.2957336541905905,0.2604722414617743,0.234403089020791,0.2163167761420301,0.20515915772832838,0.2000253156145126,0.20014657169005223,0.20487464319280352,0.21366539233790025,0.22606351504628341,0.24168880813220311,0.26022423161409863,0.2814057465225825,0.3050137889660739,0.33086619112021776,0.35881234887196806,0.38872844531289125,0.4205135579963821,0.45408649952451224,0.48938326223513445,0.5263549568894355,0.5649661516831225,0.6051935315309114,0.6470248085841579,0.690457823628709,0.7354997846938216,0.7821665941827852,0.8304822193703213,0.8804780634118966,0.9321922952420051,0.9856690970323919,1.0409577873450677,1.0981117768528548,1.1571873116355968,1.218241956764623,1.281332770416516,1.3465141164900931,1.413835062193528,1.4833363071090098,1.5550465929094202,1.6289785496229698,1.705123946935681,1.7834483397007614,1.8638851281315025,1.9463290977847152,2.030629564890301,2.1165833305606823,2.2039277429801354,2.2923342770719874,2.381403159426439,2.470659679956702,2.5595529219077338,2.647457683304684,2.7336803263929053,2.817469148323629,2.8980295955026216,2.974544242247731,3.0461969448091937,3.1122000193709924,3.1718227618803922,3.2244192298596728,3.269453037826472,3.3065170426144945,3.335346222144695,3.355822726512674,3.367972894359646,3.3719568424108672,3.3680519195140475,3.3566317729284822,3.338142963069893,3.3130809979748537,3.2819673970022514,3.245329012493716,3.203680416614568,3.157509762428514,3.107268195949197,3.053362650088784,2.996151694849789,2.9359440415154436,2.872999286364334,2.8075305139937092,2.7397084449581204,2.6696668925711164,2.597509377225719,2.5233168231867493,2.4471563231763374,2.369090990841342,2.2891909201055434,2.2075452220492924,2.124275002438662,2.039546966261348,1.9535870857215316,1.8666934541410287
1.6,1.0727285887729412,0.9218407921081778,0.7867734504191535,0.6683610842519996,0.5665627007162028,0.48067404909215355,0.40955602902576926,0.3518372030496603,0.30607042512069516,0.2708405939013337,0.2448301702270828,0.22685265806097654,0.21586410722166327,0.21096088449194159,0.21136975620068532,0.2164343568101063,0.22560059616843614,0.23840248319771618,0.25444913386637696,0.2734132889778353,0.29502140785634723,0.31904526301701025,0.34529489311830336,0.3736127467988031,0.4038688491819759,0.4359568340906204,0.4697907013725259,0.5053021762745172,0.5424385644499079,0.5811610109846391,0.6214430844479646,0.6632696174192025,0.7066357433803054,0.751546076524219,0.798013986146316,0.846060921072417,0.8957157422085682,0.9470140229142505,0.9999972776099699,1.0547120789192639,1.1112090227956954,1.1695414995934341,1.229764227041075,1.2919314987782946,1.3560950998276298,1.4223018385665225,1.4905906441119414,1.560989179472341,1.6335099256293284,1.708145701538331,1.7848646019537167,1.8636043614549254,1.9442661918249555,2.026708193780393,2.110738515282965,2.1961085183592703,2.2825063232743408,2.3695512180693425,2.4567895426142847,2.5436927625291306,2.629658515506135,2.7140154106159367,2.796032257714427,2.874932171359701,2.9499116184768575,3.0201639736471124,3.0849065567571214,3.1434095370178428,3.195024603547817,3.239211038846989,3.2755568749563775,3.303793195150531,3.3238003263560385,3.3356055397705244,3.3393727863793363,3.3353857830543827,3.324026311870664,3.3057498399673673,3.2810605167489046,3.250487320358236,3.214562696332833,3.17380455176653,3.12870201561751,3.079705001430656,3.0272173370056485,2.9715930586073256,2.913135392633741,2.852097945257469,2.7886876686805193,2.723069251284895,2.655370671483621,2.585689748424424,2.51410160670842,2.4406670385664806,2.3654417876406075,2.288486785324545,2.209879334208081,2.1297251435848934,2.048170970331619,1.9654174004495841,1.8817310281027788
1.65,1.0754686317388564,0.9272515328602767,0.7942260371461052,0.6772644420577306,0.5764176100708526,0.4910980570605107,0.4202845221825591,0.3627091953796113,0.3170071951348799,0.28182311588254727,0.25587882523232464,0.23801075044749245,0.22718544695703596,0.22250102366927463,0.22318020175064757,0.22855904919790868,0.23807402458633953,0.25124892799476795,0.2676826480797621,0.28703813588979454,0.3090327554904046,0.3334300001964694,0.3600324782328518,0.38867603337366313,0.4192248550451885,0.4515674361465456,0.48561324787172344,0.5212900146503991,0.5585414864711311,0.5973256190198708,0.637613083681402,0.6793860393363234,0.7226371060792525,0.7673684876212234,0.8135911943888711,0.8613243233583734,0.9105943536040897,0.9614344185128123,1.0138835167003921,1.0679856239356478,1.1237886678879596,1.1813433263418158,1.2407016077679625,1.3019151709703962,1.3650333381981858,1.4301007540127837,1.4971546409129246,1.566221603063638,1.6373139325888217,1.7104253802828235,1.7855263662230771,1.8625586280207487,1.941429338119951,2.022004769643673,2.104103655595372,2.1874904707041987,2.2718689688902964,2.3568764289367685,2.442079188148547,2.5269701634417263,2.61096914839786,2.6934267026803376,2.773632381455452,2.8508278533804443,2.924225104439779,2.9930294239646615,3.0564662570967855,3.1138103646445083,3.1644151715422586,3.207739837519256,3.243371557070925,3.27104094362592,3.290629047189137,3.3021654849966913,3.305818162252624,3.301875943198066,3.2907262551956187,3.272829893354269,3.2486952430776923,3.2188538206471518,3.183838551610773,3.1441656721322575,3.100320639061099,3.0527480284442126,3.001845115266197,2.9479586591469635,2.891384354637032,2.8323684159855373,2.771110829136542,2.707769895551658,2.6424677952533315,2.575296996923938,2.50632743141752,2.4356144144438048,2.363207348210624,2.28915924396386,2.2135370802213927,2.1364329368177066,2.0579757148678937,1.9783430629233048,1.897772883390161
1.7,1.078807584591258,0.9332123277318126,0.8022046220410389,0.6866917165058599,0.5868099746323965,0.502081512181954,0.43159670171165443,0.3741868542493901,0.32856655763339493,0.2934386751882697,0.2675639973933793,0.24980196644071553,0.23913004534001364,0.23464862836571762,0.2355769789584858,0.24124418021589394,0.2510777926676767,0.264591924633252,0.28137571754170515,0.3010827776998287,0.32342178655691095,0.348148341140875,0.37505797476096403,0.4039802564730105,0.434773846567705,0.46732238162598533,0.501531068364296,0.5373238756026094,0.574641225317977,0.613438095277923,0.6536824563554279,0.6953539769526338,0.7384429349084971,0.7829492838766409,0.8288818265327458,0.8762574512195949,0.9251003918668781,0.9754414733173095,1.0273173056150777,1.0807693914160057,1.1358431105038407,1.1925865444947628,1.2510491032598794,1.3112799125210013,1.373325919686903,1.4372296726236091,1.503026724189032,1.5707426147336987,1.6403893863971695,1.7119615883110306,1.7854317425975388,1.8607452596668708,1.9378148205873207,2.0165142874110225,2.0966722625039136,2.178065497813289,2.2604124557247625,2.343367442847417,2.42651587002747,2.5093713225706544,2.5913752319547054,2.671899993194585,2.7502563326211966,2.825705560390463,2.897477011278183,2.964790480379328,3.0268828289645064,3.0830372479585955,3.132613042877304,3.1750733870416985,3.2100084074856166,3.2371512913899734,3.256385812190976,3.2677446598354556,3.2713990346312434,3.2676409244232634,3.256860162823929,3.239518672676009,3.216124235794184,3.1872057744621474,3.153291600425008,3.1148915056777704,3.0724830351099737,3.026501855989243,2.977335848201932,2.9253223780578335,2.8707481655934393,2.813851181657439,2.754824087784278,2.693818834489249,2.6309521435868177,2.5663117044922896,2.499963004614668,2.431956784010107,2.3623371497104952,2.2911504007046997,2.2184545946455856,2.144329825214502,2.06888906788253,1.9922892869878472,1.9147422801374359
1.75,1.0827716757120394,0.9397526632151637,0.8107405724947427,0.6966746789581106,0.5977707030742843,0.5136534905252902,0.44351910194434047,0.38629365624363565,0.3407685554825472,0.30570361628051096,0.27989816769581,0.26223485341896735,0.2517025363719749,0.24740452233872276,0.24855727676778333,0.25448353898353443,0.2646025707180349,0.2784193384439978,0.2955137372307968,0.31553048398843203,0.33816999183285623,0.36318033909887404,0.39035032899963307,0.4195035713086207,0.45049348615180784,0.4831991188260167,0.5175216548824607,0.5533815310874091,0.5907160469735524,0.6294773915819396,0.6696310095905322,0.7111542397883506,0.7540351665531524,0.7982716315677478,0.8438703584939368,0.8908461477764515,0.9392211022400692,0.9890238467294055,1.0402887067668813,1.0930548121016161,1.1473650911172606,1.2032651213927892,1.2608018003219843,1.3200217976924078,1.3809697496712223,1.4436861510178094,1.5082048999697606,1.5745504487704567,1.6427345131507844,1.7127522975427443,1.7845782011457159,1.8581609854747336,1.933418409539116,2.0102313776554372,2.0884377006444574,2.1678256470388595,2.2481275589279237,2.329013926486244,2.410088450735598,2.4908847634089444,2.5708655946280716,2.649425252147976,2.7258962603019965,2.7995608596263706,2.8696677541351074,2.9354539996881712,2.9961712802174785,3.05111509558658,3.099654711405196,3.141261251537033,3.17553119197874,3.2022028253904495,3.2211639970782917,3.232450446736264,3.236235226328647,3.232810679478198,3.22256517798564,3.205957120276513,3.183488609826469,3.155680836734129,3.123052613856248,3.086102903447763,3.0452976157673346,3.0010605303132296,2.9537679051778967,2.90374619180871,2.8512722349641177,2.7965753783375327,2.7398409842478104,2.6812149857216694,2.620809202867198,2.558707260545032,2.494971033552994,2.429647614288318,2.3627768427731994,2.2943994565367034,2.2245659037072345,2.1533458112370747,2.0808380054819438,2.0071808398275377,1.9325623937328973
1.8,1.0873848139705105,0.9468995672543901,0.8198626768189886,0.7072424366120815,0.6093279858944145,0.5258403197404451,0.4560754999872503,0.39905033584044514,0.3536305327943238,0.31863165999629556,0.29289130188636714,0.2753155843241159,0.26490534997929427,0.26076752083659654,0.26211649107996626,0.2682693511903641,0.2786377035718475,0.2927179500639612,0.3100812559885608,0.33036391011803257,0.353258469422837,0.37850586276891407,0.40588849499269886,0.4352243154950967,0.46636177431136805,0.49917557004089413,0.5335630889964192,0.5694414375603176,0.6067449762978236,0.6454232726085594,0.6854393972747438,0.7267684984574819,0.7693965941333976,0.8133195304951074,0.8585420594171653,0.9050769927255151,0.9529443947340586,1.0021707773582964,1.0527882641074435,1.1048336904089555,1.1583476080455122,1.2133731610018577,1.2699547987636155,1.328136791155302,1.3879615062849917,1.4494674103090663,1.5126867449140269,1.577642836206494,1.64434698795722,1.712794914077742,1.7829626715042566,1.8548020675670451,1.9282355382949583,2.0031505293817484,2.0793934635359927,2.1567634503441706,2.235005990271984,2.313807043224163,2.392787969897272,2.4715019997447585,2.549433012065876,2.625997504997934,2.700550629645595,2.7723970372049314,2.840806985862346,2.905037663787832,2.964359027342834,3.0180827062009,3.0655918198781027,3.106369046830887,3.1400201428249543,3.166290413811388,3.1850724004799815,3.196404101583581,3.2004582386327423,3.1975241078348056,3.1879842831116294,3.1722887289960893,3.1509287657292377,3.1244128992433975,3.0932459273419877,3.0579120999461855,3.0188625522579513,2.976506805651556,2.9312078597365794,2.883280267124505,2.8329905600432994,2.780559450313819,2.726165319527918,2.669948629496117,2.6120169966430096,2.5524507770442453,2.491309095001333,2.428636314060773,2.364468992967977,2.2988433878147525,2.2318035522329707,2.163410045345282,2.0937491770479775,2.022942597576112,1.9511568720891408
1.85,1.0926684527733956,0.9546774304510081,0.8295969335266057,0.718421203800739,0.6215070647624669,0.5386653623031724,0.469286726327132,0.41247473310885013,0.36716702532022566,0.3322338383900898,0.30655082831370006,0.28904797463929977,0.2787387626461385,0.2747345084911135,0.27624832318309345,0.2825923914594703,0.293171330732568,0.3074735778458246,0.32506209645518064,0.3455652107556432,0.36866802872040316,0.3941046882931255,0.421651512822705,0.4511210724960551,0.48235709763691625,0.5152301638399146,0.549634058556865,0.5854827376312021,0.622707784287784,0.6612562896488676,0.7010890813924159,0.7421792347793079,0.7845108074448088,0.8280777458182552,0.8728829166870983,0.9189372222164871,0.9662587606675457,1.0148719981318373,1.0648069188217035,1.1160981228280442,1.1687838407788265,1.2229048345083693,1.278503151700279,1.3356207005488134,1.3942976079025224,1.4545703213053005,1.5164694121603222,1.5800170344299467,1.6452239916372349,1.7120863656048826,1.780581664981584,1.8506644623719921,1.9222615086701187,1.9952663455149464,2.0695334856391128,2.1448723002920236,2.2210408460610407,2.297739981163157,2.374608260123001,2.451218245175304,2.5270750125284094,2.601617730138722,2.674225198453594,2.744226128575652,2.8109146406717533,2.8735709784488206,2.9314867738185053,2.9839934364264167,3.0304915195315747,3.0704783964668514,3.1035714319034327,3.129524146939536,3.1482336453303406,3.1597386576601028,3.1642087492116597,3.1619262804751407,3.153263411520756,3.1386567093033406,3.1185817701557044,3.093529815241798,3.063987601924356,3.0304213602053265,2.9932649149695174,2.9529117479178577,2.9097105007563906,2.8639633063806107,2.815926325226284,2.765811924082102,2.71379203300733,2.6600023285102847,2.6045470015597987,2.547503967599332,2.488930457417854,2.4288689900967446,2.36735377092908,2.30441757662751,2.240099184754947,2.1744513703463024,2.107549425480958,2.0395000527378846,1.9704503390756738
1.9,1.098641460377182,0.9631078427241611,0.8399663651611577,0.7302341055330812,0.6343300395699973,0.5521488394100683,0.4831705166487043,0.4265816811534118,0.3813896875362387,0.34651846206242615,0.3208816433087089,0.3034335215779662,0.29320096485508995,0.2893005287900949,0.2909448849026028,0.29744209808377375,0.3081905051330931,0.32267119577459136,0.3404394680434858,0.36111614458566765,0.3843792842873843,0.4099565804147996,0.43761857576466223,0.467172724016121,0.49845826611077393,0.5313418573590339,0.5657138653194886,0.6014852536259931,0.6385849683839709,0.6769577486358682,0.7165622888915509,0.7573696887290448,0.7993621313485297,0.8425317393472795,0.8868795616856696,0.9324146507413371,0.9791531924573851,1.0271176558610036,1.0763359306487548,1.1268404230928386,1.1786670812088136,1.2318543199345382,1.286441816011706,1.342469140372858,1.3999741932053245,1.4589914036566123,1.5195496526550025,1.5816698740200534,1.6453622866694015,1.7106232103922467,1.7774314209356792,1.8457440092124089,1.9154917271491951,1.9865738326159756,2.0588524921190796,2.132146866740748,2.206227097650075,2.280808523690462,2.3555466020378684,2.4300331536715523,2.5037946985127593,2.5762937488978697,2.6469339516750274,2.715069859597534,2.7800218277940596,2.841096049120786,2.897609083517761,2.948915478951373,2.994436361088755,3.0336863572725643,3.066296079616414,3.092027717612954,3.1107820663901316,3.1225964044610826,3.127633808731863,3.1261655097631587,3.118548557014562,3.1052012969964116,3.086578995119015,3.0631514668598165,3.035383973816481,3.003722023418848,2.9685801864250303,2.9303346643554473,2.889319108233238,2.8458230908436146,2.8000926342611656,2.752332257688308,2.7027081075947903,2.65135184027681,2.59836503148657,2.5438239802186615,2.4877848499249477,2.4302891486790044,2.3713695893518056,2.3110563906869497,2.2493840783207415,2.186398818100881,2.122166258363567,2.0567797689113667,1.9903688397487653
1.95,1.1053200012828548,0.9722094499515699,0.8509908604192495,0.7427010159604286,0.6478157146985573,0.5663076958709294,0.4977414041231133,0.4413829316126615,0.39630725396011945,0.3614911169655528,0.3358861407708777,0.3184714620430974,0.30828814197934357,0.3044588820154738,0.30619680771756563,0.3128066878121697,0.3236813086650333,0.33829504551751605,0.35619607203634895,0.37699816971965067,0.40037273953041896,0.42604136299540096,0.4537690867564276,0.48335849199541603,0.5146445405775224,0.5474901495117672,0.5817824244147151,0.6174294740396091,0.6543577267991207,0.6925096733812669,0.7318419649808667,0.772323803053912,0.8139355630639842,0.8566676009653741,0.900519196893092,0.945497595560004,0.991617107116622,1.038898235664388,1.087366805199458,1.1370530544781663,1.1879906731187357,1.2402157511735525,1.293765613422835,1.3486775077798736,1.4049871145318695,1.4627268398157185,1.521923853010167,1.5825978240584497,1.6447583138210513,1.7084017694590896,1.773508079106247,1.8400366478444814,1.9079219731003698,1.977068725593046,2.0473463860446457,2.1185835523277796,2.190562120194486,2.263011654682892,2.3356044059201775,2.4079515725110308,2.479601558341437,2.5500410729587215,2.6186999490203657,2.6849604438820345,2.7481715127131765,2.807668066649058,2.862794582882504,2.9129316929644604,2.95752367658905,2.9961043000949052,3.028318318693903,3.0539362975283453,3.07286117623751,3.085126063288188,3.0908838765850497,3.0903904092917007,3.083983016362179,3.07205731417939,3.055044098020276,3.033388222946775,3.0075306067575394,2.9778939293902997,2.9448721126563138,2.9088233118225335,2.8700659413710454,2.8288771707709275,2.785493330266714,2.740111728482619,2.692893475118586,2.643967002662011,2.59343207761592,2.541364176832854,2.487819174697536,2.4328383408953003,2.376453685910698,2.3186937115579838,2.259589625197824,2.199182056123349,2.1375282671767115,2.0747097799486984,2.0108402249712958
2.0,1.1127174330881497,0.9819978344361883,0.8626870474738383,0.7558384335440156,0.6619794851118711,0.581155505502281,0.5130106507021126,0.4568871159548621,0.4119255318574693,0.37715468747229736,0.35156426258869417,0.3341588460193798,0.323994565485546,0.32020122882621216,0.32199335342657526,0.3286732687213563,0.33962896297863077,0.35432874156292243,0.3723141981848912,0.39319252955689665,0.41662886025211326,0.44233897923587634,0.4700827047420218,0.4996579709216109,0.5308956511955015,0.5636550860131371,0.597820256588105,0.6332965338069309,0.6700079277728959,0.7078947648838863,0.7469117236637984,0.7870261662978892,0.8282167090390529,0.8704719807885911,0.913789524873606,0.958174804145714,1.003640273896655,1.0502044906560468,1.0978912276595487,1.1467285696189564,1.1967479603630733,1.2479831769310221,1.3004692027821745,1.354240970957331,1.4093319453452768,1.4657725048100894,1.5235880910647523,1.5827970772570292,1.643408310940191,1.7054182834667606,1.7688078793770174,1.833538666165042,1.899548699703527,1.9667478471271964,2.0350126712307492,2.1041809827094866,2.1740462524409367,2.244352186909981,2.314787902988049,2.384984283812173,2.454512235990827,2.522883668799217,2.58955603668812,2.653941180157382,2.7154189255683026,2.773355443397991,2.8271257402588716,2.876138951561876,2.91986444149808,2.9578562671322786,2.9897734702774144,3.0153940021664587,3.03462083205632,3.0474798010362503,3.054109842670356,3.0547470818967675,3.049704881549085,3.0393520701974555,3.0240913948142394,3.004339806050563,2.9805116367638957,2.9530051954055465,2.9221928466994074,2.8884143313267128,2.8519728869871988,2.8131336554614554,2.7721238644811574,2.729134329192889,2.6843219005457684,2.6378125786676945,2.589705096446513,2.5400748555665333,2.488978161182789,2.436456751237901,2.3825426518423316,2.327263410642361,2.2706477643865925,2.212731782596899,2.153565492990852,2.093219932261588,2.0317944748085415
2.05,1.12084422258201,0.9924854222631768,0.875068200528209,0.7696593938029868,0.6768332620322625,0.5967024157865884,0.5289862153609078,0.47309973989279397,0.42824742224763945,0.3935094024156047,0.3679135665890716,0.35049062224482186,0.3403126915752974,0.3365176969880373,0.33832252429481247,0.34502794955698,0.3560179343839847,0.3707553686994523,0.3887758124389188,0.40968032905727153,0.4331281383138264,0.4588295420602791,0.48653938151469894,0.5160511512071484,0.5471918076951177,0.5798172570840269,0.6138084740898269,0.6490681892567046,0.6855180745850716,0.7230963574958378,0.7617557962401965,0.8014619549058133,0.8421917220074888,0.8839320226145368,0.9266786796460169,0.9704353851080082,1.0152127465026402,1.0610273773130448,1.107901003301115,1.1558595583031892,1.2049322442406958,1.2551505301555808,1.3065470642245711,1.3591544709156174,1.4130040027790984,1.4681240129397977,1.52453821040912,1.5822636562775108,1.6413084553324835,1.7016690956878582,1.7633273900840611,1.8262469786966453,1.890369367323646,1.9556095001629088,2.0218509070385933,2.0889405250093156,2.156683377163361,2.2248373982798517,2.293108824871128,2.3611487060823215,2.428551222810981,2.4948545951332095,2.5595453727666775,2.6220667955906656,2.6818316436677083,2.738239554188368,2.7906981920737373,2.838646999222587,2.8815816406203867,2.919076863980311,2.9508054248834044,2.9765510662976373,2.9962142447407967,3.009810230193189,3.017460175663679,3.019376555996252,3.015844872427426,3.007203659024182,2.9938246488065547,2.9760945611919634,2.9543994789397914,2.9291122982223365,2.9005833317704104,2.8691338558884105,2.8350522197554824,2.798592062264652,2.7599721815575045,2.719377648895724,2.6769618293788398,2.6328490510635336,2.5871377408178606,2.539903913885743,2.4912049618893644,2.4410837298602543,2.3895729065190947,2.3366997729250256,2.282491361613984,2.2269800693225377,2.170209738298462,2.112242170427674,2.053163961655452
2.1,1.1297078841669914,1.0036814197736368,0.8881441807466891,0.7841734196700972,0.6923854372016154,0.6129551299372932,0.545672756770706,0.49002320794997484,0.4452729659982757,0.4105529008331623,0.3849293088604585,0.36745973325030173,0.35723326469624195,0.353396989086671,0.3551711709551399,0.3618559442554088,0.372832031983313,0.3875575713476548,0.405562635657106,0.42644260155733227,0.44985114577153135,0.4754933752018731,0.5031193897307613,0.5325184343907283,0.5635137022542347,0.5959577886664705,0.6297287610390162,0.6647267885501325,0.7008712670907286,0.7380983726623441,0.7763589784388757,0.8156168750159785,0.8558472387910303,0.8970352991714272,0.9391751609131612,0.9822687430421431,1.026324800320016,1.0713579969672429,1.11738800527354,1.1644386037580912,1.2125367506525782,1.2617116086438378,1.311993496018565,1.3634127376121157,1.4159983863293928,1.4697767825988033,1.5247699151707281,1.580993542579026,1.6384550309935602,1.6971508620943057,1.757063765441091,1.8181594356145645,1.8803828078318638,1.9436538901126996,2.0078631891893863,2.072866825056851,2.1384815083650786,2.2044796565732927,2.2705850455435677,2.3364695231383648,2.401751431687381,2.4659964682365105,2.5287217180738626,2.5894034879424535,2.6474893080392095,2.702414056286248,2.7536196121043743,2.8005768444109367,2.8428081959660494,2.879908777965606,2.911563848791592,2.9375608704994636,2.9577949781570942,2.9722675365047486,2.9810783201115223,2.984412563912627,2.98252456964389,2.975719678830205,2.964336270400273,2.948729097908266,2.9292548518853354,2.9062604086428943,2.880073870308496,2.8509982417650708,2.819307431435357,2.7852441903649505,2.749019596049167,2.71081372153309,2.6707771874858945,2.6290333611145043,2.5856810316514838,2.540797452321281,2.4944416904382747,2.446658269458185,2.397481118859786,2.3469378690809064,2.29505453823726,2.2418606530772354,2.187394825789514,2.131710767510961,2.0748836553618872
2.15,1.1393129429268005,1.0155917805251398,0.9019214118544001,0.7993865087012222,0.7086408840683573,0.6299169240048662,0.563071667545284,0.5076568750409207,0.4629994117802457,0.4282803142634461,0.40260453750601366,0.3850572171361364,0.37474542367367303,0.370826489394603,0.3725250966615607,0.3791416706588471,0.3900544984301667,0.40471763448020825,0.42265621332420306,0.4434603663963074,0.46677857993967903,0.4923110455873852,0.5198033427876702,0.5490406409171618,0.5798425057739084,0.6120583279368181,0.6455633490337974,0.6802552383441364,0.716051160476812,0.7528852708884093,0.7907065767863337,0.8294771045004812,0.8691703193644089,0.9097697496526268,0.9512677716131943,0.9936645177589678,1.0369668751134613,1.0811875439079675,1.1263441302057575,1.1724582480274486,1.2195546077285584,1.2676600676093004,1.31680262500686,1.3670103214444191,1.4183100338424839,1.4707261204575008,1.5242788863302827,1.5789828289979828,1.634844621685671,1.6918607891186044,1.750015031894478,1.8092751609746582,1.869589616845543,1.9308835713957868,1.9930546480733944,2.055968350882946,2.119453367800282,2.183297009524825,2.2472411564140264,2.3109792050551397,2.3741546133085283,2.4363617121517747,2.497149450615266,2.5560286313633096,2.612482952174908,2.6659837871824057,2.7160081496934008,2.7620587446100746,2.8036845460521893,2.8405000406335046,2.8722012537864563,2.8985769648606485,2.919514079582031,2.934996857503399,2.945100437912808,2.9499797245497956,2.9498550761458393,2.94499637124788,2.935706900775017,2.92230826177441,2.905127066998948,2.8844839239592046,2.8606848274715957,2.834014878397011,2.8047340929808127,2.7730749921091298,2.739241641053776,2.703409829855153,2.6657281266048147,2.626319588451702,2.585283969881462,2.5427003195905074,2.498629903255688,2.4531194282344138,2.406204576897059,2.357913877112157,2.308272950210347,2.2573091767315043,2.2050568058620144,2.151562502557338,2.0968912736613112
2.2,1.1496609238563253,1.0282192032698192,0.916402889902891,0.815301155693221,0.7256009936927443,0.6475876962718852,0.5811811369842457,0.5259971218620337,0.4814213027237143,0.44668436261630784,0.4209301951376121,0.4032723137569494,0.39283680853672487,0.388792368383029,0.39036915679590756,0.39686884270767114,0.40766809294359174,0.4222175560563532,0.4400379764484998,0.46071467772293095,0.4838912999045437,0.5092633876483683,0.5365722072651693,0.5655990112321485,0.5961598583027838,0.6281010238564173,0.6612949887227502,0.6956369673608745,0.7310419218813766,0.7674420025312305,0.8047843547694207,0.843029235774447,0.8821483876750553,0.9221236200091537,0.962945559258306,1.0046125283688168,1.0471295236964255,1.0905072606366122,1.134761262222835,1.179910967123789,1.2259788347043354,1.2729894251062834,1.3209684316453285,1.3699416412246195,1.4199337959904343,1.4709673262257486,1.5230609207253742,1.576227897016874,1.6304743304138802,1.6857968989621517,1.7421804022259642,1.799594917421464,1.8579925690308727,1.917303910613704,1.977433953234954,2.0382579267376317,2.0996169299823735,2.161313713919594,2.2231089428757214,2.284718385044288,2.345811576153134,2.4060125566022372,2.464903272674135,2.5220301272128687,2.5769139434659443,2.629063266000144,2.677990492420189,2.7232298700379594,2.7643559904790473,2.8010011682865157,2.8328700731321743,2.8597502288450745,2.8815174638901873,2.8981360080890397,2.9096535580269807,2.916192160525963,2.917936106435375,2.9151181544690568,2.90800533616612,2.896885382424513,2.8820545270366296,2.8638071454305445,2.842427422707594,2.818183039104582,2.7913207204728274,2.7620634211943504,2.7306088755154203,2.697129256978264,2.6617717118714905,2.6246595712183254,2.585894089360897,2.54555660072477,2.5037110267890403,2.4604067008092474,2.415681507256951,2.369565355222272,2.3220840189228746,2.273263382237216,2.2231341154794926,2.1717367885494387,2.119127381979011
2.25,1.1607503679755893,1.0415631606886502,0.9315882259831347,0.831916408674862,0.7432637427254398,0.6659640459096162,0.5999962391166652,0.5450374509105895,0.5005305787524638,0.4657554608642484,0.43989522770158007,0.42209257329573635,0.4114936664284962,0.407279683672672,0.4086873528037517,0.4150205556330144,0.42565516640362994,0.44003911105235494,0.45768929392808294,0.47818666493158984,0.5011703550523919,0.5263315202038311,0.5534073086199104,0.5821752009020629,0.6124478543187231,0.6440685034510566,0.6769069180008006,0.7108558874916167,0.7458281854661062,0.781753957972232,0.8185784793130573,0.8562602198691666,0.89476917469578,0.9340854064733148,0.9741977615427145,1.0151027227254836,1.056803367118552,1.0993084008793612,1.1426312460592687,1.1867891567293614,1.2318023429254803,1.2776930812923457,1.3244847907232689,1.3722010497917936,1.420864530416607,1.4704958191212207,1.5211120936815576,1.5727256192923873,1.6253420252464743,1.6789583214282047,1.7335606149757221,1.7891214930049961,1.8455970495192262,1.9029235561389561,1.9610138098322127,2.019753238850635,2.078995911979052,2.1385606752246877,2.198227729940008,2.2577360579081627,2.316782177038928,2.375020755168509,2.4320675944618313,2.4875054014564215,2.540892562392446,2.5917748513711225,2.639699635188666,2.6842317545761003,2.7249699281532083,2.761562318525582,2.7937198790421256,2.821226287683098,2.843943646919068,2.8618136173419058,2.8748541654573736,2.8831525499836497,2.886855478466034,2.8861575070649197,2.881288739369334,2.8725027414645536,2.8600653796686992,2.844245052715199,2.8253045696170447,2.803494741705107,2.7790496225760895,2.7521832428440924,2.7230876412970852,2.691931981147927,2.658862550055571,2.624003467114415,2.5874579524305146,2.549310050349529,2.509626732498867,2.468460339280342,2.42585134669894,2.381831468116039,2.3364271162912655,2.289663258223021,2.241567691626207,2.192175754706809,2.1415354472148924
2.3,1.1725768752881403,1.0556199578998584,0.9474737200476457,0.8492279557535517,0.7616237904866285,0.6850393776952612,0.6195090428178875,0.5647686000400338,0.5203166917595575,0.48548183405320583,0.4594866975185229,0.44150396551345733,0.4307009552885308,0.42627247649447825,0.4274629199805623,0.43357936387939516,0.4439977285206555,0.4581639072956743,0.4755915167625454,0.4958575652304586,0.5185970062028156,0.5434968565591065,0.5702903308057905,0.5987512704363744,0.6286890235342039,0.659943844462991,0.692382827443447,0.7258963530157945,0.7603950064900974,0.795806917687281,0.8320754680683282,0.8691573122499494,0.9070206641876514,0.9456438028000815,0.9850137567305735,1.0251251327809108,1.065979056978119,1.1075822010378462,1.149945870035813,1.1930851293102323,1.2370179499438636,1.2817643525886688,1.3273455288952825,1.373782918418386,1.4210972166556726,1.469307286978547,1.5184289458673663,1.5684735874652778,1.6194466106159005,1.6713456101309865,1.7241582952635248,1.7778601038392923,1.8324114921996901,1.887754901282852,1.9438114301107476,2.0004772915536964,2.0576201823329434,2.1150757686239117,2.1726445660877207,2.230089570338449,2.2871350577270713,2.3434670096054466,2.3987355963426973,2.4525600723014915,2.504536268920078,2.5542466325750808,2.6012724578694817,2.6452076554527526,2.6856731206940276,2.722330592767804,2.754894858266247,2.7831432785725916,2.806921891377467,2.8261477076727304,2.8408072301487857,2.850951588314964,2.8566889650481357,2.85817514863247,2.8556030808470316,2.8491922046050915,2.839178276290812,2.82580413370716,2.8093117315486555,2.7899355951706717,2.7678977132922746,2.743403795998968,2.71664076481594,2.687775311875245,2.656953358871024,2.624300256991793,2.5899215904365738,2.5539044736319174,2.516319262158662,2.4772216269221103,2.436654968209606,2.394653169327191,2.3512437069462777,2.3064511454178493,2.2603010430701813,2.2128242874111037,2.164061850389004
2.35,1.1851331738439168,1.0703828191276712,0.9640524634884042,0.8672282399274732,0.7806726019483945,0.7048040295062413,0.6397087408145373,0.5851786706040284,0.5407667310071229,0.505849638399683,0.479689898710689,0.4614909882530122,0.45044244427301744,0.4457538629804896,0.4466784087432837,0.45252735166253016,0.4626775072070621,0.47657343340909647,0.4937260145512802,0.5137087488790433,0.5361527399474103,0.5607411084558492,0.587203310467028,0.6153096704546015,0.6448663078499055,0.6757105449746869,0.7077068235493664,0.7407431184758935,0.7747278148990859,0.8095870027084748,0.8452621379916837,0.8817080208571196,0.918891041661498,0.9567876517385205,0.9953830193751052,1.0346698364565434,1.0746472455353844,1.115319860837132,1.1566968597526817,1.1987911235933244,1.2416184077468935,1.2851965218480703,1.329544500161524,1.3746817411033607,1.4206270927684246,1.467397858630149,1.5150086944784145,1.5634703645450834,1.6127883222166837,1.6629610795755605,1.7139783313633208,1.7658188042542076,1.8184478132747262,1.8718145256934844,1.9258489605515534,1.9804587905707025,2.0355260627979623,2.090904013597731,2.1464142185192534,2.2018443809716746,2.2569471149052056,2.3114401022980857,2.365007991429311,2.41730633363505,2.467967727124003,2.516610148901298,2.5628472252035857,2.6062999455932703,2.6466091043671254,2.683447596250555,2.7165316356514726,2.7456300281436734,2.7705707955991183,2.7912447167523218,2.8076056509831733,2.819667816418698,2.8275004502416934,2.831220458603519,2.8309837523749515,2.826975966652257,2.8194031928306416,2.8084832355459666,2.7944377675133563,2.7774856147722486,2.7578372789589145,2.735690701500392,2.7112282008524566,2.684614467491966,2.655995478893176,2.6254981933286494,2.593230891872391,2.5592840576584175,2.5237317062084457,2.486633107254241,2.448034864430917,2.4079733425079555,2.3664774507142434,2.323571803462582,2.2792802844339732,2.233630034242707,2.1866558631360213
2.4,1.198409213546109,1.085842000386589,0.9813144677106237,0.8859065987049113,0.8003985932928378,0.7252454193028238,0.6605817944934453,0.6062532674244094,0.5618655563725032,0.5268430865125406,0.5004884734717122,0.48203677404948453,0.47070081012904946,0.465706119824948,0.46631575920600676,0.4718461962131054,0.48167600038859004,0.49524909924565774,0.5120742047638801,0.5317217376513357,0.553819276791959,0.57804628448997,0.6041286263214042,0.6318332228027711,0.6609630350405015,0.691352490562847,0.722863390323665,0.7553812957165217,0.7888123689197142,0.8230806259559773,0.8581255556924625,0.8939000568578115,0.9303686470493984,0.9675059012828012,1.0052950819715898,1.0437269267017086,1.0827985643779936,1.1225125340126008,1.1628758834348027,1.2038993274305638,1.2455964462127973,1.28798290565399,1.3310756803842552,1.3748922597041897,1.4194498143625796,1.464764299749539,1.5108494681973577,1.557715760237763,1.6053690423824531,1.6538091580329983,1.703028259486,1.753008893919449,1.803721826159619,1.855123597441755,1.9071538436571192,1.9597324296154561,2.012756497620664,2.0660975776963726,2.1195989596962015,2.17307357857049,2.226302705189204,2.279035756492674,2.3309915299383905,2.3818611191771213,2.4313126753633036,2.4789980424664497,2.524561124418668,2.5676476543502327,2.6079158558595785,2.645047340893365,2.678757504284526,2.708804669941411,2.734997324854099,2.7571989370153713,2.775330071066306,2.789367760283344,2.799342331046578,2.805332074819332,2.807456300320467,2.805867364463256,2.8007422767135903,2.792274409906707,2.780665749575983,2.7661199936023273,2.7488366926571066,2.729006513298762,2.706807618213762,2.6824030954756752,2.6559393303805092,2.627545196337193,2.5973319410559697,2.565393656169921,2.5318082380682116,2.496638771398943,2.4599352914290415,2.421736904859905,2.3820742688289234,2.3409724428732046,2.2984541367097897,2.254543375660424,2.209269592971451
2.45,1.2123922828146017,1.1019849256119232,0.9992468156432109,0.9052494252036046,0.8207872966718027,0.7463482083701001,0.6821120915754684,0.6279756480261725,0.5835959373105928,0.5484445750434047,0.5218645278984315,0.5031231939477534,0.4914577289621856,0.48611076404573655,0.4863563690326187,0.4915172238755662,0.5009745205768901,0.5141722692490793,0.5306175752958174,0.5498782170867808,0.5715785736893146,0.5953946835908834,0.6210489843193892,0.6483050981881758,0.6769628897193518,0.7068539195059055,0.7378373497032704,0.7697963105721238,0.8026347091334167,0.8362744449139659,0.8706529900334835,0.9057212886167828,0.941441931631748,0.977787566300135,1.0147395032075044,1.0522864884809666,1.0904236124685185,1.129151329957954,1.1684745699388106,1.20840191512976,1.2489448329057806,1.290116939838108,1.3319332818092795,1.3744096106230383,1.4175616362772447,1.4614042317536344,1.5059505645366964,1.5512111264593214,1.5971926313889793,1.643896749393919,1.6913186472292567,1.7394453092929774,1.7882536217694773,1.8377082166488234,1.88775909264425,1.9383390572536228,1.9893610681056906,2.040715591020496,2.092268134282121,2.1438571593836064,2.1952926024769432,2.246355261442333,2.296797304046763,2.3463441269043113,2.3946977385005024,2.441541751037917,2.486547948031288,2.5293842550109407,2.5697237920353615,2.6072545460964696,2.641689088870793,2.672773700523686,2.700296259403647,2.724092328425411,2.7440490084309284,2.7601063212552175,2.772256104760936,2.780538617525071,2.785037232127587,2.785871720515834,2.783190691689948,2.777163732498436,2.767973738595956,2.755809822840513,2.7408610724762417,2.7233113119788115,2.703334928383193,2.681093737759915,2.656734817773139,2.6303892007032994,2.602171310392486,2.5721790306860632,2.540494307432615,2.507184206785935,2.4723023759672786,2.4358908760426514,2.3979823774422675,2.3586027259982796,2.317773898359923,2.275517368767353,2.2318579020607228
2.5,1.227067145792983,1.1187963433503487,1.0178338329302155,0.9252403473238473,0.8418215408195815,0.76809447770203,0.7042811138924678,0.6503268788044667,0.605938695648443,0.5706348133220822,0.5437987463479544,0.5247309578513475,0.5126939630307055,0.5069486267374075,0.5067811546661904,0.511521459324605,0.520554232588095,0.5333242892108321,0.5493377008365824,0.5681600430874287,0.5894128215329099,0.6127688841289108,0.6379473991328727,0.6647087908671889,0.6928498820958525,0.7221993865389588,0.7526138213027794,0.7839738596727062,0.8161811134992556,0.8491553161307657,0.882831867487871,0.9171596994259361,0.9520994198101406,0.9876216961902894,1.023705843541323,1.0603385845083464,1.0975129544829452,1.1352273273303999,1.173484540489491,1.212291100359033,1.2516564503014358,1.2915922842046799,1.3321118883539278,1.3732294934115243,1.4149596166726974,1.4573163725977638,1.5003127271444106,1.5439596689633759,1.5882652685291345,1.633233595342042,1.678863464181699,1.725146984841528,1.7720678967069765,1.8195996807783934,1.8677034579218248,1.9163257035450156,1.9653958353114191,2.0148237610271424,2.0644975068136606,2.1142810786914765,2.1640127406208904,2.2135039151695253,2.2625389251663943,2.3108757915565374,2.3582482797398394,2.404369339872707,2.448936012969324,2.491635773581672,2.5321541548294944,2.570183361721703,2.605431439644846,2.6376314476916125,2.666550014527725,2.6919946480805272,2.71381924072718,2.7319273563036095,2.7462730863898916,2.7568594909739534,2.7637348572667277,2.7669871874880165,2.7667374392961515,2.7631320826746855,2.7563355099148588,2.7465227566394255,2.7338728825353646,2.7185632414933907,2.700764759253251,2.6806382437764724,2.6583316849056606,2.6339784560810307,2.6076963093370304,2.579587051109584,2.5497367956407455,2.5182167103515334,2.4850841895362414,2.4503844159689017,2.4141522920346548,2.376414740785184,2.3371933910375944,2.296507667411396,2.2543783039340735
