Wavelength,R_measured_raw,R_measured_smooth
850.2128906482147,0.11121438478641257,0.10518771954092784
850.6312442732617,0.0949368949032368,0.10518498137990617
851.0495858151403,0.10865280578861829,0.10519934614167364
851.4679152686883,0.10245272711378266,0.10523026526874443
851.8862326287436,0.11228249855842143,0.1052771902036327
852.3045378901445,0.10500803717811909,0.10533957238885262
852.722831047731,0.10423724966754597,0.10541686326691839
853.1411120963422,0.10331132527478785,0.10550851428034416
853.5593810308197,0.10787030688470015,0.1056139768716441
853.9776378460035,0.10242113782208954,0.10573270248333241
854.3958825367362,0.10652305020822996,0.10586414255792324
854.8141150978596,0.10572608097612911,0.10600774853793077
855.2323355242166,0.10550616070903356,0.10616297186586918
855.6505438106509,0.10613607265550538,0.10632926398425263
856.0687399520067,0.10695069504045872,0.10650607633559529
856.486923943129,0.10645443374823711,0.10669286036241137
856.9050957788621,0.10671626967916623,0.106889067507215
857.3232554540532,0.10742082369344852,0.10709414921252038
857.7414029635479,0.10787398752064968,0.10730755692084167
858.1595383021939,0.1077429789899696,0.10752874207469305
858.5776614648387,0.10802122381939759,0.10775715611658869
858.9957724463305,0.1076527318154215,0.10799225048904276
859.413871241519,0.10868793709098838,0.10823347663456946
859.8319578452531,0.10809153697183328,0.10848028599568292
860.2500322523833,0.10857174775676454,0.10873213001489734
860.6680944577605,0.10892514124616541,0.1089884601347249
861.086144456235,0.11009828710294245,0.10945368178203596
861.5041822426604,0.11022132274038436,0.10941263292123068
861.922207811888,0.1102287787271226,0.10975727306329931
862.3402211587721,0.11047829217807838,0.10991817572257409
862.7582222781655,0.11063807524896056,0.11038187040920813
863.1762111649239,0.11061237775903429,0.11064598359904791
863.594187813901,0.11089065813101126,0.11087861602082952
864.0121522199531,0.11073907767534469,0.11108579388408957
864.4301043779365,0.11125029438679926,0.11142165427857739
864.8480442827084,0.11122711668294935,0.11159631827136895
865.2659719291254,0.11188198677802325,0.11186354467289146
865.6838873120464,0.11210512833555861,0.11211933205515594
866.1017904263293,0.11204609684702425,0.11234984561946602
866.5196812668339,0.11263450698109471,0.11259958449802734
866.9375598284206,0.11270634901069831,0.11286367502162448
867.3554261059496,0.11329759150690308,0.11309795215658495
867.7732800942814,0.11282452168318399,0.1133394605842085
868.1911217882789,0.1135080810121,0.11359185057424463
868.6089511828035,0.1140788574895252,0.11385180492376155
869.0267682727188,0.11428734123027781,0.11410928786319863
869.4445730528876,0.11456281590572576,0.11437291452698861
869.8623655181754,0.11477041966606467,0.11461335825586252
870.2801456634462,0.11481904776353978,0.11487228319205443
870.6979134835655,0.11514886023530892,0.11510838426717476
871.1156689733992,0.11572226768370289,0.11535403457628776
871.5334121278147,0.11506974373848872,0.11560753423592575
871.9511429416784,0.11585246814132254,0.1158842354986371
872.3688614098588,0.11610892989043331,0.11615309961250017
872.7865675272243,0.11647442449316288,0.11643392771153473
873.2042612886438,0.11669611660017608,0.11670960925839355
873.6219426889874,0.11710668504274617,0.11699635353527782
874.0396117231257,0.11752915744521987,0.11725918608783484
874.4572683859288,0.11734806570349295,0.1175154266400611
874.8749126722693,0.11769524402630174,0.11776046813406527
875.2925445770187,0.11772696555380019,0.1180045933508285
875.7101640950502,0.1185494119391538,0.11824628695958118
876.127771221237,0.11828062305070336,0.11849788236711528
876.5453659504534,0.11889553812065413,0.11876030027175369
876.9629482775741,0.11884578279135412,0.11899553197883078
877.3805181974745,0.1192214790740272,0.11926486510267859
877.7980757050306,0.11981383432734344,0.11951552229137427
878.2156207951188,0.1198451874088181,0.11976371003506607
878.633153462616,0.12023015259826535,0.11998198418888367
879.0506737024001,0.12056107522174725,0.1202246932759504
879.46818150935,0.12062005032322003,0.12048387306345722
879.8856768783446,0.12072847504243314,0.12075826667895459
880.3031598042635,0.12112668759679661,0.12104389233842305
880.7206302819864,0.12156069927877225,0.12130908604656367
881.138088306395,0.12176909263317742,0.12158985649173573
881.5555338723702,0.12187176587545101,0.12186817115594711
881.9729669747945,0.12189723490944193,0.12213899749082399
882.3903876085514,0.12231570398322116,0.12242046538263597
882.8077957685232,0.12286283783013548,0.12272661153500111
883.2251914495943,0.12256378402536643,0.12302763818860034
883.642574646649,0.12303351410499744,0.12333411383990599
884.0599453545734,0.12283472982004279,0.12364420365842706
884.4773035682526,0.1236110753372998,0.12396936739374348
884.8946492825736,0.12415933590289738,0.12429693320024768
885.3119824924237,0.12442387819965801,0.12461300083359068
885.7293031926896,0.12501703062639516,0.12491987138536306
886.1466113782615,0.12513920405456724,0.1252425905650972
886.5639070440266,0.1255266001526281,0.1255633990927624
886.9811901848753,0.12546406453132364,0.12587755539563217
887.3984607956985,0.1264063089981573,0.12619085051941703
887.8157188713863,0.12590494739760566,0.12651575788486005
888.2329644068302,0.12666238794368098,0.12683086910677474
888.6501973969224,0.12750458053194808,0.12717462006996064
889.0674178365565,0.12827199138412976,0.12750324148534714
889.4846257206246,0.12833896485135762,0.1278445914089792
889.9018210440225,0.12860432069819797,0.12817922727649445
890.319003801643,0.12853379888024316,0.128504951513554
890.7361739883829,0.12860304876640133,0.12883748746019172
891.153331599137,0.12973378919978495,0.12918803095035752
891.5704766288026,0.1294822186791927,0.12951556189819752
891.9876090722762,0.13008108221421424,0.12984652222731952
892.4047289244562,0.13123968771492106,0.13016741425676073
892.8218361802411,0.1304695218963604,0.13048653620093767
893.2389308345296,0.1304794158453845,0.13079765699540064
893.656012882222,0.13101508158130037,0.13111546487337394
894.0730823182176,0.13133167287379927,0.13141610941316367
894.4901391374189,0.13156372673386318,0.1317128986522961
894.907183334726,0.131567357696176,0.13200618651646429
895.324214905042,0.13202804478099062,0.13229641253951513
895.7412338432692,0.13234434274447243,0.1326137596670049
896.158240144312,0.13311887062789882,0.1329210960415672
896.5752338030736,0.1326813552395065,0.13323139961065408
896.9922148144592,0.13365758168298458,0.1335160822290987
897.4091831733742,0.13374550701371019,0.13383434897171148
897.826138874725,0.13452062829728254,0.13413178997325653
898.2430819134178,0.13418722574979183,0.13444486217228413
898.66001228436,0.13496169766332444,0.1347053619083256
899.0769299824592,0.13467241431590338,0.13496494804526843
899.4938350026248,0.13528302363122685,0.1352334818517977
899.9107273397652,0.13528601020772438,0.13551355236449303
900.327606988791,0.13590923826922063,0.1357997554428666
900.7444739446125,0.13636043452772906,0.1360746896363446
901.1613282021405,0.13625829959455835,0.13634701975298263
901.5781697562865,0.13595778640370113,0.13660018159995782
901.994998601964,0.13713586732134977,0.13687150255129288
902.4118147340848,0.13726385267808333,0.13713893879711203
902.8286181475632,0.1377111004559537,0.13742886978481925
903.2454088373138,0.13773742937668743,0.13773791938272445
903.6621867982514,0.13835243589530008,0.13800994253546295
904.0789520252911,0.1386603143855755,0.13827079051912292
904.4957045133491,0.13888497103761707,0.13855214065802765
904.9124442573434,0.13939058861292417,0.13883559486322203
905.3291712521903,0.13914184682240122,0.1391038371501765
905.7458854928086,0.1398274719093345,0.13935875592723035
906.1625869741166,0.1392815511707245,0.13961894934969024
906.5792756910342,0.13965630052681105,0.1398730402248758
906.9959516384816,0.13995279549696593,0.140135820651517
907.4126148113791,0.1408153359701176,0.14037501538732425
907.829265204648,0.13985817365286798,0.1406385133296226
908.2459028132106,0.14015074154734444,0.14090552535825454
908.6625276319896,0.14022230126628743,0.14118626968461184
909.0791396559075,0.1412000542405802,0.14145406326739834
909.4957388798892,0.14174344277773912,0.1417393990979391
909.912325298859,0.14217357951989792,0.14200904495853117
910.3288989077422,0.14256667370175996,0.1422782162581589
910.7454597014644,0.1424404170851794,0.14254608191687307
911.1620076749518,0.14307607381994666,0.1428257926829818
911.578542823132,0.14305004443899932,0.14311264825121853
911.9950651409331,0.14367156849871882,0.14338948678305377
912.411574623283,0.14420507291236662,0.14365249222839171
912.8280712651107,0.14412190622562165,0.14393070538248656
913.2445550613464,0.14388618005486817,0.1442224186342099
913.6610260069201,0.14441966531299372,0.1445235924193528
914.0774840967633,0.14496876252600877,0.14480059333317027
914.4939293258072,0.14532533647259846,0.1450876408639855
914.910361688984,0.14508569217310233,0.1454003310135905
915.326781181227,0.14521470523850322,0.14571869543411003
915.74318779747,0.14586949136750688,0.1460493583060017
916.1595815326464,0.1462460819560535,0.146352952289866
916.5759623816919,0.14643825639284938,0.14668152549246222
916.992330339542,0.1469008801654505,0.14695855810676164
917.4086854011323,0.14741089366347734,0.14725928069744962
917.8250275614004,0.14781471972254864,0.14753291139257063
918.2413568152829,0.14800501959930396,0.14784404650795027
918.6576731577187,0.14802580400495316,0.14811154463899426
919.0739765836465,0.14840132617136328,0.14837479955653513
919.4902670880061,0.1485611502841432,0.1486048450049668
919.9065446657363,0.14876445359209925,0.14886194895006635
920.322809311779,0.14901558047414545,0.14912092834932508
920.7390610210755,0.14966027857123212,0.14937507334011782
921.1552997885674,0.14974674031642884,0.14962320651791977
921.5715256091975,0.14999066396547756,0.14987221098625952
921.987738477909,0.15027000062163426,0.15011260388624745
922.4039383896467,0.150560435327322,0.15034481660962706
922.820125339354,0.15067195046973825,0.15059387648353895
923.2362993219776,0.15132633122149436,0.1508495066939883
923.6524603324624,0.15104370148237917,0.15108494445928594
924.0686083657558,0.15115050579033437,0.15130439218447528
924.4847434168045,0.15201363282793748,0.15152336470756014
924.9008654805565,0.1523798982052078,0.15175235531857445
925.3169745519601,0.151880433666396,0.15198236562672807
925.733070625965,0.15187538792404756,0.1521827891763525
926.149153697521,0.1519006999634019,0.15238973303547998
926.5652237615792,0.152494741894659,0.15259071235997806
926.9812808130893,0.1522331118203776,0.15277802696887013
927.3973248470045,0.1533320201927594,0.15296911142056774
927.8133558582771,0.15272738422977555,0.15317374958099864
928.2293738418596,0.1537729650328687,0.15337711895782025
928.6453787927064,0.15325577032084545,0.1535739434857183
929.0613707057715,0.15353957561218148,0.15376136976146546
929.477349576011,0.1536028437294467,0.15396766657672545
929.8933153983794,0.15444739218747447,0.15416974129566932
930.309268167834,0.1542097542536899,0.15436168121997573
930.7252078793318,0.15443883653195983,0.15455583334850617
931.1411345278304,0.15484155531260008,0.1547629101347987
931.5570481082882,0.15531627386277086,0.15497445091568696
931.9729486156641,0.15498038281668355,0.1551710036852995
932.3888360449185,0.1557207753008728,0.1553759599676305
932.8047103910113,0.15583066369522106,0.15557737870592842
933.2205716489038,0.1556984563102548,0.15576868998567422
933.6364198135572,0.1558487844877629,0.15596067206970585
934.0522548799344,0.15630271291963074,0.15617499851831468
934.4680768429982,0.15639005255573957,0.1563925658300298
934.8838856977128,0.15669244294044837,0.1565943093711549
935.2996814390419,0.15669678311969956,0.15681978578677286
935.7154640619505,0.15682494599439262,0.1570508613961968
936.1312335614048,0.157383948916159,0.1572604033136416
936.546989932371,0.15700069981740572,0.15747954941981332
936.962733169816,0.15757058379970787,0.1576817206607634
937.378463268708,0.15825708123915688,0.15791681921584183
937.794180224014,0.1581930341393544,0.15811420098095688
938.2098840307044,0.15801860421315866,0.15835395785046058
938.6255746837478,0.15842625345522474,0.1585602046838821
939.0412521781153,0.15900807717281254,0.15875819075149963
939.456916508778,0.15955573936892145,0.15895664546517518
939.8725676707069,0.15889766823898302,0.159160306127522
940.288205658874,0.15930755608678904,0.15934287882124595
940.7038304682533,0.15975451286139097,0.1595501226551235
941.1194420938189,0.1598272405340175,0.1597499541819836
941.5350405305433,0.159521780667436,0.15995055953853057
941.9506257734024,0.15991174028544228,0.16015270724342087
942.3661978173725,0.16048985763122406,0.1603650152689048
942.781756657429,0.16043417573095997,0.1605816269995041
943.1973022885492,0.16082188520482302,0.16081413222812188
943.6128347057103,0.16152465792894807,0.16105762374627008
944.0283539038916,0.16172721147578603,0.16129023607706944
944.4438598780716,0.16175077656969974,0.16151281619320218
944.8593526232297,0.16140969048263193,0.1617332349215481
945.2748321343464,0.1620348095050357,0.1619878856177947
945.6902984064026,0.16216138168599148,0.16221956231279822
946.1057514343805,0.1624924357078121,0.16244536062581952
946.5211912132619,0.16285386501565247,0.16266735193404652
946.9366177380296,0.16252471073935676,0.1628865390785731
947.3520310036673,0.16306729660377775,0.16309792916538543
947.7674310051603,0.16245670998371864,0.16329951633180753
948.1828177374928,0.16336870953294835,0.1635374042669305
948.5981911956504,0.1629758125791283,0.16375189831587453
949.0135513746195,0.1634299191207247,0.16397594804210136
949.4288982693876,0.1648205220971664,0.1642117600883176
949.8442318749421,0.1644160780725131,0.16442983755360518
950.259552186271,0.16451372833048475,0.16468310974357292
950.674859198364,0.1653195342826847,0.16490812578955844
951.0901529062099,0.16544697310600795,0.16512962450816412
951.5054333048004,0.16557926255010308,0.16535436379645435
951.9207003891252,0.16585263016278723,0.16556990738839564
952.3359541541768,0.16632032710422143,0.16578297160303906
952.7511945949475,0.16664323246787682,0.1659800333213107
953.1664217064304,0.16627626189316397,0.1661840336204685
953.5816354836189,0.16653539290083194,0.16636161683874315
953.996835921508,0.16633630053213738,0.16655679734288634
954.4120230150925,0.16655480722527763,0.1667715447370685
954.8271967593681,0.1670117137546338,0.16698440817124907
955.2423571493309,0.16757931619015504,0.1671876833555342
955.6575041799788,0.16646018861845133,0.16737623075619532
956.0726378463091,0.16744099018685488,0.16756487638135778
956.4877581433203,0.16760415921854546,0.16776069516831346
956.9028650660126,0.16778380965628095,0.16794925932949076
957.317958609384,0.1684236313814009,0.16815823866114005
957.7330387684365,0.1682704021683796,0.16833893552529444
958.14810553817,0.16914012472174053,0.16852625723350298
958.5631589135872,0.16863471661597407,0.1686872895711632
958.9781988896909,0.16940807680012912,0.16886770640747734
959.3932254614836,0.16886857670201408,0.1690281672106742
959.8082386239696,0.1687074629473077,0.16919333624979738
960.2232383721534,0.1698316866139078,0.16937756813229107
960.6382247010406,0.16920518318696667,0.16954537294792604
961.053197605636,0.16939440174893972,0.16972337669644338
961.4681570809475,0.16976349322165915,0.16990777821653238
961.8831031219815,0.17000398910946296,0.17009530583700586
962.2980357237471,0.17031789701309738,0.17027876787970295
962.7129548812516,0.16991410114867236,0.1704556367663181
963.1278605895054,0.17062203491879036,0.1706469628604306
963.542752843518,0.17084466933195486,0.1708524036724194
963.9576316382995,0.17163388195250512,0.17103646182772828
964.372496968863,0.17137407760886547,0.17123249522091444
964.787348830219,0.17136171658220745,0.17140904941778407
965.2021872173805,0.1716120293073068,0.1716029810527087
965.6170121253616,0.17194791766116296,0.17180338430354922
966.031823549176,0.17202426405316812,0.17203285946913377
966.4466214838384,0.17257206599022407,0.1722261687808342
966.8614059243645,0.1724123427089152,0.17244335683079584
967.2761768657699,0.17294872722263654,0.17265213084555087
967.6909343030724,0.1725824817287465,0.17286498904726014
968.105678231289,0.17312032859466123,0.1730975501928954
968.5204086454374,0.17336361566090405,0.17331575268838031
968.9351255405375,0.17352218694648497,0.17354688260299939
969.3498289116086,0.17362671612060673,0.17375564660429413
969.7645187536706,0.17375350124700653,0.17399838012453517
970.1791950617446,0.17383566374182727,0.17423848674380046
970.5938578308517,0.1745462922164859,0.1744662942750025
971.0085070560153,0.1747779139793892,0.17472421273769725
971.4231427322583,0.17449533303825862,0.17495927523114946
971.8377648546034,0.1750921865340858,0.17520719313089547
972.252373418076,0.17520744928718587,0.17545777003175286
972.6669684177008,0.17556823140901445,0.17571505587049385
973.0815498485032,0.1762175479480088,0.17598247507669715
973.4961177055104,0.1764250005827502,0.17623770225678478
973.9106719837491,0.17652959627329387,0.17650908687974992
974.325212678247,0.1771359863960182,0.1767726019323346
974.7397397840328,0.17721149932256156,0.17706500632041425
975.154253296136,0.17789206097585533,0.17735036769419124
975.5687532095864,0.17770324998437928,0.17763909180767873
975.983239519414,0.17812559484628426,0.17792214430900977
976.3977122206504,0.1779303338770809,0.17820489508756168
976.8121713083272,0.17812445088735723,0.17848683176641106
977.2266167774784,0.17831990257876607,0.178780391952752
977.641048623136,0.17889530065889275,0.17906543966578337
978.0554668403342,0.17908568520243434,0.17935703969921232
978.4698714241086,0.17923380169790623,0.17963515018901688
978.8842623694936,0.1797745644242299,0.17992014161473754
979.2986396715264,0.1805219349126131,0.18023237875117398
979.7130033252424,0.1811748274972846,0.18053707216973783
980.1273533256804,0.18119419274936208,0.1808395954493706
980.5416896678774,0.18106158190106583,0.18114997255458123
980.9560123468736,0.1815030951189416,0.18145632811315512
981.3703213577076,0.1818685058180246,0.18176547388647452
981.7846166954205,0.1823126867559781,0.18207563594657214
982.198898355052,0.1822578110418959,0.1823650010398371
982.613166331645,0.18272434907012303,0.18266260599424555
983.0274206202416,0.1829533497035251,0.18295445455016102
983.4416612158842,0.18313481246290617,0.18322905643192508
983.8558881136174,0.18327950657734776,0.18350962496080994
984.2701013084845,0.18354287365090413,0.18378338736843547
984.6843007955322,0.1842184673880156,0.18406787899302593
985.098486569805,0.18428454979607492,0.1843407422903381
985.5126586263502,0.18450099580049345,0.18461796437610659
985.9268169602144,0.18450686543948638,0.1849199878369068
986.3409615664464,0.1850583447272117,0.18520029574041974
986.7550924400942,0.18557187953168774,0.18548690921336924
987.1692095762072,0.1858571657545806,0.1857638649258515
987.5833129698353,0.18620999642028047,0.186033914545981
987.9974026160296,0.18653714412535416,0.18630104657041432
988.411478509841,0.18706197881275397,0.1865613093020143
988.8255406463222,0.1873509657911345,0.18682735889757227
989.2395890205256,0.18783300898003452,0.1870704724353303
989.653623627505,0.1872881351996851,0.18734016613415416
990.0676444623141,0.1877624284203016,0.18760909950838286
990.4816515200083,0.1879853658893484,0.18788958606966505
990.8956447956429,0.18780797832006624,0.18815593897876046
991.3096242842748,0.18789163023075645,0.188420067382531
991.72358998096,0.18840072888668458,0.18866877695631426
992.1375418807571,0.188540222604605,0.18891447166786887
992.5514799787246,0.18883636651432292,0.1891674446414236
992.9654042699203,0.18899354102199392,0.18941044013065828
993.3793147494058,0.18913543331016353,0.18964679813517618
993.7932114122403,0.18994477210512195,0.1899021838699537
994.207094253486,0.19036521911176307,0.1901512624899974
994.6209632682032,0.19083916160881817,0.19037987843039345
995.0348184514567,0.19055482027418932,0.19063362294167055
995.4486597983087,0.19156218274397724,0.19090625154542237
995.8624873038231,0.1915506204750802,0.19116922890219987
996.2763009630645,0.19139979050162423,0.19141510638373882
996.6901007710989,0.19193740276744067,0.19166189904335565
997.1038867229921,0.19212132634243,0.19190570772222798
997.5176588138115,0.19216546441065926,0.1921537248796509
997.9314170386239,0.19242629367614003,0.1924010237819338
998.3451613924982,0.19251604697413452,0.19265616182769577
998.7588918705029,0.1931576136968854,0.19293258712738315
999.1726084677075,0.19299815308742094,0.19320578971770233
999.5863111791832,0.19375396766524156,0.19348478160584037
1000.0000000000005,0.19320118188052277,0.19378235174206643
1000.4136749252312,0.19380943245167778,0.19407334231352602
1000.8273359499474,0.19402140860854694,0.19436072716956218
1001.2409830692236,0.19450510786971664,0.19464378500483098
1001.6546162781324,0.19435268262003208,0.19492401188026492
1002.068235571749,0.19521938370201172,0.19522371267187155
1002.4818409451487,0.1956948486306421,0.19552819393381138
1002.8954323934076,0.19594450482389172,0.19584722314715663
1003.3090099116022,0.19626923258432002,0.1961611878991613
1003.7225734948104,0.1970424156841667,0.19646621443242518
1004.1361231381096,0.1967101044247674,0.1967842476256215
1004.5496588365794,0.19713167889415448,0.19710824598434967
1004.963180585299,0.19805167507569715,0.19743934504580582
1005.3766883793488,0.1975097556325747,0.19779733799940943
1005.7901822138095,0.19752471047401932,0.19813442617827645
1006.2036620837636,0.19790584171523815,0.19849094288813013
1006.6171279842928,0.19873071985867216,0.1988417394489867
1007.0305799104804,0.19872784209166927,0.19917752731324648
1007.4440178574104,0.19941498518438083,0.1995331977310589
1007.8574418201677,0.19993243768311644,0.19988962828365678
1008.2708517938364,0.20045854904773,0.2002428194252885
1008.684247773504,0.20079737134593642,0.20059420657681104
1009.0976297542556,0.2006260106609645,0.20092074124838288
1009.51099773118,0.20152932469192233,0.2012877360789846
1009.9243516993644,0.20199397825304935,0.20166300181382305
1010.337691653898,0.2022523327366073,0.2020504429389783
1010.7510175898708,0.20224349526916344,0.202408694947091
1011.1643295023722,0.20311593801843802,0.2027730814884353
1011.5776273864936,0.20387106563630933,0.2031420259071912
1011.9909112373268,0.20415989637980703,0.2034962554604539
1012.404181049964,0.2038141253833512,0.20385185116582266
1012.8174368194982,0.20434543764744129,0.2042255994249279
1013.2306785410236,0.20415032857552298,0.20459222062592702
1013.6439062096342,0.2047373214252074,0.2049612026619371
1014.057119820426,0.20535692280012374,0.20531342328020544
1014.4703193684948,0.20516337003186588,0.20567603691348732
1014.8835048489368,0.20589884625839333,0.2060311075240943
1015.29667625685,0.20631778346127302,0.2063894051222549
1015.7098335873318,0.20610510489632608,0.2067633172142406
1016.1229768354816,0.20669099950394343,0.2070856775797322
1016.5361059963994,0.2072626826507284,0.20741777313137427
1016.9492210651844,0.20774751154981266,0.20775311098207494
1017.3623220369384,0.20837647487296337,0.20809795370685527
1017.7754089067628,0.20849260163319733,0.20844264641514088
1018.18848166976,0.20889721360819952,0.20878254033450136
1018.6015403210334,0.2092668430813349,0.20911151557748964
1019.014584855687,0.20979056238796479,0.20946515322365672
1019.4276152688248,0.21099385250013483,0.20978335742870424
1019.8406315555526,0.2105399192507416,0.2101199534738578
1020.2536337109764,0.21021258190069594,0.2104756861173178
1020.6666217302028,0.2106004672285775,0.21081343988970697
1021.0795956083394,0.21105363571712304,0.21115150733813362
1021.4925553404944,0.21142007992030296,0.21146755464752853
1021.9055009217764,0.21142511237494618,0.2117922775194443
1022.3184323472956,0.21238338313489064,0.21212999286472467
1022.7313496121616,0.2121245319405035,0.21249913234019485
1023.1442527114868,0.21223530060035864,0.21277966530823939
1023.5571416403816,0.21288629567431142,0.21311512402933241
1023.970016393959,0.21300439919781372,0.21338384953727213
1024.3828769673328,0.21386641048784805,0.2136234973322407
1024.7957233556158,0.2143623887998426,0.2139122275039648
1025.2085555539245,0.2143144318471199,0.21417532282960872
1025.6213735573722,0.2145473538297703,0.2145010451846064
1026.0341773610764,0.2149155524294499,0.21479305434403573
1026.4469669601533,0.21616229788087424,0.21511234733607718
1026.859742349722,0.21578007768987156,0.21542947366891074
1027.2725035248984,0.21585231886281475,0.21571084678141378
1027.6852504808037,0.21617512175905634,0.21602242738647176
1028.0979832125563,0.2159536641980239,0.21635336068163696
1028.5107017152775,0.21655124981264734,0.21665701576134289
1028.9234059840878,0.21730496029547464,0.21691804893189293
1029.33609601411,0.21686134347400593,0.21726642258297293
1029.748771800466,0.21832433289415495,0.21760323237802595
1030.1614333382795,0.21738748233380675,0.2179805338374091
1030.5740806226752,0.2173475455527366,0.21830707103623012
1030.986713648777,0.21821991040033248,0.21861655184214174
1031.3993324117105,0.21830644933846485,0.21891330858698166
1031.8119369066033,0.21884457890254982,0.21923890337733135
1032.2245271285803,0.2192763191048876,0.21956425735431145
1032.6371030727717,0.21954861848403004,0.21983757916731847
1033.049664734304,0.2186510269714657,0.22018814359366304
1033.4622121083075,0.22123215334000865,0.2205322126500636
1033.874745189912,0.21982870123787948,0.22083205085272617
1034.287263974248,0.22178782096602712,0.22118079760843326
1034.6997684564467,0.22351750444052382,0.22149621007949255
1035.1122586316408,0.22269525222690562,0.22183625784087818
1035.5247344949628,0.22349715633467887,0.2222059348566212
1035.9371960415467,0.22209205251859954,0.22249312686383413
1036.3496432665258,0.22363564780907808,0.22287262539826175
1036.7620761650364,0.2223990281177744,0.2232374983963374
1037.1744947322136,0.22278694727489576,0.22363706063001698
1037.586898963194,0.2244927571793372,0.22395075285805435
1037.999288853115,0.22396393446569776,0.22431135355837012
1038.4116643971147,0.22387057296144114,0.22465439371566018
1038.8240255903315,0.22488816061641176,0.2249241385835308
1039.2363724279053,0.2269392284256292,0.22522474232836864
1039.6487049049758,0.2244477866212311,0.2255571611867903
1040.061023016684,0.225267704108084,0.22590118867823514
1040.473326758172,0.2251200387884906,0.22618961040325708
1040.8856161245817,0.226490480319998,0.226412918494988
1041.2978911110563,0.22681261750134857,0.22660171457956943
1041.71015171274,0.22770013660003202,0.22688200362093225
1042.1223979247768,0.22723793307499665,0.22712079158830395
1042.5346297423123,0.22762228837685114,0.22740440160410397
1042.9468471604932,0.22953622523895728,0.2277463237924213
1043.3590501744657,0.2280190038685195,0.22805149444584902
1043.771238779377,0.22791025026529282,0.22825804197050445
1044.1834129703757,0.22945397411002408,0.22859904444688053
1044.595572742611,0.2283707941980415,0.22876411319001055
1045.0077180912326,0.22950132101535783,0.22903706487276576
1045.4198490113906,0.22949125664823344,0.22940368852473828
1045.8319654982367,0.2289001772251275,0.22970175648837532
1046.2440675469222,0.23171193161224213,0.2300083826929899
1046.6561551526006,0.2287548591226902,0.2302321436543333
1047.0682283104247,0.22926529605591014,0.23046569788471624
1047.4802870155493,0.22906192117144347,0.23070301917044536
1047.8923312631289,0.23151890629473534,0.23091386880375048
1048.3043610483187,0.22986022301817802,0.23121183535835527
1048.716376366276,0.23046359297693167,0.23140854600680758
1049.1283772121571,0.23257638978094103,0.23162973849293242
1049.5403635811206,0.23204446953026794,0.23182070176523167
1049.9523354683245,0.23154912263557845,0.23208168936903728
1050.3642928689285,0.23029030773868248,0.23234022598228957
1050.7762357780923,0.23339152032653887,0.23253762179876875
1051.188164190977,0.23479102495519943,0.23280880468871318
1051.6000781027444,0.23608542225973594,0.23307821234072798
1052.0119775085564,0.23387218278234245,0.23338259072068218
1052.423862403576,0.23527169061253095,0.23372316734933332
1052.8357327829672,0.23415796389103732,0.23384548731815533
1053.2475886418945,0.23215331047729315,0.2341408103899325
1053.6594299755234,0.23307293003776589,0.23434338288249937
1054.0712567790192,0.23503519530092631,0.23458192662913097
1054.4830690475496,0.23257189188661148,0.23477487145300552
1054.894866776281,0.23684163756151824,0.23495924510500263
1055.3066499603826,0.23502498314829207,0.23513415357111914
1055.7184185950232,0.23338097659819917,0.2353519066690893
1056.1301726753725,0.23465668244415622,0.2355528921679204
1056.5419121966004,0.23501034849822816,0.2357433129607731
1056.9536371538788,0.2362633049746601,0.23598292151624806
1057.3653475423796,0.23747229688078075,0.2360927721628875
1057.7770433572753,0.23600365861158626,0.23620402082851363
1058.1887245937387,0.2369447454415207,0.23632845594847057
1058.6003912469455,0.23539297365166495,0.23656153435553856
1059.0120433120696,0.23813456090704768,0.23672252478983402
1059.4236807842867,0.23704493900616608,0.23673414372774015
1059.8353036587737,0.2389925637300168,0.23694594736397245
1060.246911930707,0.23895711145839932,0.23711439757994826
1060.6585055952658,0.236449877612199,0.23721421222198316
1061.0700846476277,0.2389893854324679,0.23724354724114488
1061.4816490829724,0.23589785167185906,0.23728875545082762
1061.89319889648,0.2366963157815012,0.2374598395216564
1062.3047340833316,0.23522317394867462,0.23752680311440466
1062.7162546387092,0.23407082799949894,0.23762010320099994
1063.127760557794,0.24071715460228507,0.23774349345266702
1063.5392518357703,0.2349313873136355,0.23779034638794488
1063.9507284678225,0.2397503304677055,0.2377700722925957
1064.362190449133,0.23693476316583445,0.2377888582542485
1064.7736377748895,0.23788002954335474,0.23776974754592994
1065.1850704402775,0.2395426173657012,0.23779735063382906
1065.5964884404837,0.23865171334358604,0.23775381088513897
1066.0078917706956,0.237975254552613,0.23778277786347038
1066.4192804261015,0.23817522638452754,0.237797674701929
1066.8306544018913,0.23740266643998836,0.23764667068377435
1067.2420136932542,0.23815960523293636,0.23755945428917266
1067.6533582953812,0.2393337389352261,0.23769012222598832
1068.0646882034637,0.2393268902715989,0.2377577119196318
1068.4760034126937,0.2380325303184117,0.23778543960896525
1068.887303918264,0.23599074093122385,0.23773657866457293
1069.298589715369,0.23577781164501851,0.23763529517412374
1069.7098607992025,0.24076263012591945,0.23766978721228
1070.1211171649593,0.23558540018478605,0.2378259059915259
1070.5323588078363,0.2356427397488013,0.23784325750657145
1070.9435857230294,0.23656021323980247,0.23790561008196148
1071.3547979057364,0.23666682072840095,0.2379243278943823
1071.765995351156,0.2385329783472098,0.23800139998344058
1072.177178054486,0.23523214007100401,0.23780543909304527
1072.588346010927,0.24002181928493416,0.23772716121801513
1072.9994992156787,0.23693148357828242,0.23773377561285228
1073.410637663943,0.2369203280470972,0.237469761439606
1073.8217613509214,0.2381409765103615,0.23747750533697137
1074.2328702718169,0.23791355024168068,0.23724007145792744
1074.6439644218328,0.236725068001661,0.23724043461837194
1075.055043796174,0.23960504424528664,0.23709374386183849
1075.4661083900444,0.234934524609271,0.23714176374032805
1075.8771581986502,0.2413145955543866,0.23721205467983136
1076.288193217198,0.23716690336022095,0.2372273024446371
1076.6992134408947,0.2351680322559013,0.2370449188508936
1077.1102188649493,0.24161684686048235,0.2370776376705833
1077.52120948457,0.239936575935877,0.2368994990396036
1077.9321852949658,0.23323600103383402,0.23711669318863962
1078.3431462913477,0.23587423033783966,0.23697527798832946
1078.754092468926,0.23523045246804333,0.23696579096439388
1079.165023822913,0.23844622096298168,0.23695466947785304
1079.5759403485215,0.23860994359330112,0.23684600307883547
1079.9868420409648,0.23660437860488892,0.23650017122210676
1080.397728895456,0.23064063506079735,0.23639866022664693
1080.8086009072117,0.23667337936579178,0.23612091983215908
1081.2194580714454,0.23514423166836812,0.23588777560074278
1081.6303003833752,0.23362802558322315,0.23542765202225244
1082.0411278382176,0.23357560738321442,0.23517057059047933
1082.45194043119,0.23969728875853324,0.23522987258382816
1082.8627381575116,0.2365090719773575,0.23505132523445835
1083.2735210124015,0.23127110691906394,0.23505476945878215
1083.6842889910813,0.2383487343754456,0.2350734017191435
1084.0950420887696,0.2358024166198197,0.23481128719850627
1084.5057803006896,0.2384657281051276,0.23480656038370354
1084.9165036220627,0.23519444423218364,0.23470351544799736
1085.3272120481138,0.2374554838232047,0.23448100686526832
1085.7379055740653,0.2313377632238151,0.23440255551325695
1086.1485841951426,0.23150062814917485,0.23414809009056634
1086.559247906571,0.23192302513730573,0.23406994433337344
1086.969896703577,0.23791499223005586,0.23398539079526456
1087.3805305813871,0.2306318285084176,0.23404974901165018
1087.7911495352298,0.23668474396623224,0.2339000842711201
1088.2017535603338,0.22299249792698353,0.2337571475801311
1088.6123426519275,0.23543627630076058,0.23339204505393824
1089.0229168052415,0.23101340094755746,0.23332046713829638
1089.4334760155068,0.22914816467760865,0.2330090494393713
1089.844020277955,0.22936449775360102,0.23283091378196188
1090.2545495878178,0.23670836257150216,0.23264115724946907
1090.6650639403294,0.23383957484637144,0.23243868274058724
1091.0755633307233,0.23491109370749738,0.2322223931540064
1091.4860477542338,0.23317753430340427,0.23199119138841645
1091.8965172060966,0.24234351132972543,0.2317439803425074
1092.3069716815482,0.23651635801777407,0.23147966291496913
1092.7174111758256,0.22733612441517012,0.23119714200449165
1093.1278356841658,0.23118457321484207,0.23089532050976486
1093.5382452018086,0.22926949332552762,0.23057310132947872
1093.9486397239918,0.22474255469470844,0.2302293873623232
1094.3590192459567,0.23352430433021895,0.22986308150698825
1094.7693837629438,0.22553315752919556,0.2294730866621638
1095.1797332701942,0.22777284637181383,0.2290583057265398
1095.5900677629506,0.23015948821843915,0.2286176415988062
1096.0003872364564,0.22791940162649604,0.22814999717765297
1096.4106916859548,0.22874572368164564,0.22765427536177002
1096.8209811066915,0.2290106772242689,0.22712937904984734
1097.231255493911,0.22487046529672758,0.22657421114057485
1097.6415148428605,0.21582150306334036,0.2259876745326425
1098.0517591487858,0.22844610427749187,0.22536867212474027
1098.4619884069352,0.22713938821551877,0.2247161068155581
1098.8722026125574,0.22777797089632845,0.2240288815037859
1099.2824017609018,0.21915242399736878,0.22330589908811363
1099.692585847218,0.22540052032490498,0.22254606246723127
