Photon_Energy_eV,Wavelength_nm,Epsilon1,Epsilon2,n,k
5.88683,210.612839847592,1.860925,2.923028,1.6318787094793326,0.8956021005178202
5.842581,212.20792386104702,2.042951,2.815362,1.661542020849457,0.8472136017844006
5.79899,213.8030905381799,1.983857,2.738496,1.6378998626039643,0.8359778465474339
5.756044,215.39828118061638,2.024741,2.72364,1.6459842211807376,0.8273590855100094
5.71373,216.9934498129943,2.099541,2.633741,1.653439610364164,0.7964430583043576
5.672031,218.58871786843196,2.167094,2.726415,1.6807522981488379,0.8110698414641001
5.630938,220.18391678260352,2.162252,2.621247,1.6673680181251254,0.7860433244208034
5.590435,221.7791610134095,2.180194,2.586627,1.6677942297289323,0.7754634696213112
5.550508,223.37450626140887,2.177055,2.523266,1.6597722072578696,0.7601241872126294
5.511149,224.9697810746906,2.199319,2.463306,1.658549494824745,0.7426085286228652
5.472343,226.56510821781453,2.210929,2.415901,1.6561703875351341,0.7293636627556078
5.434079,228.1604636222624,2.207015,2.360761,1.649052678635636,0.7157930824724182
5.396346,229.7558355227778,2.162897,2.31213,1.6323262461951058,0.7082315821942741
5.359134,231.35118173943772,2.134875,2.258108,1.619012824065337,0.6973718695846698
5.322429,232.94664597686509,2.126405,2.262169,1.6172631190416247,0.6993818672315179
5.286224,234.5420822121802,2.084432,2.220243,1.601532298845854,0.6931621053162712
5.250508,236.13752878769063,2.060831,2.181831,1.5909220439246532,0.6857127312843155
5.215272,237.73294738989645,2.058733,2.176109,1.5897119994975684,0.6844349796339726
5.180504,239.32844835174336,1.968714,2.1715,1.5652151476023781,0.6936746054771892
5.146196,240.9239725809122,1.954271,2.173087,1.5615460986093121,0.6958126314475496
5.11234,242.51946936236635,1.949822,2.171222,1.5601350079416083,0.6958442663448211
5.078925,244.11504087971372,1.892742,2.171534,1.5448903714859947,0.7028116816830345
5.045945,245.710562441723,1.869487,2.188229,1.5407082950795323,0.710137346241471
5.013389,247.30616036377785,1.825942,2.184769,1.5286056607703158,0.7146280613991125
4.981251,248.90172850153502,1.801824,2.221948,1.526847597599767,0.7276259934170717
4.949521,250.49736812915836,1.780201,2.235271,1.522784293362429,0.7339420986094964
4.918193,252.09299106399445,1.754593,2.250666,1.517955683369044,0.7413477299300115
4.887259,253.6886185078384,1.721325,2.279226,1.5128642834562303,0.7532817136752578
4.85671,255.28433528046764,1.727175,2.331413,1.521292351278693,0.7662606723948805
4.826542,256.87997410982854,1.703984,2.353209,1.518115678415977,0.7750427169210752
4.796745,258.47569216208075,1.700738,2.372444,1.5198376958736166,0.7804925507642108
4.767314,260.0713911439439,1.711095,2.422393,1.5291945794052506,0.7920486485579032
4.738242,261.6670874978526,1.705234,2.447143,1.5309973763117992,0.7991989528731959
4.709521,263.2628634631845,1.713562,2.449916,1.5335049535341565,0.7987962459312108
4.681147,264.8585878631882,1.719593,2.466935,1.5373211465336378,0.8023486197280449
4.653112,266.45436086644804,1.727208,2.495771,1.5431065261564305,0.808683962414593
4.62541,268.0501802002417,1.73938,2.519917,1.5494049653924602,0.8131886292754043
4.598037,269.64593455859534,1.740199,2.522167,1.54991088626517,0.8136490369706614
4.570985,271.2417529263386,1.754852,2.549949,1.557287940463739,0.8187146813840542
4.544249,272.83759846786563,1.766435,2.546506,1.5597477505665238,0.8163198180843894
4.517825,274.43337977898653,1.77157,2.551247,1.5616631786108055,0.8168365096081376
4.491704,276.02931626839165,1.776198,2.563406,1.5644232607681774,0.8192814771691943
4.465886,277.62508581723756,1.776988,2.555344,1.5635629135743383,0.8171541988542147
4.440361,279.22098766294,1.764849,2.55385,1.560316523367877,0.8183756185852673
4.415126,280.8168971848142,1.773875,2.560348,1.563438626169354,0.8188194781502921
4.390176,282.4128198960588,1.755253,2.563146,1.5591342783950153,0.8219773099461717
4.365508,284.00863862808177,1.749379,2.550018,1.5559202929424736,0.8194565015851621
4.341113,285.6046327289799,1.746929,2.555951,1.5560907776071904,0.8212731020520218
4.31699,287.20056891491527,1.738492,2.556518,1.5540456816562884,0.822536309639008
4.293134,288.796479215417,1.731806,2.562047,1.5531024368662922,0.8248158457498347
4.269539,290.39247188045357,1.711609,2.567473,1.5487584565857655,0.8288810269549678
4.246203,291.98839151119245,1.701213,2.576916,1.5474222568457212,0.8326479694213549
4.22312,293.58436037810907,1.66897,2.580983,1.539895535715373,0.8380383409582974
4.200286,295.18037200323977,1.653592,2.58799,1.5370032039122619,0.8418947967748454
4.177698,296.7763548250735,1.623264,2.609636,1.5324108691298504,0.8514805175852842
4.155352,298.3723121410653,1.594422,2.62135,1.5268579503263122,0.8584131875004412
4.133243,299.96832608196513,1.573429,2.637176,1.52386363219587,0.8652926496447256
4.111368,301.56434160114105,1.551945,2.648682,1.5201655335075717,0.8711820987970081
4.089723,303.1603812776562,1.526129,2.660852,1.5155150007104052,0.877870558441425
4.068305,304.75639953248344,1.485596,2.694615,1.510397079722097,0.8920220504186197
4.04711,306.3524302526988,1.472202,2.714725,1.5100369632232777,0.8988935589381974
4.026134,307.94851438128984,1.436932,2.752356,1.5069514134774031,0.9132198873116725
4.005375,309.5445455169616,1.420843,2.77005,1.5056620120695674,0.9198777606776775
3.984829,311.14057441360717,1.373988,2.797323,1.4984215033270771,0.9334232703511188
3.964492,312.73665932482646,1.347447,2.834026,1.4975797916508635,0.9462020039933563
3.944361,314.3327864766942,1.319925,2.865509,1.4957969528026385,0.9578536025999268
3.924434,315.92886617535163,1.28353,2.897906,1.4921399830721378,0.9710570163911694
3.904708,317.52489148996546,1.256357,2.946491,1.493237802637776,0.9866114408552609
3.885178,319.1210245708176,1.221761,2.994924,1.492699601244032,1.0031904602587145
3.865843,320.71710723896445,1.201399,3.053844,1.4971746104642192,1.0198690181678656
3.846699,322.31323116261495,1.161126,3.107994,1.4964846387944355,1.038431641538196
3.827744,323.90932726953525,1.138572,3.172845,1.5015858573870977,1.056498029863258
3.808975,325.50541392369337,1.11127,3.221451,1.5031644000826867,1.0715564444656862
3.790389,327.10151491047486,1.08586,3.29905,1.509804204924796,1.0925423274219608
3.771983,328.6976595599715,1.067277,3.359679,1.515322473732891,1.1085689872082694
3.753756,330.2937068898458,1.051788,3.434353,1.52374367447678,1.12694577753679
3.735703,331.88987026002866,1.034556,3.506361,1.5313973997169377,1.1448240021329907
3.717823,333.486016951318,1.019398,3.573777,1.5387853471022954,1.1612331137444936
3.700114,335.08210395679697,1.028028,3.666449,1.5549716760280377,1.1789439822355616
3.682572,336.67827377170084,1.012632,3.74677,1.564262034963077,1.1976158457647537
3.665196,338.2744016963895,1.016271,3.837395,1.5789168794291948,1.2151985484464778
3.647983,339.870548738851,1.024354,3.908662,1.5913853722156557,1.2280689731859369
3.630931,341.46668829564646,1.038285,4.012939,1.6098708412707832,1.2463543338769674
3.614038,343.06279679405696,1.057831,4.084116,1.6243026634981228,1.2571905753095256
3.597301,344.6589495847025,1.063642,4.166883,1.637702041429908,1.2721737210395787
3.580719,346.25503537138763,1.098518,4.254076,1.6571268625122177,1.2835698027219191
3.564288,347.85123536594125,1.123005,4.3342,1.6733692006012044,1.2950519223261723
3.548008,349.4473473566012,1.15921,4.422117,1.6927403824729925,1.3062005980915845
3.531876,351.0434635870568,1.187815,4.507009,1.7100760088621307,1.3177803140454916
3.515889,352.639683448482,1.229993,4.592637,1.7298100095358158,1.3274975213122993
3.500047,354.235809976266,1.268534,4.668672,1.747351621096395,1.3359280249130938
3.484347,355.83194899933903,1.31388,4.762225,1.7683365828916011,1.346526743289098
3.468787,357.42811074880063,1.371652,4.833718,1.7883256896695767,1.351464676686804
3.453366,359.02420536948586,1.423784,4.921369,1.809277465566517,1.360037112510831
3.438081,360.6203530399662,1.480127,4.979074,1.8268200019816954,1.362770824328288
3.422931,362.21647003693613,1.558352,5.068567,1.8521705292861206,1.3682776288297736
3.407914,363.8125797775413,1.629821,5.153395,1.8754732554470839,1.3738918923617256
3.393028,365.40870986033707,1.714976,5.209667,1.8973219690309453,1.3729000889239769
3.378271,367.004892147492,1.787131,5.282918,1.9188724198406322,1.376568328716393
3.363643,368.6009436792192,1.873015,5.353089,1.942205461706841,1.3780954449833593
3.34914,370.1971204548033,1.960923,5.415058,1.9647004696339296,1.3780874193532802
3.334762,371.7932446153578,2.028884,5.471612,1.9829955032312732,1.37963298229473
3.320507,373.3893601188011,2.109674,5.545147,2.0053154999201004,1.3826121127126731
3.306374,374.9854021353906,2.187118,5.59648,2.024325138857848,1.382307587988956
3.29236,376.58153543354916,2.29747,5.629543,2.0466773246857044,1.3752883593569138
3.278465,378.1775873770194,2.396043,5.694045,2.0704682686157656,1.3750621263582117
3.264686,379.77373137876043,2.500368,5.751845,2.0942987895825573,1.373214994109431
3.251023,381.3697977528919,2.594356,5.785832,2.1136719615436546,1.3686683897189271
3.237473,382.965968828157,2.711018,5.790595,2.1336368685503238,1.3569776294534965
3.224037,384.5619588112667,2.818972,5.820611,2.1547950375446,1.3506182487390115
3.210711,386.1580765132707,2.946085,5.829755,2.176920450421486,1.3389912798309345
3.197495,387.75415880243753,3.050563,5.847453,2.196123057604764,1.3313126920987788
3.184388,389.3501621033617,3.15007,5.8481,2.2127585429418763,1.3214501009732662
3.171387,390.94629069236896,3.278388,5.844311,2.233765620287974,1.308174623810031
3.158493,392.54226113529455,3.375814,5.842408,2.249821676474512,1.2984157947031383
3.145703,394.1382845106483,3.472356,5.836879,2.2653916718349567,1.2882714880098758
3.133016,395.73432883840997,3.57408,5.81396,2.2802142726083967,1.2748714166562205
3.120431,397.3303636580972,3.673379,5.791925,2.294772122497028,1.2619826045510756
3.107947,398.92636006984674,3.757433,5.763816,2.3062774195830427,1.2495929481549652
3.095562,400.5224201615086,3.850396,5.713788,2.317375206966272,1.2328146048218167
3.083276,402.11839095818857,3.930862,5.707384,2.3303363212578305,1.2245837538418836
3.071087,403.7143799573245,4.017609,5.664702,2.341195574204437,1.209788294154991
3.058994,405.31036804910366,4.094789,5.624204,2.350715386067511,1.1962749793816334
3.046996,406.90633791445737,4.174985,5.575428,2.3601186826877765,1.1811753453115608
3.035092,408.50227406615676,4.265105,5.525504,2.3712066743056246,1.165124925607353
3.023281,410.09816288991993,4.317261,5.4578,2.3744645138726925,1.149269649664813
3.011561,411.6941293900406,4.394712,5.40452,2.3833284660524257,1.133817700115767
2.999932,413.29002924066276,4.447251,5.342205,2.3872901128235635,1.1188847495542793
2.988392,414.88599353766165,4.495024,5.286135,2.3910179238466247,1.105415176373033
2.976941,416.48187988945693,4.544241,5.2391,2.3957811292305435,1.0934012160123008
2.965577,418.07782566428045,4.586879,5.146811,2.395935706093329,1.0740711837364127
2.9543,419.6736905527536,4.613042,5.103346,2.397113652200656,1.064477271512534
2.943108,421.2696183762199,4.642374,5.031934,2.3967359673217326,1.0497472538919268
2.932001,422.86547105543275,4.66464,4.968623,2.3958063525183046,1.0369416949699064
2.920978,424.461253730771,4.68116,4.927624,2.3956033728862467,1.0284724207211207
2.910037,426.05712023592827,4.692584,4.870802,2.393333783826419,1.017576827961842
2.899178,427.6529361080968,4.710361,4.823071,2.392904774299845,1.0077858199374465
2.8884,429.248713474588,4.709739,4.776243,2.389299692224538,0.9995068880524397
2.877702,430.8444668697453,4.718477,4.716022,2.386385912405788,0.9881096715085859
2.867082,432.44036410538655,4.724135,4.705043,2.386585884914033,0.9857267299160029
2.856541,434.03612410954366,4.722542,4.662417,2.383154037695364,0.978203029735502
2.846077,435.63191860234275,4.715047,4.626127,2.3791336380571275,0.972229328777394
2.83569,437.22761796952415,4.719347,4.615804,2.3791491765890553,0.9700535059801499
2.825378,438.82340132895484,4.720877,4.575922,2.3765001202867024,0.9627439024593776
2.815142,440.41898561422477,4.713416,4.553245,2.373490422506072,0.9591875654573773
2.804979,442.0147116965938,4.701817,4.5413,2.3705139933800017,0.9578724303425812
2.794889,443.6104560860914,4.694933,4.519864,2.367694478477872,0.9544863243727504
2.784872,445.20609349370454,4.691698,4.507054,2.3661686503072796,0.9523949189789782
2.774927,446.80165784541356,4.686372,4.489678,2.3639278413410127,0.9496224718629923
2.765052,448.3973480426408,4.672453,4.48459,2.361019133880397,0.9497148785553167
2.755248,449.992880495694,4.679456,4.493992,2.3629842192877684,0.950914518031471
2.745512,451.5886231784818,4.666298,4.483655,2.359828452841511,0.9499959614863427
2.735846,453.1841280539913,4.67259,4.483906,2.3609939569329286,0.9495801517901515
2.726248,454.77960332295515,4.659256,4.489228,2.3589540286175095,0.9515293527426136
2.716716,456.3752648418164,4.671236,4.496298,2.3616563670431856,0.9519373907960633
2.707252,457.970659547024,4.66223,4.498849,2.3602035058552695,0.9530637906517615
2.697853,459.56617502880994,4.677855,4.523305,2.364844114429641,0.956364305875388
2.688519,461.1616968301135,4.671748,4.526351,2.363958407981474,0.9573668861342065
2.67925,462.75710889241384,4.670216,4.54652,2.3651658962372166,0.9611418816821978
2.670044,464.3526413796926,4.678071,4.563462,2.3678391148735303,0.9636343050789878
2.660902,465.94800710435777,4.69348,4.584914,2.372208299062157,0.9663809880887416
2.651822,467.5434414527068,4.708498,4.6088,2.3766783288878193,0.9695885101448952
2.642804,469.1388328457199,4.729356,4.622361,2.3814335279016277,0.9704996897547122
2.633847,470.7342469019651,4.74235,4.648288,2.3856725374215695,0.9742091437712281
2.624951,472.3295726282129,4.768881,4.678263,2.392626996936148,0.9776415224752327
2.616115,473.9248786846143,4.787487,4.701281,2.3976380137975406,0.9803984114669994
2.607338,475.5202371154027,4.813573,4.71642,2.403398201773211,0.9811982043841627
2.59862,477.11553978650204,4.838295,4.742893,2.4097254877225507,0.9841147931921786
2.589961,478.7106771105819,4.891646,4.775592,2.421560251461551,0.9860568195892825
2.581358,480.30609624856373,4.933475,4.792498,2.4301747768175597,0.9860397790557323
2.572814,481.90113393350623,4.960026,4.83137,2.4376408846983293,0.9909929781551697
2.564325,483.49643044465887,4.992225,4.832798,2.443407452499502,0.9889463984110088
2.555892,485.0916955802514,5.052056,4.856922,2.4556180492974664,0.9889408496141182
2.547515,486.6868238263562,5.086529,4.866472,2.4623244566823073,0.9881865866200669
2.539193,488.2819005881002,5.154359,4.89586,2.4762155922601585,0.9885770882193899
2.530925,489.87701492537315,5.203664,4.916656,2.48623088659609,0.9887770332407495
2.522711,491.4720647747601,5.243275,4.901944,2.4920962241588662,0.9834981395340195
2.51455,493.06714282873673,5.305561,4.925137,2.504471654358187,0.9832686649556333
2.506442,494.66214817657857,5.348027,4.917173,2.511275607334614,0.9790189865338849
2.498386,496.257177233622,5.406239,4.919945,2.521512050108233,0.9755941875805864
2.490382,497.85213031575074,5.4675,4.921571,2.532174776066383,0.971807129294099
2.482429,499.4471076514171,5.519319,4.912063,2.540463328440714,0.966765185115844
2.474527,501.0420108570243,5.584065,4.893938,2.550410287898722,0.959441314838819
2.466675,502.63694406437816,5.631383,4.887065,2.5580898538051873,0.9552176192580639
2.458873,504.2318102642958,5.705156,4.886171,2.570672275798509,0.9503683231037774
2.45112,505.8267175821665,5.747854,4.866555,2.576742197410649,0.9443232242811037
2.443417,507.42136278825916,5.799461,4.840111,2.5839210461460325,0.9365826032531291
2.435761,509.0162721219364,5.855118,4.829791,2.5927973555332833,0.9313861319884397
2.428154,510.6109348912795,5.913915,4.796422,2.600805501717509,0.9221031708892798
2.420594,512.2056751359377,5.960843,4.760255,2.6066443882277173,0.9131001953121313
2.413081,513.8004004009811,6.022494,4.747042,2.6163835253921173,0.9071762518624942
2.405614,515.3952313214006,6.058355,4.703505,2.6199433836270063,0.8976348552785413
2.398194,516.9898615374735,6.117329,4.6887,2.629147509301077,0.8916768616848025
2.39082,518.58441204273,6.154383,4.651883,2.6333508353150505,0.8832630535998169
2.383491,520.1790080180709,6.192696,4.616863,2.63789710688946,0.8751029348229746
2.376207,521.7735592900787,6.234482,4.581528,2.643042987448193,0.8667146205638101
2.368967,523.3681955046228,6.276721,4.548437,2.648415100932558,0.8587092330047522
2.361772,524.9626060432589,6.297356,4.516861,2.6501992854145593,0.8521738393143984
2.35462,526.5571446772727,6.34152,4.484088,2.655959225198787,0.8441560317373444
2.347511,528.1517249546434,6.370344,4.453174,2.659216269923221,0.8373094829418622
2.340446,529.7460330210566,6.408904,4.420682,2.6640723150278247,0.8296850605487088
2.333423,531.3404316319844,6.432409,4.386736,2.666294354414822,0.8226278529106303
2.326442,532.9348352548656,6.455695,4.336245,2.667631978248391,0.8127517280039593
2.319503,534.5291573237887,6.490414,4.293079,2.671346818865763,0.8035420503397633
2.312605,536.1235420661981,6.529723,4.274915,2.677157877049382,0.7984054725811649
2.305749,537.7176717847432,6.545531,4.229984,2.6775837058750325,0.7898882844855164
2.298933,539.3119260108929,6.564143,4.197341,2.6791347228864804,0.7833389198654808
2.292157,540.9062223922706,6.578453,4.160844,2.679769133282901,0.7763437432579651
2.285422,542.5002402182179,6.612973,4.12589,2.6839786342636796,0.7686145387539368
2.278726,544.0943685199537,6.624156,4.082109,2.6837564982570146,0.7605214934088014
2.272069,545.6885261847241,6.642955,4.0463,2.6852578326010814,0.7534285815825257
2.265451,547.2826311405543,6.671628,4.022278,2.6890485633540027,0.7478998436129177
2.258872,548.8766003562839,6.694671,3.992919,2.691623190905767,0.741730680113573
2.252331,550.470594242143,6.698896,3.948349,2.690241531783257,0.7338279766617818
2.245827,552.0647779192253,6.740249,3.93105,2.696578952640088,0.7288957729480351
2.239362,553.6585795418516,6.749152,3.89864,2.6966098421354006,0.7228780261576017
2.232934,555.252409609957,6.765622,3.866046,2.6979550461240316,0.716477097265591
2.226542,556.8464390072139,6.761836,3.82384,2.695365239227334,0.7093361493925325
2.220187,558.4403403857422,6.799192,3.804339,2.700957356058632,0.7042575091876822
2.213869,560.0340327273203,6.807108,3.775333,2.7010235817544275,0.6988707957795325
2.207587,561.6276885123892,6.809591,3.729551,2.699408800599622,0.6908088539926874
2.20134,563.2214850954418,6.852581,3.708272,2.7059368534621813,0.6852103727504497
2.195129,564.8150901382105,6.851702,3.671606,2.7041774257960403,0.6788766826050946
2.188952,566.408940899572,6.866813,3.642328,2.7055334344176742,0.6731256678748005
2.182811,568.0024445542925,6.882904,3.609003,2.7068986621340314,0.6666306076554003
2.176704,569.5960424568522,6.890633,3.581161,2.707055318309025,0.6614495418285334
2.170631,571.1896605180705,6.895963,3.535364,2.7060447892389763,0.6532345684112373
2.164593,572.7829591983342,6.918423,3.510353,2.7089168581810488,0.6479255702142681
2.158587,574.3766565813655,6.933095,3.486656,2.7104929896157883,0.6431774613248924
2.152616,575.9698822270204,6.942579,3.444952,2.7104312944834428,0.6354988608291845
2.146677,577.5633614186019,6.965693,3.412861,2.7131650006871793,0.6289446088121446
2.140771,579.1567542721757,6.961816,3.380944,2.7111966117809714,0.6235150902204534
2.134898,580.7499861820096,6.967906,3.346786,2.710893990220042,0.6172845585393661
2.129057,582.343255253382,6.989728,3.318882,2.713612083894265,0.611524767983256
2.123248,583.9364897553182,6.992068,3.288582,2.7128297527671803,0.6061165461351807
2.117471,585.5296171706719,6.997297,3.254302,2.7124097350669434,0.5998912992250566
2.111725,587.1228422261421,7.012024,3.222975,2.713787071143664,0.5938150111832003
2.106011,588.7158158243237,7.001927,3.179898,2.7103595882000655,0.5866192098355024
2.100327,590.3090252136928,7.004608,3.144355,2.709482987755903,0.5802499986545913
2.094674,591.902121284744,7.013931,3.118814,2.7101672095216234,0.5753914350824331
2.089052,593.495032196422,7.018241,3.088186,2.70978543800975,0.5698211298729565
2.08346,595.0879709713648,6.995053,3.04,2.70389849329149,0.5621512803720987
2.077898,596.6808688395677,7.01193,3.016541,2.7060295224319213,0.5573740003562525
2.072366,598.2736562943031,6.989662,2.974929,2.7005629713016046,0.5507979320634313
2.066863,599.8665533225956,6.992772,2.948442,2.700159490787884,0.5459755266418853
2.061389,601.4594935744781,6.986113,2.91852,2.6979013759525556,0.5408870809759586
2.055945,603.0521166665451,6.982106,2.890336,2.6961838495139148,0.5360049910025774
2.050529,604.6449399155047,6.976476,2.853844,2.693890421251907,0.5296882117932916
2.045143,606.2373066333258,6.961901,2.813072,2.689856736685012,0.522903685098642
2.039784,607.8300369058684,6.944338,2.80018,2.6862598264885116,0.5212042357906244
2.034454,609.4224710905235,6.930977,2.767423,2.682724744979267,0.5157858638272982
2.029151,611.0151408150501,6.923659,2.75718,2.681055265110396,0.5141967858477677
2.023876,612.6076814982736,6.907274,2.723278,2.676939310904418,0.5086551624287527
2.018629,614.200025859135,6.895346,2.713971,2.674469202813675,0.5073849788856732
2.013409,615.7924117752528,6.89135,2.696876,2.6731638363101182,0.5044352245395128
2.008216,617.3847753428913,6.858286,2.668592,2.6662203503387505,0.5004447587501439
2.00305,618.9770519957065,6.84725,2.655023,2.6637591615598177,0.49836018179010194
1.997911,620.5691765048592,6.823905,2.638121,2.6589479042264936,0.4960836193530927
1.992798,622.1613951840577,6.813781,2.634299,2.656977873291859,0.4957322050891298
1.987711,623.7536462795647,6.799022,2.623025,2.6539097809420857,0.4941812677348961
1.982651,625.3455519907437,6.772767,2.612675,2.648773169297941,0.4931858700253464
1.977616,626.9376784977467,6.761374,2.615743,2.6467984090452785,0.4941334011424617
1.972607,628.5296483283289,6.732845,2.602793,2.6411432284123597,0.49273984311039976
1.967623,630.121717422494,6.7273,2.594856,2.639857785173428,0.49147647547034984
1.962664,631.7138256981327,6.706247,2.599422,2.636157785990241,0.4930323241299382
1.957731,633.3055889700883,6.700683,2.615258,2.6356827122881477,0.4961253469181015
1.952823,634.8972661628832,6.679386,2.618915,2.631905067268668,0.4975321930433173
1.947939,636.4891220926322,6.661844,2.623884,2.6288588210940005,0.4990538059605781
1.94308,638.0807707351215,6.676899,2.63767,2.6321014298989223,0.5010578182964042
1.938245,639.6724789693769,6.649017,2.643313,2.6271840531208888,0.5030696263666701
1.933434,641.2641879681437,6.638925,2.650521,2.625584929024727,0.5047486696582569
1.928647,642.855838315669,6.625488,2.668073,2.6237393065855,0.5084485705769669
1.923884,644.4473700077551,6.633745,2.694042,2.6261819859237314,0.5129198993900642
1.919145,646.0387224519251,6.644043,2.712833,2.628743621826398,0.515994214398736
1.914429,647.630172756472,6.646502,2.729333,2.62978831392478,0.5189263686259705
1.909737,649.2213241928076,6.632246,2.734714,2.627373336475763,0.5204273717088528
1.905067,650.8127976601347,6.667027,2.767236,2.6349130967336696,0.5251095384190017
1.90042,652.4041969669862,6.674558,2.77387,2.6365284552320616,0.5260459060275626
1.895796,653.9954636469324,6.696175,2.798262,2.6413555390677956,0.5297018819714784
1.891195,655.5865386699943,6.731243,2.820599,2.648542866426679,0.5324812816425081
1.886616,657.177710779512,6.732815,2.833825,2.64931134163921,0.5348229472808255
1.88206,658.7685748594624,6.771833,2.852087,2.6570440538711293,0.5367029944130408
1.877525,660.3597736381672,6.778941,2.867557,2.6588943710813906,0.5392386081952073
1.873013,661.9505491953339,6.808336,2.857759,2.6638428306602737,0.5363978248092928
1.868522,663.5415499523152,6.849973,2.886236,2.6723748573322736,0.5400133128930152
1.864053,665.1323669445021,6.876372,2.895763,2.67746155919341,0.5407664939309814
1.859605,666.7233009160548,6.914329,2.891036,2.6840947469368075,0.538549543249053
1.855179,668.3139384393635,6.976581,2.910673,2.695922136953772,0.5398288326102927
1.850774,669.90458262327,6.991181,2.900899,2.698176927313209,0.5375664899204107
1.84639,671.4951792416553,7.042747,2.913161,2.7077865656813462,0.537922936194747
1.842026,673.0860389592764,7.102146,2.916445,2.718435603382406,0.536419732799854
1.837684,674.6763774402998,7.130738,2.900904,2.7229545551583967,0.5326758014570044
1.833362,676.2668714634643,7.159325,2.900577,2.727995087912571,0.5316316390839778
1.829061,677.8570993531653,7.216362,2.88849,2.737639893645171,0.5275511229042568
1.824779,679.4477490150862,7.275298,2.887445,2.7479666187197993,0.5253784708173018
1.820518,681.0380254411107,7.320468,2.851296,2.7546888247092762,0.5175350432368563
1.816277,682.628246682637,7.369112,2.847049,2.763067166566929,0.5151972117162495
1.812056,684.2183596974928,7.412152,2.810424,2.7694064906142404,0.5074054692810123
1.807855,685.8083109541417,7.437812,2.781252,2.772960388851935,0.501495082869088
1.803673,687.3984275420211,7.502579,2.767903,2.783832974127518,0.4971388416123438
1.79951,688.9886602464004,7.572622,2.738134,2.79509158254484,0.489811141985376
1.795367,690.578574742657,7.591892,2.699064,2.797257291277421,0.482448291120089
1.791243,692.1685019843762,7.655922,2.671839,2.807550034225864,0.4758310568696097
1.787138,693.7583913497447,7.711892,2.606519,2.8153472268839965,0.46291252729150456
1.783052,695.3481917521193,7.734938,2.542063,2.8175244472712846,0.45111640512328743
1.778985,696.9378516401206,7.780639,2.505434,2.8244217539000114,0.4435304317672201
1.774937,698.527318997801,7.819786,2.441256,2.829468246307714,0.4313983737378376
1.770907,700.1169366883748,7.868551,2.398549,2.8367723219051624,0.4227602232083871
1.766895,701.7066571584616,7.901424,2.319071,2.840435060635533,0.4082246118101923
1.762902,703.2960334720818,7.961058,2.276699,2.849672216370348,0.3994668205910103
1.758927,704.8854125270691,7.964544,2.186151,2.8481286252557196,0.38378726659574813
1.75497,706.4747454372439,8.049091,2.124488,2.8612787480804527,0.37124799557282834
1.75103,708.0643872463635,8.037279,2.013167,2.8568208292375683,0.352343937603059
1.747109,709.653481265336,8.043386,1.908458,2.8557032807367078,0.33414851130956147
1.743205,711.2427878534079,8.055112,1.805075,2.8556957928646396,0.31604819471846984
1.739319,712.8318520064461,7.98122,1.605294,2.8392145914162454,0.28270036453976843
1.73545,714.4210343138667,7.855644,1.54998,2.8162687766072327,0.27518325183920683
1.731599,716.0098752655781,7.750441,1.492514,2.7967196555250995,0.26683296573030535
1.727765,717.5987382543343,7.721577,1.446259,2.7908268819631794,0.25910940756429957
1.723948,719.1875764234187,7.651165,1.450798,2.778368586169022,0.261088108903586
1.720148,720.7763425007615,7.593897,1.444195,2.7680229029440726,0.26087121578075684
1.716365,722.3649887990025,7.554527,1.430292,2.760729965646585,0.2590423579629264
1.712598,723.9538899379772,7.488984,1.448745,2.749255436825171,0.2634795189625963
1.708848,725.5425783919927,7.48002,1.429844,2.747314587221997,0.2602257503837255
1.705115,727.1310052401158,7.460585,1.411379,2.743492066105739,0.25722308758184054
1.701398,728.7195494528617,7.43184,1.421452,2.7384663704118224,0.2595343173387656
1.697697,730.3081668872595,7.411337,1.398212,2.7343567038738508,0.2556747621879598
1.694013,731.8963809604767,7.392157,1.398346,2.730880022273728,0.25602479577915305
1.690345,733.484575042373,7.376486,1.395526,2.727986282724509,0.2557795119494245
1.686693,735.0727038056125,7.372592,1.379914,2.727013965637865,0.2530082385693298
1.683056,736.6611592246484,7.353154,1.383876,2.723545368830034,0.25405782033924373
1.679436,738.2490216953787,7.33658,1.381077,2.720479647139819,0.2538296879838813
1.675831,739.8371220009655,7.321014,1.372078,2.717489034904255,0.2524532725572416
1.672242,741.4249755717175,7.317739,1.365194,2.7167750928164716,0.25125267152399894
1.668668,743.0129804131199,7.296625,1.367046,2.7129509533287526,0.25194815968247675
1.665109,744.6010945829972,7.284935,1.364081,2.7107637029057967,0.2516045567781829
1.661566,746.1888266851872,7.278747,1.358705,2.7095406558770545,0.2507260773247556
1.658038,747.776579306385,7.277531,1.357136,2.7092916037848926,0.2504595662763052
1.654526,749.3638564761146,7.262338,1.353979,2.706456606408777,0.25013868627966057
1.651028,750.9515186901737,7.261382,1.351504,2.706239609224203,0.2497014668238187
1.647545,752.5390711634583,7.250872,1.345545,2.704212802484077,0.24878681861944965
1.644077,754.1264697456384,7.25232,1.34349,2.7044436456407217,0.24838565265827658
1.640624,755.713669920713,7.25084,1.336509,2.704055008720083,0.24713051245074596
1.637185,757.3010893698635,7.257645,1.331529,2.7052194051973917,0.2461036981772724
1.633761,758.8882241649787,7.25937,1.33028,2.705514786113252,0.24584600439591112
1.630351,760.4754951541108,7.260719,1.325986,2.705690649783621,0.24503651223136783
1.626956,762.0623938201155,7.265532,1.326935,2.7065884401211595,0.24513054521517913
1.623574,763.6498145449483,7.27017,1.321087,2.707341386789636,0.243982344902307
1.620207,765.2367777697541,7.272919,1.317878,2.7077920576677847,0.2433491885516279
1.616855,766.8232364683289,7.29389,1.309778,2.7114983534757964,0.24152292003442166
1.613516,768.4100957164354,7.29883,1.312806,2.7124513224002107,0.24199623218276142
1.610191,769.9968413685084,7.298651,1.301674,2.7122376915859054,0.23996311312208105
1.60688,771.5834312456436,7.326085,1.29253,2.717104692714729,0.2378506068363161
1.603582,773.1703049797266,7.340007,1.282894,2.719492910971267,0.23587007614993438
1.600299,774.7564573870258,7.346142,1.273852,2.720469780993517,0.23412353426965665
1.597028,776.3432976754322,7.364904,1.254036,2.7235829996699743,0.2302180620439981
1.593772,777.9293299167007,7.39011,1.239874,2.727957842791086,0.22725314529263993
1.590528,779.5159745694511,7.412271,1.216041,2.7316323145670434,0.2225850443918066
1.587298,781.1022152110063,7.432187,1.192651,2.7349093907134407,0.2180421413685083
1.584082,782.6880073127527,7.477059,1.1624,2.7426203886783163,0.21191412504596865
1.580878,784.2742982064397,7.486333,1.131891,2.7438795746205473,0.20625741203611875
1.577688,785.8600585160057,7.503849,1.089448,2.7464860689261053,0.19833488549715905
1.57451,787.4462429581265,7.538826,1.034029,2.7521115104912117,0.1878610288969433
1.571346,789.031813489836,7.549701,0.973928,2.753358151761999,0.17686184403157754
1.568194,790.6177322448625,7.569801,0.931499,2.7565104110688066,0.16896344672952282
1.565055,792.2034586643919,7.567447,0.879432,2.7555238269949593,0.15957619226233785
1.561929,793.7889519946169,7.565305,0.822456,2.7545584945719397,0.1492899863300622
1.558815,795.374681408634,7.544218,0.751425,2.75006960362221,0.13661926938326888
1.555714,796.9600993498805,7.529467,0.687104,2.74683635776172,0.1250718846170904
1.552625,798.54567844779,7.512455,0.636154,2.743337075387102,0.11594528534380649
1.549549,800.1308664650165,7.484463,0.593842,2.737923276033653,0.10844752393140072
1.546485,801.7161395034545,7.449419,0.542915,2.731171513332347,0.09939232987561107
1.543433,803.3014610935492,7.41229,0.49755,2.7240833554420703,0.0913242979525603
1.540394,804.8862719537988,7.374156,0.458259,2.7168490283540057,0.08433648598384584
1.537367,806.4710534309635,7.33085,0.420765,2.708668057062819,0.07767009303758503
1.534351,808.0562948112915,7.289903,0.390979,2.700951975650769,0.07237799922484589
1.531348,809.6409072268355,7.248349,0.361857,2.693113886804059,0.06718189709188366
1.528356,811.2259080999452,7.209131,0.339802,2.685727632447418,0.06326069626247678
1.525376,812.8107325669212,7.169196,0.321369,2.6782075430564887,0.05999703063214344
1.522408,814.395342115911,7.126922,0.302939,2.6702321528877175,0.05672521763180689
1.519452,815.9796979437323,7.090376,0.289851,2.663331936538202,0.05441510988989881
1.516507,817.5643000658749,7.043086,0.271886,2.6543754338626235,0.05121468435313813
1.513574,819.1485741694822,6.997172,0.254433,2.6456538276563397,0.048085089088428346
1.510652,820.7330238863748,6.956467,0.240579,2.6379056834166636,0.04560037940560683
1.507742,822.3170701618711,6.940045,0.228064,2.6347520103794464,0.04327997456715864
1.504843,823.9012202601866,6.93906,0.219855,2.634540001098438,0.04172550044947604
1.501955,825.4854399765638,6.937938,0.214316,2.6343106659188575,0.04067781427086218
1.499079,827.0691431205425,6.919645,0.209382,2.6308227921279372,0.03979401437194936
1.496213,828.6533962744609,6.893773,0.20479,2.625889099738412,0.03899441145866084
1.493359,830.2370588719791,6.881295,0.1982,2.6234942116973348,0.03777404941781309
1.490516,831.8206473462881,6.860562,0.196455,2.6195358566241245,0.03749805514271
1.487683,833.4046863478308,6.818281,0.193539,2.611446752175777,0.037055896284074456
1.484862,834.9880217824956,6.79077,0.188355,2.606161131909277,0.0361364839828603
1.482051,836.5717401088086,6.785891,0.182076,2.6052086530177783,0.03494460986628899
1.479252,838.1546781751857,6.778732,0.180106,2.6038295087125065,0.03458482965135884
1.476462,839.7384991960511,6.748832,0.182257,2.598088195318285,0.03507521421490663
1.473684,841.3214664744952,6.723464,0.177573,2.5931903638269604,0.03423832713499039
1.470916,842.9046825243589,6.713432,0.174056,2.591246799811014,0.03358537674078723
1.468159,844.4875411995566,6.70437,0.173695,2.5894970210494153,0.033538366444927956
1.465412,846.0705821980439,6.690665,0.172009,2.5868456378057245,0.033246862024963186
1.462675,847.6537740783153,6.665282,0.175052,2.5819432915338267,0.03389927280238609
1.459949,849.2365034669019,6.641817,0.173446,2.5773919297634733,0.03364757955456167
1.457233,850.8193157854646,6.616674,0.170454,2.572502982755608,0.03312999074104359
1.454528,852.4015928191137,6.595508,0.168013,2.5683803867576738,0.032707966636537356
1.451832,853.9844720325767,6.575907,0.168004,2.564562318199101,0.032754906910975164
1.449147,855.566746506738,6.554949,0.160788,2.560455985580901,0.031398313602240525
1.446472,857.1489693544015,6.541382,0.157239,2.5577972505355824,0.030737189972165267
1.443806,858.731702181595,6.521454,0.152177,2.553887553352915,0.029793206791778996
1.441151,860.3137242384731,6.503099,0.14606,2.5502782251595186,0.028636091262328207
1.438506,861.8955944570268,6.490389,0.140787,2.547774005766133,0.027629412907383834
1.43587,863.4778803094987,6.471605,0.13421,2.544071686601421,0.02637700830263823
1.433244,865.0599507132072,6.460912,0.130267,2.5419615564836797,0.025623322207162385
1.430628,866.6417713060277,6.448833,0.118543,2.5395625058030618,0.023339256216200113
1.428022,868.2233074840584,6.442291,0.114687,2.5382673972620995,0.022591591438267857
1.425425,869.8051346089762,6.437682,0.107178,2.537346657114886,0.021120094035928065
1.422838,871.3866118279101,6.420973,0.10275,2.5340449939621026,0.02027390994335455
1.42026,872.9683184768985,6.412603,0.095527,2.532382029026033,0.018861095779603175
1.417692,874.5496088007832,6.403893,0.091264,2.530655674299446,0.018031690547004018
1.415133,876.13106612594,6.394168,0.086611,2.5287272054930683,0.017125413886449517
1.412584,877.7120397795811,6.383234,0.078827,2.526554442466474,0.015599703429119647
1.410044,879.2931170942182,6.368626,0.072862,2.523654967020861,0.014435808569746083
1.407513,880.8742683016071,6.370166,0.066569,2.523953230304411,0.013187447215884912
1.404991,882.4554634157797,6.37769,0.063386,2.525440058653285,0.012549496033943387
1.402479,884.0360418943884,6.389715,0.059043,2.5278155373990385,0.01167866071048472
1.399975,885.6172317362809,6.39962,0.057345,2.5297724127061154,0.01133402350976825
1.397481,887.197739361036,6.401524,0.055514,2.5301471008726653,0.01097050839076253
1.394996,888.7781642384638,6.389514,0.054886,2.5277721150592805,0.010856595749473258
1.392519,890.3591146691714,6.374492,0.052528,2.5247970632005763,0.010402420211425687
1.390052,891.9392828469726,6.359312,0.049574,2.5217867895658745,0.009829141822200994
1.387594,893.5192743698805,6.339947,0.045206,2.517941139612491,0.008976778545143414
1.385144,895.0997037131157,6.331255,0.04008,2.5162111260701137,0.007964355531376286
1.382703,896.6798972736733,6.339873,0.038275,2.5179219145574114,0.0076005136971644665
1.380271,898.2598228898527,6.342975,0.035733,2.518536345748026,0.007094001255971669
1.377847,899.8401012594286,6.340436,0.035468,2.5180320889639196,0.007042801431211199
1.375432,901.420051300246,6.323224,0.034564,2.5146115471523176,0.00687263208488808
1.373026,902.9996402107461,6.307254,0.030853,2.5114322070168638,0.0061425110169799155
1.370628,904.5794949468418,6.298989,0.026954,2.5097844199411345,0.005369783911673126
1.368239,906.1589269126226,6.309359,0.025653,2.5118489356048035,0.005106397848278831
1.365858,907.738567259554,6.313871,0.021153,2.512745255068857,0.00420914136786516
1.363486,909.3177223675197,6.315639,0.021631,2.513097196973288,0.004303653679985647
1.361122,910.8970275992893,6.304738,0.02123,2.510927293240688,0.0042275218516024185
1.358766,912.4764558430222,6.280347,0.017961,2.506064612399726,0.0035835069676770684
1.356419,914.0553059194835,6.263466,0.015805,2.5026937428345524,0.003157597697536098
1.35408,915.634219543897,6.263981,0.011378,2.5027956702042577,0.0022730581116810157
1.351749,917.2131690128862,6.267798,0.00863,2.5035576627302247,0.00172354727995778
1.349426,918.7921264300525,6.277418,0.006576,2.505477942867488,0.0013123244646164897
1.347111,920.3710637059604,6.284159,0.004616,2.5068226597957146,0.0009206873853477987
1.344805,921.9492669940994,6.288685,0.007537,2.507725514939009,0.0015027561738703936
1.342506,923.5280765970506,6.288418,0.006456,2.5076721589975732,0.0012872496064498561
1.340216,925.1060903615536,6.285578,0.008784,2.5071061144026636,0.001751820545144257
1.337933,926.6846576024359,6.276412,0.003752,2.5052769429207835,0.000748819409043067
1.335658,928.2630613525317,6.271464,0.004137,2.504289256904578,0.000825982858924373
1.333391,929.8412723649701,6.272531,0.014168,2.5045037433466657,0.0028285044567496315
1.331132,931.4192612002415,6.255572,0.008081,2.5011146734555543,0.0016154797070575904
1.328881,932.9969982263273,6.248576,0.003081,2.499715259742387,0.00061627019061958
1.326638,934.574453618847,6.242665,0.006009,2.498532858703274,0.0012025056982996152
1.324402,936.1523042097489,6.224678,-0.008225,2.4949310044632353,0.0016483421756086295
1.322173,937.7305269431457,6.222699,-0.00209,2.4945338593594126,0.00041891594154305745
1.319953,939.3076753490465,6.226174,-0.003052,2.495230324842566,0.0006115667898820893
1.31774,940.8851397088955,6.225125,-0.001637,2.495020061566456,0.00032805347443722917
1.315535,942.4621800256169,6.219281,-0.007193,2.493849049118957,0.0014421482332113735
1.313337,944.0394841537244,6.21804,-0.00489,2.493600000280732,0.0009805101057899321
1.311146,945.6170281570473,6.210738,-0.00747,2.4921356797223737,0.0014987145484572275
1.308963,947.1940643089223,6.206542,-0.011528,2.4912943128036353,0.0023136567889543336
1.306788,948.7705611009588,6.197004,-0.009301,2.4893789365893055,0.0018681366390809122
1.304619,950.3479437291653,6.198931,-0.005836,2.4897655258234876,0.0011719979128771768
1.302459,951.9240022142731,6.195884,-0.013331,2.489154710077734,0.002677816679320434
1.300305,953.5008970972194,6.195655,-0.013922,2.4891088407053776,0.0027965832133230494
1.298159,955.0771392410328,6.193946,-0.01834,2.488766677684419,0.003684555921693084
1.296019,956.6541725082733,6.19827,-0.005752,2.4896327710055903,0.0011551904496518832
1.293887,958.230497717343,6.191587,-0.015078,2.488291819627146,0.0030297893280064846
1.291763,959.8060820754271,6.188864,0.002109,2.487742788085768,0.0004238782259747428
1.289645,961.382383524148,6.176584,-0.018273,2.4852761445812486,0.003676251437880655
1.287534,962.9586356554468,6.169224,-0.006081,2.4837925635022446,0.0012241360428938573
1.285431,964.5340621161306,6.159875,-0.007728,2.48191003540218,0.0015568654564728007
1.283334,966.1101350077221,6.149807,-0.012725,2.4798817678554776,0.002565646508847202
1.281244,967.6860800909116,6.146384,-0.016464,2.4791924139315853,0.003320436103989157
1.279162,969.2611131350055,6.145969,-0.012359,2.4791077453809174,0.0024926306698685296
1.277086,970.8367204714483,6.139029,-0.008959,2.4777070586694365,0.0018079215556178752
1.275017,972.4121199952627,6.136962,-0.022252,2.477293315456583,0.004491192032290712
1.272955,973.9872847037011,6.13672,-0.014322,2.477242086722896,0.002890714653331446
1.2709,975.5621874262333,6.129385,-0.019032,2.4757624631123014,0.0038436643829073947
1.268851,977.1375709204626,6.122812,-0.017155,2.4744340800009104,0.003466449184966262
1.266809,978.7126425530604,6.125769,-0.019046,2.4750320814552516,0.0038476268939213404
1.264774,980.2873746614018,6.137978,-0.020676,2.477497812695969,0.004172758477135612
1.262746,981.8617394155277,6.144115,-0.018814,2.478735444260706,0.0037950802784451534
1.260724,983.4364888746466,6.149646,-0.019551,2.479851112291149,0.00394197052862325
1.258709,985.0108198161766,6.158261,-0.017606,2.4815869083165616,0.0035473269021945755
1.2567,986.5854889790721,6.15393,-0.0147,2.4807133608146104,0.0029628574248633265
1.254698,988.1596878292623,6.138634,-0.022719,2.477630929053931,0.00458482329503595
1.252702,989.7341778012648,6.127177,-0.019576,2.475316673887627,0.003954241533298178
1.250713,991.3081450340725,6.12254,-0.016901,2.4743790460624506,0.003415200275554995
1.24873,992.8823556733641,6.124587,-0.019797,2.474793526300925,0.003999727611552796
1.246754,994.4559905161724,6.129678,-0.022725,2.4758229061138373,0.004589383179223039
1.244784,996.02982043471,6.138444,-0.017586,2.477590885414054,0.00354901208735876
1.242821,997.6030208694574,6.148244,-0.027074,2.4795712946341646,0.005459411483480241
1.240863,999.1771726612848,6.154948,-0.021699,2.480920620386606,0.004373174986268354
1.224385,1012.624284028308,6.002085,-0.013242,2.4499167952660277,0.0027025407608377897
1.220322,1015.9957650521748,5.993912,-0.007795,2.448247237172231,0.0015919552326966759
1.216285,1019.3679803664436,5.990195,-0.022094,2.4474916491361522,0.004513600691517427
1.212273,1022.7415639876497,5.978454,-0.01155,2.445088869236572,0.0023618773422011343
1.208287,1026.1154709104705,5.973068,-0.014572,2.4439879065806736,0.0029811931476600383
1.204326,1029.490340655271,5.971663,-0.005807,2.4436989200224777,0.0011881578274852683
1.20039,1032.8659718924682,5.964615,-0.010077,2.4422570004359017,0.0020630506941892897
1.196478,1036.2430266164527,5.957935,-0.015613,2.440890253288873,0.0031982183506603164
1.192591,1039.6204432198465,5.948575,-0.00851,2.438970693466552,0.001744588408177365
1.188727,1042.9997669776153,5.941906,-0.009617,2.4376033088438014,0.001972634342278481
1.184888,1046.3790535476771,5.947868,-0.013699,2.438826744112654,0.00280852258837516
1.181073,1049.7589767948298,5.941966,-0.013607,2.437616415668965,0.0027910461860518425
1.177281,1053.1402307520464,5.934075,-0.010928,2.435996722320927,0.002243024364502283
1.173512,1056.5226295086882,5.93144,-0.003246,2.4354548741654,0.0006664052854044401
1.169767,1059.9050785327333,5.920369,-0.007356,2.433181309507874,0.00151160128745112
1.166045,1063.2882813270498,5.918656,-0.010014,2.4328296766860142,0.002058097222373371
1.162345,1066.6729619863293,5.908677,-0.006303,2.43077738201366,0.001296498817011014
1.158667,1070.05894187027,5.910933,-0.005847,2.4312413384810796,0.0012024721501437405
1.155012,1073.4451105269902,5.897012,-0.006188,2.4283767465811916,0.0012741021360063956
1.15138,1076.8312668276328,5.900427,-0.005255,2.4290796961078214,0.001081685382296643
1.147769,1080.2190893812256,5.907115,-0.009303,2.430456472100655,0.0019138380190015895
1.144179,1083.608407425761,5.89235,-0.006314,2.427416670342201,0.0013005595778151726
1.140612,1086.9971418852335,5.886931,-0.003797,2.4262999839786543,0.0007824671362349524
1.137066,1090.3869995233347,5.88419,-0.009851,2.425735790023934,0.002030517923717102
1.13354,1093.7787674012386,5.88096,-0.002337,2.4250691190503524,0.0004818419364083697
1.130036,1097.1703414758467,5.868437,-0.004925,2.422485920146573,0.0010165177760746102
1.126553,1100.562498169194,5.855403,-0.000842,2.4197940057512435,0.00017398175162274465
1.12309,1103.9560355804076,5.864254,-0.004319,2.421622347772567,0.0008917575451329857
1.119648,1107.3497956500614,5.864478,-0.00371,2.4216685542735186,0.0007660007793359608
1.116226,1110.7445839820969,5.860235,-0.00189,2.4207922571726863,0.00039036806926505527
1.112824,1114.1402270260166,5.849327,-0.000844,2.4185382011548238,0.00017448556297025962
1.109442,1117.5365490039135,5.859982,-0.00476,2.4207401691680936,0.0009831703668235611
1.10608,1120.9333719079993,5.849097,-0.00252,2.4184907011246706,0.000520986084212051
1.102737,1124.3315350804405,5.833059,-0.002414,2.415172716340858,0.0004997572190276746
1.099414,1127.7298488103663,5.836498,0.006756,2.415884921739904,0.0013982454087352416
1.09611,1131.129160394486,5.841326,0.006767,2.4168839359474203,0.0013999431042242183
1.092825,1134.5293015807654,5.829809,-0.004108,2.414499891008463,0.0008506937639488264
1.089559,1137.9301019953944,5.827322,0.001194,2.413984685361884,0.00024730894247378555
1.086312,1141.3313891405048,5.825387,0.001055,2.4135838596920847,0.00021855466018413656
1.083084,1144.7329883924053,5.824646,0.003437,2.4134304437926417,0.0007120569828015803
1.079874,1148.1357862120951,5.820119,0.000384,2.412492281093121,7.958574740061216e-05
1.076682,1151.5396226555288,5.813706,0.00035,2.4111627911171247,7.257908813668069e-05
1.073509,1154.943259907462,5.812557,0.004335,2.4109246790930037,0.0008990326488013429
1.070353,1158.3486793609209,5.802395,0.006864,2.4088165206088856,0.0014247660502342064
1.067216,1161.753556918187,5.801149,0.004623,2.4085576432856763,0.0009597030014817785
1.064096,1165.159895347788,5.790195,0.004665,2.4062825976213236,0.0009693375177951974
1.060994,1168.5664424115498,5.795409,0.003584,2.4073656876562723,0.0007443821308607412
1.057909,1171.9741338810804,5.796796,0.001077,2.407653639962479,0.00022366173873184815
1.054841,1175.382815040371,5.794337,0.002774,2.4071429812141316,0.0005762017507915728
1.051791,1178.7912085195633,5.794943,0.00276,2.40726885258613,0.0005732637627611127
1.048758,1182.2002635498368,5.780754,0.002586,2.4043199223916707,0.0005377820098646964
1.045741,1185.6109533813822,5.779815,0.001634,2.4041246048169427,0.0003398326348342204
1.042742,1189.0208546313468,5.789203,0.010586,2.4060772721015025,0.0021998462233635773
1.039759,1192.4320770486236,5.772669,0.002696,2.402637990787851,0.0005610499810974629
1.036792,1195.8444741085966,5.763944,8e-06,2.400821526062022,1.666000468656264e-06
1.033842,1199.2567374898679,5.776329,0.002109,2.4033995074695036,0.000438753522551261
1.030908,1202.6698638481805,5.766442,0.007208,2.401342177300585,0.0015008273432100087
1.02799,1206.0837012033192,5.765135,0.009174,2.4010703133437468,0.0019103980314558885
1.025088,1209.498095773241,5.753613,0.000655,2.3986690098138896,0.00013653405222441764
1.022202,1212.912891972428,5.761027,0.001015,2.4002139581101214,0.00021143948369847982
1.019331,1216.3291256716413,5.759674,0.010327,2.3999330467809368,0.0021515183546346687
1.016477,1219.744257863188,5.760329,0.006349,2.4000689051476995,0.0013226703587934303
1.013637,1223.1617275217855,5.751645,0.003537,2.39825885670698,0.0007374099734337334
1.010813,1226.5789854305394,5.753087,0.008606,2.3985600301870758,0.0017939930398463797
1.008005,1229.9958670839926,5.750217,0.012054,2.3979623260382623,0.002513383940434007
1.005211,1233.414660205668,5.736544,-0.005759,2.3951086500168657,0.001202241910801077
1.002432,1236.8340037029943,5.752508,0.018067,2.3984416160913296,0.0037664039597593776
0.999669,1240.2525075800088,5.740512,0.010103,2.395937487745469,0.002108360516913416
0.99692,1243.672495285479,5.744132,0.019803,2.396695447433893,0.004131313392579911
0.994185,1247.0938346484809,5.7296,-0.007099,2.3936587473828292,0.0014828763722333819
0.991465,1250.5151306400123,5.724788,0.001275,2.392652935757842,0.000266440649310549
0.98876,1253.9362271936566,5.719687,0.012512,2.3915881423424095,0.0026158350132144156
0.986069,1257.35824166463,5.719091,0.000966,2.3914621136014826,0.00020196849293355702
0.983392,1260.7810354365297,5.724684,0.000642,2.392631191387302,0.0001341619210682726
0.980729,1264.2044683087784,5.721117,-0.001981,2.391885693649632,0.0004141084181938063
0.978081,1267.6271024587943,5.717862,-0.00944,2.3912059502014578,0.0019738994039426782
0.975446,1271.0513795740615,5.705539,0.002422,2.388627065289724,0.000506985798446575
0.972825,1274.4758656490117,5.713273,0.003575,2.3902455018787094,0.0007478311323560951
0.970217,1277.9017312621816,5.707818,0.001044,2.389104026144264,0.000218491951720668
0.967623,1281.3275252861908,5.709444,0.002402,2.389444339722987,0.0005026273182970128
0.965043,1284.7530980484808,5.705596,-0.001871,2.388638975104085,0.00039164562340538345
0.962476,1288.1796366870446,5.697715,0.011619,2.3869899294869223,0.0024338183954037656
0.959922,1291.6070097362076,5.693219,0.002359,2.3860467816797777,0.0004943323027917544
0.957382,1295.0337315721415,5.698532,-0.01205,2.3871611529522214,0.0025239184177106564
0.954855,1298.4610061213482,5.687427,0.010732,2.3848337599786817,0.0022500520120368253
0.95234,1301.8900644727723,5.681485,-0.000306,2.3835865841458803,6.418898265372121e-05
0.949839,1305.3180423208564,5.688536,0.003463,2.385065308758032,0.0007259759274584105
0.94735,1308.7475420910962,5.700367,0.044368,2.3875622152532707,0.009291485624225628
0.944874,1312.1770564117544,5.695356,-0.028772,2.386502113474626,0.006028069247751415
0.94241,1315.6078394753874,5.685585,-0.018026,2.3844494726677765,0.0037799081520799855
0.939959,1319.0383665670522,5.686631,-0.007439,2.384666314779057,0.0015597570095374185
0.937521,1322.468492972424,5.670631,0.015645,2.381310939573273,0.0032849553034055815
0.935095,1325.8994904261062,5.662748,0.012053,2.3796542634615414,0.0025325107485309447
0.932681,1329.3312332941273,5.671116,0.022692,2.3814152723638196,0.004764393733308651
0.930279,1332.7635945775407,5.664007,0.006943,2.379917882553935,0.0014586637738260115
0.927889,1336.196445911095,5.661904,-0.001919,2.3794756066416363,0.00040324010748686714
0.925512,1339.6282101150498,5.637603,0.006167,2.3743640593908406,0.0012986635254429296
0.923146,1343.061643553674,5.657563,-0.005137,2.3785634669025555,0.0010798534643286042
0.920792,1346.4951737200147,5.652642,0.01492,2.3775306191971164,0.003137709327421844
0.918449,1349.9301365671909,5.650094,-0.010758,2.37699371494932,0.0022629424580181607
0.916119,1353.3634647900544,5.660509,-0.021653,2.3791867743182196,0.0045505044483595105
0.9138,1356.7979689209892,5.633854,-0.003297,2.3735741998852915,0.0006945222104726153
0.911492,1360.233533591079,5.656672,-0.018537,2.3783791090713056,0.0038969817573314774
0.909196,1363.6685423165081,5.64599,0.011544,2.3761304469275646,0.0024291595637882376
0.906911,1367.1043619495185,5.651987,-0.012967,2.3773923608303127,0.002727147654226525
0.904637,1370.5408733005613,5.64203,0.0151,2.375297897774449,0.003178548680995324
0.902375,1373.976433301011,5.652443,0.006211,2.3774870569968316,0.0013062111067202163
0.900123,1377.413957870202,5.652515,0.005395,2.377502110893679,0.001134594155698571
0.897883,1380.8502711377762,5.658547,-0.03019,2.3787785243332538,0.0063456937439188964
0.895653,1384.28831701563,5.640375,-0.010265,2.3749483510913674,0.002161099628868475
0.893435,1387.7248865334354,5.650496,-0.009385,2.377078016582923,0.0019740622593814538
0.891227,1391.1629517507884,5.650045,-0.008555,2.3769830117988935,0.0017995500930807437
0.88903,1394.6008391167902,5.615734,0.01882,2.3697573225573945,0.003970870734507266
0.886843,1398.0399958053454,5.56772,-0.001323,2.3596016779517504,0.00028034392667418835
0.884667,1401.478730414947,5.630657,0.005164,2.3729007952302577,0.001088119657369788
0.882502,1404.9169112364616,5.647098,0.001816,2.3763623768267785,0.00038209660624381454
0.880347,1408.3560050752715,5.616141,0.015128,2.3698420173971306,0.0031917739429450443
0.878202,1411.795901170801,5.605932,0.006475,2.367685340094523,0.0013673691960223958
0.876067,1415.236487620239,5.622863,0.016122,2.371260119918739,0.003399458343812109
0.873943,1418.6760280704805,5.608777,0.025405,2.36829174045129,0.005363570620573942
0.871829,1422.1160158700845,5.611328,-0.006654,2.36882459726411,0.0014044940278772297
0.869725,1425.5563356233292,5.625059,0.00281,2.3717207573688084,0.0005923968898744062
0.86763,1428.998517801367,5.634499,0.002131,2.37371000787567,0.0004488753878728413
0.865546,1432.4391586351273,5.587843,-0.001612,2.363861907188914,0.0003409674639415136
0.863472,1435.8797783830857,5.577419,0.002396,2.3616560412820555,0.0005072711603117702
0.861407,1439.3219279620434,5.611365,0.033762,2.3688427097735882,0.007126264622937248
0.859352,1442.7638313519953,5.61329,-0.01245,2.3692397310873368,0.0026274251264660864
0.857307,1446.2053663390125,5.605087,-0.01134,2.3675077055120424,0.002394923567477079
0.855272,1449.6464095632732,5.634795,-0.002341,2.373772365485924,0.000493096986607287
0.853245,1453.0902425446382,5.574258,0.005361,2.3609869311317437,0.0011353302997324814
0.851229,1456.5316548190908,5.567387,0.031907,2.3595407847324905,0.00676127325420334
0.849222,1459.9739337888088,5.602667,-0.004541,2.3669955471288393,0.000959232898721379
0.847224,1463.4169759119193,5.57658,0.0144,2.361480318784098,0.0030489350017940875
0.845235,1466.8606766165622,5.570664,-0.014208,2.3602273321387828,0.003009879558312017
0.843256,1470.3031866953806,5.593117,-0.000227,2.3649771673957516,4.7992006789270146e-05
0.841285,1473.7478785429432,5.60617,0.015386,2.367737434051278,0.0032490933704949756
0.839324,1477.191149067583,5.581075,0.027946,2.362437297186086,0.0059146543346076
0.837372,1480.6346331140758,5.578513,-0.013915,2.36188942953598,0.0029457348481330397
0.835429,1484.0782208901055,5.641677,0.010282,2.3752224495302023,0.002164428852122716
0.833495,1487.5218015704952,5.565129,0.01883,2.3590559400122753,0.003991003282421924
0.83157,1490.9652632971365,5.553902,0.012278,2.3566732454307697,0.0026049432232437596
0.829653,1494.4102944242954,5.531057,-0.03299,2.3518303917995325,0.007013686045365849
0.827745,1497.854996405898,5.579798,0.043512,2.362177560385271,0.00921014591148991
0.825846,1501.2992543403975,5.589197,0.038284,2.364162125819036,0.008096737440704395
0.823956,1504.742952293569,5.629754,0.032871,2.3727203757245796,0.006926859215327551
0.822074,1508.1878079102366,5.544829,-0.017198,2.3547488900984606,0.0036517694248561685
0.8202,1511.6337283589367,5.530285,-0.011463,2.3516570625900513,0.0024372176076022886
0.818335,1515.078768475013,5.525349,0.038497,2.350620355275216,0.008188689405671133
0.816479,1518.5228083024792,5.559286,-0.033504,2.3578245225114713,0.0071048544283271045
0.814631,1521.9675951443046,5.519784,0.022632,2.349426993675325,0.004816493566474208
0.812791,1525.413032378557,5.54518,0.020427,2.354824581975091,0.004337265747164728
0.810959,1528.8590224659938,5.519048,-0.04427,2.3492843111106585,0.009422018397391426
0.809136,1532.3035731941231,5.583788,0.00948,2.3630048717083083,0.002005920536558348
0.807321,1535.748461888146,5.574306,0.022158,2.361001486564194,0.004692500222059655
0.805514,1539.193588193377,5.592592,0.054186,2.3648939188570757,0.01145632782256
0.803715,1542.6388508364282,5.541156,-0.024464,2.3539717504217306,0.005196324041621417
0.801923,1546.0860755957865,5.484615,0.02932,2.3419338557899754,0.0062597839660338125
0.80014,1549.5313120203964,5.580802,0.027023,2.3623790364938873,0.00571944628327383
0.798365,1552.9763754673613,5.532775,-0.017674,2.3521881545707775,0.003756927345655116
0.796598,1556.4211609870974,5.621838,0.112094,2.3711593590266165,0.02363696045423611
0.794838,1559.867525206394,5.507706,0.033453,2.346861051849418,0.007127179509337081
0.793086,1563.3134161995042,5.470077,0.019709,2.338823369368812,0.004213443447265512
0.791342,1566.75872631555,5.526596,0.036452,2.3508841116356427,0.00775282792961716
0.789605,1570.2053355791818,5.531722,-0.007186,2.35196180533352,0.0015276608624418765
0.787876,1573.6511633810394,5.569367,0.059493,2.359984295340309,0.012604533029622606
0.786155,1577.096099369717,5.622277,0.070333,2.3711804976808586,0.014830798429045977
0.784441,1580.5420471393002,5.556141,0.075072,2.3572005796999758,0.01592397368439809
0.782735,1583.9868972257532,5.46882,-0.037831,2.338564821415011,0.008088507886042002
0.781036,1587.432569049314,5.605829,0.105003,2.367767019935277,0.02217342312734783
0.779344,1590.8789751380646,5.445169,-0.039632,2.333504041825804,0.008491950150858551
0.77766,1594.3239770593832,5.496479,0.043634,2.344475548211745,0.009305705924984841
0.775983,1597.7695181466604,5.526795,0.019596,2.350917346486948,0.00416773478429346
0.774313,1601.215508457174,5.496922,-0.016808,2.3445542963370367,0.0035844765946407425
0.772651,1604.659780418326,5.533419,0.062146,2.3523591318950783,0.013209292568758895
0.770995,1608.1063872009545,5.531681,0.018008,2.35195570874683,0.003828303384492634
0.769347,1611.5510738327437,5.499699,0.041055,2.3451600408829574,0.008753133961919995
0.767706,1614.9958239221785,5.511269,0.05367,2.347637037446576,0.0114306426299978
0.766072,1618.4405434476132,5.501835,0.032794,2.3456094873594915,0.006990507195845878
0.764444,1621.8872592367784,5.434006,-0.092019,2.331179000543694,0.019736579640286096
0.762824,1625.3316413746813,5.459411,-0.001317,2.336538268341985,0.0002818271842318744
0.761211,1628.7757060788663,5.469284,0.010638,2.338651143894827,0.00227438795818174
0.759604,1632.2215048893897,5.55644,0.102863,2.357311184227774,0.021817866196081746
0.758004,1635.6668091461258,5.480069,-0.042443,2.3409722721053665,0.009065250474299593
0.756411,1639.1115200598617,5.423576,-0.080697,2.32892167206494,0.01732497081545044
0.754825,1642.5555380386181,5.589554,0.164479,2.3644795904619773,0.03478122641943498
0.753246,1645.9987626884179,5.476253,0.053751,2.34016770600077,0.011484433329752335
0.751673,1649.4432871740769,5.590577,0.150456,2.364654118646638,0.03181353222307765
0.750107,1652.8868334784238,5.427486,-0.101628,2.3297986386251446,0.021810468577655746
0.748547,1656.331511581771,5.53836,0.148318,2.353582974074041,0.031508980485033984
0.746994,1659.7750236280342,5.657848,0.198665,2.378989575945411,0.04175407114195707
0.745447,1663.2194964900254,5.468188,-0.019864,2.338419560230468,0.004247313086533508
0.743907,1666.662612396442,5.503419,0.10274,2.3460388862840147,0.0218964827481451
0.742373,1670.1065151884566,5.533844,0.073477,2.3524642168521104,0.015617028194012311
0.740846,1673.548867105984,5.447865,-0.01972,2.3340700172426474,0.004224380557188584
0.739325,1676.9918290332396,5.484977,0.069919,2.342050343543033,0.014926878107629021
0.73781,1680.4353207465335,5.459083,0.211768,2.3369073466399564,0.045309455743824736
0.736301,1683.8792613346986,5.517398,0.108693,2.3490281527420747,0.02313573804406947
0.734799,1687.3212728923147,5.41726,0.098431,2.327596847207441,0.02114434037795298
