NKChart,,,,,
X of n [Wavelength (nm)],n - n,X of k [Wavelength (nm)],k - k,X of nodes [Wavelength (nm)],nodes - k
899.9343354,2.014083853,899.9343354,0.017995751,,
899.1541559,2.014214696,899.1541559,0.018027318,,
898.3739764,2.014345955,898.3739764,0.018059004,,
897.593797,2.014477632,897.593797,0.01809081,,
896.8136175,2.014609729,896.8136175,0.018122737,,
896.033438,2.014742249,896.033438,0.018154784,,
895.2532586,2.014875193,895.2532586,0.018186954,,
894.4730791,2.015008562,894.4730791,0.018219246,,
893.6928996,2.01514236,893.6928996,0.018251661,,
892.9127201,2.015276587,892.9127201,0.0182842,,
892.1325407,2.015411246,892.1325407,0.018316864,,
891.3523612,2.015546338,891.3523612,0.018349653,,
890.5721817,2.015681866,890.5721817,0.018382568,,
889.7920023,2.015817832,889.7920023,0.01841561,,
889.0118228,2.015954237,889.0118228,0.01844878,,
888.2316433,2.016091084,888.2316433,0.018482078,,
887.4514639,2.016228373,887.4514639,0.018515504,,
886.6712844,2.016366109,886.6712844,0.018549061,,
885.8911049,2.016504292,885.8911049,0.018582748,,
885.1109255,2.016642924,885.1109255,0.018616567,,
884.330746,2.016782008,884.330746,0.018650518,,
883.5505665,2.016921546,883.5505665,0.018684601,,
882.7703871,2.017061539,882.7703871,0.018718818,,
881.9902076,2.017201991,881.9902076,0.01875317,,
881.2100281,2.017342902,881.2100281,0.018787657,,
880.4298487,2.017484275,880.4298487,0.01882228,,
879.6496692,2.017626112,879.6496692,0.018857039,,
878.8694897,2.017768415,878.8694897,0.018891937,,
878.0893102,2.017911187,878.0893102,0.018926972,,
877.3091308,2.018054429,877.3091308,0.018962147,,
876.5289513,2.018198144,876.5289513,0.018997463,,
875.7487718,2.018342334,875.7487718,0.019032919,,
874.9685924,2.018487,874.9685924,0.019068517,,
874.1884129,2.018632146,874.1884129,0.019104257,,
873.4082334,2.018777774,873.4082334,0.019140142,,
872.628054,2.018923885,872.628054,0.01917617,,
871.8478745,2.019070483,871.8478745,0.019212344,,
871.067695,2.019217568,871.067695,0.019248664,,
870.2875156,2.019365144,870.2875156,0.019285131,,
869.5073361,2.019513213,869.5073361,0.019321746,,
868.7271566,2.019661777,868.7271566,0.019358509,,
867.9469772,2.019810838,867.9469772,0.019395422,,
867.1667977,2.019960399,867.1667977,0.019432486,,
866.3866182,2.020110463,866.3866182,0.019469702,,
865.6064388,2.02026103,865.6064388,0.01950707,,
864.8262593,2.020412105,864.8262593,0.019544592,,
864.0460798,2.020563688,864.0460798,0.019582267,,
863.2659003,2.020715784,863.2659003,0.019620098,,
862.4857209,2.020868393,862.4857209,0.019658086,,
861.7055414,2.021021519,861.7055414,0.019696231,,
860.9253619,2.021175164,860.9253619,0.019734533,,
860.1451825,2.02132933,860.1451825,0.019772996,,
859.365003,2.02148402,859.365003,0.019811618,,
858.5848235,2.021639236,858.5848235,0.019850401,,
857.8046441,2.021794981,857.8046441,0.019889347,,
857.0244646,2.021951258,857.0244646,0.019928456,,
856.2442851,2.022108068,856.2442851,0.019967729,,
855.4641057,2.022265415,855.4641057,0.020007167,,
854.6839262,2.022423301,854.6839262,0.020046772,,
853.9037467,2.022581729,853.9037467,0.020086544,,
853.1235673,2.022740701,853.1235673,0.020126485,,
852.3433878,2.02290022,852.3433878,0.020166595,,
851.5632083,2.023060288,851.5632083,0.020206876,,
850.7830289,2.023220909,850.7830289,0.020247328,,
850.0028494,2.023382084,850.0028494,0.020287953,,
849.2226699,2.023543817,849.2226699,0.020328752,,
848.4424904,2.02370611,848.4424904,0.020369726,,
847.662311,2.023868966,847.662311,0.020410876,,
846.8821315,2.024032387,846.8821315,0.020452203,,
846.101952,2.024196377,846.101952,0.020493708,,
845.3217726,2.024360939,845.3217726,0.020535393,,
844.5415931,2.024526074,844.5415931,0.020577259,,
843.7614136,2.024691786,843.7614136,0.020619307,,
842.9812342,2.024858078,842.9812342,0.020661538,,
842.2010547,2.025024952,842.2010547,0.020703952,,
841.4208752,2.025192411,841.4208752,0.020746553,,
840.6406958,2.025360459,840.6406958,0.02078934,,
839.8605163,2.025529098,839.8605163,0.020832314,,
839.0803368,2.025698331,839.0803368,0.020875478,,
838.3001574,2.02586816,838.3001574,0.020918832,,
837.5199779,2.02603859,837.5199779,0.020962378,,
836.7397984,2.026209623,836.7397984,0.021006117,,
835.959619,2.026381261,835.959619,0.02105005,,
835.1794395,2.026553509,835.1794395,0.021094178,,
834.39926,2.026726368,834.39926,0.021138503,,
833.6190805,2.026899842,833.6190805,0.021183026,,
832.8389011,2.027073935,832.8389011,0.021227748,,
832.0587216,2.027248648,832.0587216,0.021272671,,
831.2785421,2.027423986,831.2785421,0.021317796,,
830.4983627,2.027599951,830.4983627,0.021363124,,
829.7181832,2.027776547,829.7181832,0.021408657,,
828.9380037,2.027953776,828.9380037,0.021454396,,
828.1578243,2.028131643,828.1578243,0.021500343,,
827.3776448,2.028310149,827.3776448,0.021546498,,
826.5974653,2.028489299,826.5974653,0.021592864,,
825.8172859,2.028669096,825.8172859,0.021639442,,
825.0371064,2.028849542,825.0371064,0.021686233,,
824.2569269,2.029030642,824.2569269,0.021733238,,
823.4767475,2.029212398,823.4767475,0.02178046,,
822.696568,2.029394814,822.696568,0.021827899,,
821.9163885,2.029577893,821.9163885,0.021875557,,
821.1362091,2.029761639,821.1362091,0.021923436,,
820.3560296,2.029946055,820.3560296,0.021971537,,
819.5758501,2.030131144,819.5758501,0.022019862,,
818.7956706,2.03031691,818.7956706,0.022068412,,
818.0154912,2.030503357,818.0154912,0.022117189,,
817.2353117,2.030690488,817.2353117,0.022166194,,
816.4551322,2.030878306,816.4551322,0.022215429,,
815.6749528,2.031066815,815.6749528,0.022264895,,
814.8947733,2.031256018,814.8947733,0.022314595,,
814.1145938,2.03144592,814.1145938,0.022364529,,
813.3344144,2.031636524,813.3344144,0.0224147,,
812.5542349,2.031827833,812.5542349,0.022465109,,
811.7740554,2.032019851,811.7740554,0.022515758,,
810.993876,2.032212582,810.993876,0.022566648,,
810.2136965,2.032406029,810.2136965,0.022617782,,
809.433517,2.032600197,809.433517,0.02266916,,
808.6533376,2.032795088,808.6533376,0.022720785,,
807.8731581,2.032990708,807.8731581,0.022772659,,
807.0929786,2.033187059,807.0929786,0.022824782,,
806.3127992,2.033384146,806.3127992,0.022877158,,
805.5326197,2.033581972,805.5326197,0.022929788,,
804.7524402,2.033780542,804.7524402,0.022982673,,
803.9722607,2.033979858,803.9722607,0.023035815,,
803.1920813,2.034179926,803.1920813,0.023089217,,
802.4119018,2.034380749,802.4119018,0.023142881,,
801.6317223,2.034582332,801.6317223,0.023196807,,
800.8515429,2.034784677,800.8515429,0.023250998,,
800.0713634,2.03498779,800.0713634,0.023305457,,
799.2911839,2.035191674,799.2911839,0.023360184,,
798.5110045,2.035396334,798.5110045,0.023415182,,
797.730825,2.035601773,797.730825,0.023470453,,
796.9506455,2.035807997,796.9506455,0.023525999,,
796.1704661,2.036015008,796.1704661,0.023581822,,
795.3902866,2.036222811,795.3902866,0.023637924,,
794.6101071,2.036431412,794.6101071,0.023694307,,
793.8299277,2.036640813,793.8299277,0.023750973,,
793.0497482,2.036851019,793.0497482,0.023807924,,
792.2695687,2.037062035,792.2695687,0.023865163,,
791.4893893,2.037273865,791.4893893,0.023922691,,
790.7092098,2.037486513,790.7092098,0.023980511,,
789.9290303,2.037699984,789.9290303,0.024038624,,
789.1488508,2.037914282,789.1488508,0.024097034,,
788.3686714,2.038129413,788.3686714,0.024155742,,
787.5884919,2.038345379,787.5884919,0.02421475,,
786.8083124,2.038562187,786.8083124,0.024274062,,
786.028133,2.03877984,786.028133,0.024333678,,
785.2479535,2.038998344,785.2479535,0.024393602,,
784.467774,2.039217702,784.467774,0.024453836,,
783.6875946,2.03943792,783.6875946,0.024514382,,
782.9074151,2.039659003,782.9074151,0.024575243,,
782.1272356,2.039880954,782.1272356,0.024636421,,
781.3470562,2.04010378,781.3470562,0.024697918,,
780.5668767,2.040327484,780.5668767,0.024759737,,
779.7866972,2.040552073,779.7866972,0.02482188,,
779.0065178,2.04077755,779.0065178,0.02488435,,
778.2263383,2.04100392,778.2263383,0.02494715,,
777.4461588,2.041231189,777.4461588,0.025010282,,
776.6659794,2.041459362,776.6659794,0.025073748,,
775.8857999,2.041688443,775.8857999,0.025137552,,
775.1056204,2.041918439,775.1056204,0.025201695,,
774.3254409,2.042149353,774.3254409,0.025266182,,
773.5452615,2.042381191,773.5452615,0.025331013,,
772.765082,2.042613959,772.765082,0.025396192,,
771.9849025,2.042847661,771.9849025,0.025461722,,
771.2047231,2.043082303,771.2047231,0.025527606,,
770.4245436,2.043317891,770.4245436,0.025593846,,
769.6443641,2.043554429,769.6443641,0.025660445,,
768.8641847,2.043791923,768.8641847,0.025727406,,
768.0840052,2.044030379,768.0840052,0.025794733,,
767.3038257,2.044269801,767.3038257,0.025862427,,
766.5236463,2.044510196,766.5236463,0.025930492,,
765.7434668,2.044751569,765.7434668,0.025998931,,
764.9632873,2.044993926,764.9632873,0.026067747,,
764.1831079,2.045237272,764.1831079,0.026136942,,
763.4029284,2.045481613,763.4029284,0.026206521,,
762.6227489,2.045726955,762.6227489,0.026276486,,
761.8425695,2.045973303,761.8425695,0.026346841,,
761.06239,2.046220664,761.06239,0.026417587,,
760.2822105,2.046469043,760.2822105,0.02648873,,
759.502031,2.046718447,759.502031,0.026560272,,
758.7218516,2.04696888,758.7218516,0.026632216,,
757.9416721,2.04722035,757.9416721,0.026704565,,
757.1614926,2.047472861,757.1614926,0.026777324,,
756.3813132,2.047726421,756.3813132,0.026850495,,
755.6011337,2.047981036,755.6011337,0.026924082,,
754.8209542,2.048236711,754.8209542,0.026998088,,
754.0407748,2.048493453,754.0407748,0.027072517,,
753.2605953,2.048751268,753.2605953,0.027147372,,
752.4804158,2.049010163,752.4804158,0.027222658,,
751.7002364,2.049270144,751.7002364,0.027298377,,
750.9200569,2.049531217,750.9200569,0.027374533,,
750.1398774,2.049793388,750.1398774,0.02745113,,
749.359698,2.050056665,749.359698,0.027528172,,
748.5795185,2.050321054,748.5795185,0.027605663,,
747.799339,2.050586562,747.799339,0.027683606,,
747.0191596,2.050853194,747.0191596,0.027762005,,
746.2389801,2.051120959,746.2389801,0.027840865,,
745.4588006,2.051389862,745.4588006,0.027920188,,
744.6786211,2.051659911,744.6786211,0.02799998,,
743.8984417,2.051931112,743.8984417,0.028080244,,
743.1182622,2.052203473,743.1182622,0.028160984,,
742.3380827,2.052477,742.3380827,0.028242205,,
741.5579033,2.0527517,741.5579033,0.02832391,,
740.7777238,2.053027581,740.7777238,0.028406105,,
739.9975443,2.05330465,739.9975443,0.028488792,,
739.2173649,2.053582914,739.2173649,0.028571977,,
738.4371854,2.05386238,738.4371854,0.028655664,,
737.6570059,2.054143056,737.6570059,0.028739858,,
736.8768265,2.054424948,736.8768265,0.028824562,,
736.096647,2.054708065,736.096647,0.028909781,,
735.3164675,2.054992414,735.3164675,0.028995521,,
734.5362881,2.055278002,734.5362881,0.029081785,,
733.7561086,2.055564837,733.7561086,0.029168579,,
732.9759291,2.055852928,732.9759291,0.029255906,,
732.1957497,2.05614228,732.1957497,0.029343773,,
731.4155702,2.056432903,731.4155702,0.029432183,,
730.6353907,2.056724805,730.6353907,0.029521142,,
729.8552112,2.057017992,729.8552112,0.029610655,,
729.0750318,2.057312474,729.0750318,0.029700726,,
728.2948523,2.057608258,728.2948523,0.029791361,,
727.5146728,2.057905352,727.5146728,0.029882565,,
726.7344934,2.058203765,726.7344934,0.029974344,,
725.9543139,2.058503505,725.9543139,0.030066702,,
725.1741344,2.05880458,725.1741344,0.030159644,,
724.393955,2.059106998,724.393955,0.030253177,,
723.6137755,2.059410769,723.6137755,0.030347306,,
722.833596,2.0597159,722.833596,0.030442036,,
722.0534166,2.0600224,722.0534166,0.030537372,,
721.2732371,2.060330278,721.2732371,0.030633322,,
720.4930576,2.060639542,720.4930576,0.030729889,,
719.7128782,2.060950202,719.7128782,0.030827081,,
718.9326987,2.061262266,718.9326987,0.030924903,,
718.1525192,2.061575744,718.1525192,0.03102336,,
717.3723398,2.061890643,717.3723398,0.03112246,,
716.5921603,2.062206974,716.5921603,0.031222207,,
715.8119808,2.062524746,715.8119808,0.031322609,,
715.0318013,2.062843967,715.0318013,0.031423672,,
714.2516219,2.063164647,714.2516219,0.031525401,,
713.4714424,2.063486796,713.4714424,0.031627804,,
712.6912629,2.063810423,712.6912629,0.031730886,,
711.9110835,2.064135538,711.9110835,0.031834654,,
711.130904,2.064462149,711.130904,0.031939116,,
710.3507245,2.064790268,710.3507245,0.032044277,,
709.5705451,2.065119903,709.5705451,0.032150145,,
708.7903656,2.065451065,708.7903656,0.032256726,,
708.0101861,2.065783764,708.0101861,0.032364028,,
707.2300067,2.066118009,707.2300067,0.032472057,,
706.4498272,2.066453811,706.4498272,0.032580821,,
705.6696477,2.06679118,705.6696477,0.032690327,,
704.8894683,2.067130127,704.8894683,0.032800583,,
704.1092888,2.067470661,704.1092888,0.032911595,,
703.3291093,2.067812793,703.3291093,0.033023371,,
702.5489299,2.068156534,702.5489299,0.033135919,,
701.7687504,2.068501894,701.7687504,0.033249247,,
700.9885709,2.068848884,700.9885709,0.033363363,,
700.2083914,2.069197516,700.2083914,0.033478274,,
699.428212,2.069547799,699.428212,0.033593989,,
698.6480325,2.069899745,698.6480325,0.033710515,,
697.867853,2.070253365,697.867853,0.033827862,,
697.0876736,2.07060867,697.0876736,0.033946036,,
696.3074941,2.070965672,696.3074941,0.034065048,,
695.5273146,2.071324382,695.5273146,0.034184905,,
694.7471352,2.071684811,694.7471352,0.034305616,,
693.9669557,2.072046971,693.9669557,0.03442719,,
693.1867762,2.072410874,693.1867762,0.034549636,,
692.4065968,2.072776531,692.4065968,0.034672963,,
691.6264173,2.073143955,691.6264173,0.03479718,,
690.8462378,2.073513157,690.8462378,0.034922296,,
690.0660584,2.07388415,690.0660584,0.035048321,,
689.2858789,2.074256945,689.2858789,0.035175265,,
688.5056994,2.074631555,688.5056994,0.035303137,,
687.72552,2.075007992,687.72552,0.035431946,,
686.9453405,2.075386269,686.9453405,0.035561704,,
686.165161,2.075766399,686.165161,0.035692419,,
685.3849815,2.076148394,685.3849815,0.035824103,,
684.6048021,2.076532267,684.6048021,0.035956765,,
683.8246226,2.076918031,683.8246226,0.036090417,,
683.0444431,2.077305699,683.0444431,0.036225068,,
682.2642637,2.077695284,682.2642637,0.036360729,,
681.4840842,2.0780868,681.4840842,0.036497412,,
680.7039047,2.07848026,680.7039047,0.036635127,,
679.9237253,2.078875677,679.9237253,0.036773886,,
679.1435458,2.079273066,679.1435458,0.036913701,,
678.3633663,2.079672439,678.3633663,0.037054582,,
677.5831869,2.08007381,677.5831869,0.037196542,,
676.8030074,2.080477195,676.8030074,0.037339592,,
676.0228279,2.080882606,676.0228279,0.037483745,,
675.2426485,2.081290059,675.2426485,0.037629012,,
674.462469,2.081699566,674.462469,0.037775407,,
673.6822895,2.082111144,673.6822895,0.037922941,,
672.9021101,2.082524806,672.9021101,0.038071628,,
672.1219306,2.082940567,672.1219306,0.03822148,,
671.3417511,2.083358443,671.3417511,0.038372512,,
670.5615716,2.083778448,670.5615716,0.038524735,,
669.7813922,2.084200596,669.7813922,0.038678163,,
669.0012127,2.084624905,669.0012127,0.038832811,,
668.2210332,2.085051388,668.2210332,0.038988692,,
667.4408538,2.085480062,667.4408538,0.03914582,,
666.6606743,2.085910941,666.6606743,0.03930421,,
665.8804948,2.086344043,665.8804948,0.039463876,,
665.1003154,2.086779382,665.1003154,0.039624833,,
664.3201359,2.087216975,664.3201359,0.039787096,,
663.5399564,2.087656839,663.5399564,0.03995068,,
662.759777,2.088098988,662.759777,0.0401156,,
661.9795975,2.088543441,661.9795975,0.040281873,,
661.199418,2.088990213,661.199418,0.040449514,,
660.4192386,2.089439322,660.4192386,0.040618539,,
659.6390591,2.089890784,659.6390591,0.040788965,,
658.8588796,2.090344616,658.8588796,0.040960808,,
658.0787002,2.090800836,658.0787002,0.041134085,,
657.2985207,2.091259461,657.2985207,0.041308814,,
656.5183412,2.091720509,656.5183412,0.041485011,,
655.7381617,2.092183996,655.7381617,0.041662694,,
654.9579823,2.092649942,654.9579823,0.041841882,,
654.1778028,2.093118364,654.1778028,0.042022592,,
653.3976233,2.09358928,653.3976233,0.042204843,,
652.6174439,2.094062708,652.6174439,0.042388654,,
651.8372644,2.094538668,651.8372644,0.042574044,,
651.0570849,2.095017177,651.0570849,0.042761032,,
650.2769055,2.095498254,650.2769055,0.042949637,,
649.496726,2.095981919,649.496726,0.043139881,,
648.7165465,2.09646819,648.7165465,0.043331782,,
647.9363671,2.096957087,647.9363671,0.043525363,,
647.1561876,2.097448628,647.1561876,0.043720643,,
646.3760081,2.097942835,646.3760081,0.043917643,,
645.5958287,2.098439726,645.5958287,0.044116387,,
644.8156492,2.098939322,644.8156492,0.044316894,,
644.0354697,2.099441642,644.0354697,0.044519189,,
643.2552903,2.099946707,643.2552903,0.044723293,,
642.4751108,2.100454537,642.4751108,0.044929229,,
641.6949313,2.100965153,641.6949313,0.045137022,,
640.9147518,2.101478576,640.9147518,0.045346693,,
640.1345724,2.101994826,640.1345724,0.045558269,,
639.3543929,2.102513926,639.3543929,0.045771773,,
638.5742134,2.103035896,638.5742134,0.04598723,,
637.794034,2.103560757,637.794034,0.046204666,,
637.0138545,2.104088532,637.0138545,0.046424106,,
636.233675,2.104619242,636.233675,0.046645577,,
635.4534956,2.105152909,635.4534956,0.046869105,,
634.6733161,2.105689556,634.6733161,0.047094718,,
633.8931366,2.106229205,633.8931366,0.047322443,,
633.1129572,2.106771879,633.1129572,0.047552307,,
632.3327777,2.1073176,632.3327777,0.04778434,,
631.5525982,2.107866391,631.5525982,0.04801857,,
630.7724188,2.108418275,630.7724188,0.048255027,,
629.9922393,2.108973277,629.9922393,0.04849374,,
629.2120598,2.109531419,629.2120598,0.048734741,,
628.4318804,2.110092725,628.4318804,0.048978059,,
627.6517009,2.110657219,627.6517009,0.049223727,,
626.8715214,2.111224925,626.8715214,0.049471777,,
626.0913419,2.111795867,626.0913419,0.049722241,,
625.3111625,2.112370071,625.3111625,0.049975152,,
624.530983,2.112947559,624.530983,0.050230544,,
623.7508035,2.113528358,623.7508035,0.050488452,,
622.9706241,2.114112493,622.9706241,0.050748909,,
622.1904446,2.114699988,622.1904446,0.051011952,,
621.4102651,2.115290869,621.4102651,0.051277617,,
620.6300857,2.115885161,620.6300857,0.051545941,,
619.8499062,2.116482892,619.8499062,0.05181696,,
619.0697267,2.117084085,619.0697267,0.052090714,,
618.2895473,2.117688768,618.2895473,0.05236724,,
617.5093678,2.118296967,617.5093678,0.052646578,,
616.7291883,2.118908708,616.7291883,0.052928768,,
615.9490089,2.119524019,615.9490089,0.053213851,,
615.1688294,2.120142925,615.1688294,0.053501869,,
614.3886499,2.120765455,614.3886499,0.053792864,,
613.6084705,2.121391635,613.6084705,0.054086879,,
612.828291,2.122021493,612.828291,0.054383958,,
612.0481115,2.122655057,612.0481115,0.054684145,,
611.267932,2.123292354,611.267932,0.054987486,,
610.4877526,2.123933412,610.4877526,0.055294028,,
609.7075731,2.12457826,609.7075731,0.055603817,,
608.9273936,2.125226926,608.9273936,0.055916901,,
608.1472142,2.125879438,608.1472142,0.05623333,,
607.3670347,2.126535825,607.3670347,0.056553153,,
606.5868552,2.127196116,606.5868552,0.05687642,,
605.8066758,2.127860339,605.8066758,0.057203184,,
605.0264963,2.128528525,605.0264963,0.057533497,,
604.2463168,2.129200702,604.2463168,0.057867413,,
603.4661374,2.1298769,603.4661374,0.058204985,,
602.6859579,2.130557148,602.6859579,0.058546271,,
601.9057784,2.131241477,601.9057784,0.058891326,,
601.125599,2.131929916,601.125599,0.059240209,,
600.3454195,2.132622494,600.3454195,0.059592977,,
599.56524,2.133319243,599.56524,0.059949692,,
598.7850606,2.134020193,598.7850606,0.060310414,,
598.0048811,2.134725373,598.0048811,0.060675205,,
597.2247016,2.135434815,597.2247016,0.061044129,,
596.4445221,2.13614855,596.4445221,0.06141725,,
595.6643427,2.136866607,595.6643427,0.061794635,,
594.8841632,2.137589018,594.8841632,0.06217635,,
594.1039837,2.138315813,594.1039837,0.062562465,,
593.3238043,2.139047025,593.3238043,0.062953048,,
592.5436248,2.139782683,592.5436248,0.063348172,,
591.7634453,2.140522819,591.7634453,0.063747908,,
590.9832659,2.141267464,590.9832659,0.06415233,,
590.2030864,2.14201665,590.2030864,0.064561515,,
589.4229069,2.142770408,589.4229069,0.064975538,,
588.6427275,2.143528769,588.6427275,0.065394479,,
587.862548,2.144291764,587.862548,0.065818417,,
587.0823685,2.145059426,587.0823685,0.066247433,,
586.3021891,2.145831785,586.3021891,0.066681612,,
585.5220096,2.146608873,585.5220096,0.067121037,,
584.7418301,2.147390722,584.7418301,0.067565795,,
583.9616507,2.148177362,583.9616507,0.068015975,,
583.1814712,2.148968826,583.1814712,0.068471666,,
582.4012917,2.149765144,582.4012917,0.068932961,,
581.6211122,2.150566348,581.6211122,0.069399952,,
580.8409328,2.15137247,580.8409328,0.069872735,,
580.0607533,2.15218354,580.0607533,0.070351408,,
579.2805738,2.152999589,579.2805738,0.07083607,,
578.5003944,2.15382065,578.5003944,0.071326823,,
577.7202149,2.154646752,577.7202149,0.071823769,,
576.9400354,2.155477926,576.9400354,0.072327015,,
576.159856,2.156314205,576.159856,0.072836667,,
575.3796765,2.157155617,575.3796765,0.073352837,,
574.599497,2.158002195,574.599497,0.073875636,,
573.8193176,2.158853969,573.8193176,0.074405178,,
573.0391381,2.159710969,573.0391381,0.07494158,,
572.2589586,2.160573226,572.2589586,0.075484961,,
571.4787792,2.161440772,571.4787792,0.076035443,,
570.6985997,2.162313635,570.6985997,0.076593149,,
569.9184202,2.163191848,569.9184202,0.077158207,,
569.1382408,2.16407544,569.1382408,0.077730744,,
568.3580613,2.164964444,568.3580613,0.078310893,,
567.5778818,2.165858891,567.5778818,0.078898788,,
566.7977024,2.166758813,566.7977024,0.079494567,,
566.0175229,2.167664243,566.0175229,0.080098368,,
565.2373434,2.168575214,565.2373434,0.080710335,,
564.4571639,2.169491762,564.4571639,0.081330613,,
563.6769845,2.170413924,563.6769845,0.08195935,,
562.896805,2.171341738,562.896805,0.082596698,,
562.1166255,2.172275249,562.1166255,0.083242811,,
561.3364461,2.173214503,561.3364461,0.083897847,,
560.5562666,2.174159555,560.5562666,0.084561965,,
559.7760871,2.175110471,559.7760871,0.085235328,,
558.9959077,2.176067334,558.9959077,0.085918102,,
558.2157282,2.177030257,558.2157282,0.086610453,,
557.4355487,2.177999436,557.4355487,0.087312551,,
556.6553693,2.178975356,556.6553693,0.088024812,,
555.8751898,2.17995782,555.8751898,0.088748167,,
555.0950103,2.180946451,555.0950103,0.08948287,,
554.3148309,2.181941072,554.3148309,0.090229125,,
553.5346514,2.182941557,553.5346514,0.090987141,,
552.7544719,2.183947799,552.7544719,0.091757125,,
551.9742925,2.184959704,551.9742925,0.092539294,,
551.194113,2.185977187,551.194113,0.093333863,,
550.4139335,2.187000164,550.4139335,0.094141055,,
549.633754,2.188028553,549.633754,0.094961095,,
548.8535746,2.189062272,548.8535746,0.095794213,,
548.0733951,2.190101239,548.0733951,0.096640645,,
547.2932156,2.191145371,547.2932156,0.097500628,,
546.5130362,2.19219458,546.5130362,0.098374407,,
545.7328567,2.193248777,545.7328567,0.099262231,,
544.9526772,2.194307869,544.9526772,0.100164351,,
544.1724978,2.19537176,544.1724978,0.101081027,,
543.3923183,2.196440348,543.3923183,0.10201252,,
542.6121388,2.197513528,542.6121388,0.1029591,,
541.8319594,2.198591188,541.8319594,0.103921038,,
541.0517799,2.199673212,541.0517799,0.104898612,,
540.2716004,2.200759477,540.2716004,0.105892106,,
539.491421,2.201849854,539.491421,0.106901808,,
538.7112415,2.202944209,538.7112415,0.107928011,,
537.931062,2.204042397,537.931062,0.108971014,,
537.1508826,2.20514427,537.1508826,0.11003112,,
536.3707031,2.206249667,536.3707031,0.11110864,,
535.5905236,2.207358424,535.5905236,0.112203887,,
534.8103441,2.208470365,534.8103441,0.113317181,,
534.0301647,2.209585305,534.0301647,0.114448848,,
533.2499852,2.210703049,533.2499852,0.115599218,,
532.4698057,2.211823394,532.4698057,0.116768627,,
531.6896263,2.212946123,531.6896263,0.117957415,,
530.9094468,2.214071011,530.9094468,0.119165928,,
530.1292673,2.21519782,530.1292673,0.120394519,,
529.3490879,2.216326298,529.3490879,0.121643542,,
528.5689084,2.217456184,528.5689084,0.12291336,,
527.7887289,2.218587199,527.7887289,0.124204337,,
527.0085495,2.219719053,527.0085495,0.125516845,,
526.22837,2.220851442,526.22837,0.126851258,,
525.4481905,2.221984044,525.4481905,0.128207957,,
524.6680111,2.223116522,524.6680111,0.129587323,,
523.8878316,2.224248524,523.8878316,0.130989745,,
523.1076521,2.225379678,523.1076521,0.132415614,,
522.3274727,2.226509596,522.3274727,0.133865323,,
521.5472932,2.227637869,521.5472932,0.135339269,,
520.7671137,2.228764071,520.7671137,0.136837853,,
519.9869342,2.229887754,519.9869342,0.138361476,,
519.2067548,2.231008448,519.2067548,0.139910541,,
518.4265753,2.232125662,518.4265753,0.141485452,,
517.6463958,2.233238881,517.6463958,0.143086616,,
516.8662164,2.234347567,516.8662164,0.144714438,,
516.0860369,2.235451157,516.0860369,0.146369321,,
515.3058574,2.236549062,515.3058574,0.14805167,,
514.525678,2.237640665,514.525678,0.149761885,,
513.7454985,2.238725324,513.7454985,0.151500364,,
512.965319,2.239802365,512.965319,0.153267502,,
512.1851396,2.240871087,512.1851396,0.155063686,,
511.4049601,2.241930757,511.4049601,0.156889302,,
510.6247806,2.24298061,510.6247806,0.158744723,,
509.8446012,2.244019849,509.8446012,0.160630318,,
509.0644217,2.245047643,509.0644217,0.162546443,,
508.2842422,2.246063125,508.2842422,0.164493444,,
507.5040628,2.247065392,507.5040628,0.166471655,,
506.7238833,2.248053507,506.7238833,0.168481394,,
505.9437038,2.249026492,505.9437038,0.170522962,,
505.1635243,2.24998333,505.1635243,0.172596642,,
504.3833449,2.250922968,504.3833449,0.174702697,,
503.6031654,2.251844307,503.6031654,0.176841368,,
502.8229859,2.25274621,502.8229859,0.179012868,,
502.0428065,2.253627497,502.0428065,0.181217384,,
501.262627,2.254486945,501.262627,0.183455074,,
500.4824475,2.255323285,500.4824475,0.18572606,,
499.7022681,2.256135208,499.7022681,0.18803043,,
498.9220886,2.256921357,498.9220886,0.190368231,,
498.1419091,2.257680331,498.1419091,0.192739469,,
497.3617297,2.258410685,497.3617297,0.195144101,,
496.5815502,2.259110926,496.5815502,0.197582037,,
495.8013707,2.25977952,495.8013707,0.20005313,,
495.0211913,2.260414886,495.0211913,0.202557178,,
494.2410118,2.261015399,494.2410118,0.205093914,,
493.4608323,2.261579391,493.4608323,0.207663006,,
492.6806529,2.262105154,492.6806529,0.21026405,,
491.9004734,2.262590937,491.9004734,0.212896565,,
491.1202939,2.263034952,491.1202939,0.215559991,,
490.3401144,2.263435372,490.3401144,0.218253679,,
489.559935,2.263790338,489.559935,0.22097689,,
488.7797555,2.26409796,488.7797555,0.223728789,,
487.999576,2.264356317,487.999576,0.226508438,,
487.2193966,2.264563466,487.2193966,0.229314789,,
486.4392171,2.264717443,486.4392171,0.232146685,,
485.6590376,2.264816272,485.6590376,0.235002846,,
484.8788582,2.264857962,484.8788582,0.237881869,,
484.0986787,2.264840522,484.0986787,0.240782222,,
483.3184992,2.264761963,483.3184992,0.243702236,,
482.5383198,2.264620306,482.5383198,0.246640103,,
481.7581403,2.264413591,481.7581403,0.249593866,,
480.9779608,2.264139882,480.9779608,0.252561422,,
480.1977814,2.263797283,480.1977814,0.255540511,,
479.4176019,2.26338394,479.4176019,0.258528713,,
478.6374224,2.262898059,478.6374224,0.261523449,,
477.857243,2.262337913,477.857243,0.264521972,,
477.0770635,2.261701855,477.0770635,0.26752137,,
476.296884,2.260988333,476.296884,0.27051856,,
475.5167045,2.260195901,475.5167045,0.273510293,,
474.7365251,2.259323233,474.7365251,0.276493148,,
473.9563456,2.25836914,473.9563456,0.279463537,,
473.1761661,2.257332583,473.1761661,0.282417709,,
472.3959867,2.256212691,472.3959867,0.285351751,,
471.6158072,2.255008775,471.6158072,0.288261593,,
470.8356277,2.253720344,470.8356277,0.291143016,,
470.0554483,2.252347122,470.0554483,0.293991661,,
469.2752688,2.250889064,469.2752688,0.296803037,,
468.4950893,2.249346373,468.4950893,0.299572533,,
467.7149099,2.247719516,467.7149099,0.302295429,,
466.9347304,2.246009234,466.9347304,0.304966916,,
466.1545509,2.244216565,466.1545509,0.307582106,,
465.3743715,2.24234285,465.3743715,0.310136057,,
464.594192,2.240389751,464.594192,0.312623785,,
463.8140125,2.238359257,463.8140125,0.315040295,,
463.0338331,2.236253699,463.0338331,0.317380596,,
462.2536536,2.234075751,462.2536536,0.319639731,,
461.4734741,2.231828444,461.4734741,0.321812801,,
460.6932946,2.229515163,460.6932946,0.323894993,,
459.9131152,2.227139651,459.9131152,0.325881607,,
459.1329357,2.224706008,459.1329357,0.327768086,,
458.3527562,2.222218686,458.3527562,0.329550048,,
457.5725768,2.219682484,457.5725768,0.33122331,,
456.7923973,2.217102536,456.7923973,0.332783924,,
456.0122178,2.214484303,456.0122178,0.334228202,,
455.2320384,2.211833553,455.2320384,0.335552748,,
454.4518589,2.209156343,454.4518589,0.336754484,,
453.6716794,2.206459003,453.6716794,0.337830675,,
452.8915,2.203748106,452.8915,0.33877896,,
452.1113205,2.201030445,452.1113205,0.339597365,,
451.331141,2.198313003,451.331141,0.340284335,,
450.5509616,2.195602923,450.5509616,0.34083874,,
449.7707821,2.192907474,449.7707821,0.341259901,,
448.9906026,2.190234015,448.9906026,0.341547594,,
448.2104232,2.187589963,448.2104232,0.341702062,,
447.4302437,2.184982753,447.4302437,0.341724022,,
446.6500642,2.182419805,446.6500642,0.341614663,,
445.8698847,2.179908479,445.8698847,0.341375647,,
445.0897053,2.177456048,445.0897053,0.341009101,,
444.3095258,2.175069653,444.3095258,0.340517612,,
443.5293463,2.172756273,443.5293463,0.339904212,,
442.7491669,2.170522689,442.7491669,0.339172361,,
441.9689874,2.168375454,441.9689874,0.338325932,,
441.1888079,2.166320859,441.1888079,0.337369189,,
440.4086285,2.164364913,440.4086285,0.336306757,,
439.628449,2.16251331,439.628449,0.335143606,,
438.8482695,2.160771413,438.8482695,0.333885013,,
438.0680901,2.159144232,438.0680901,0.332536537,,
437.2879106,2.15763641,437.2879106,0.331103988,,
436.5077311,2.15625221,436.5077311,0.329593392,,
435.7275517,2.154995508,435.7275517,0.328010964,,
434.9473722,2.153869782,434.9473722,0.326363068,,
434.1671927,2.152878113,434.1671927,0.32465619,,
433.3870133,2.152023187,433.3870133,0.322896907,,
432.6068338,2.151307293,432.6068338,0.32109185,,
431.8266543,2.150732332,431.8266543,0.319247681,,
431.0464748,2.150299828,431.0464748,0.31737106,,
430.2662954,2.150010933,430.2662954,0.315468621,,
429.4861159,2.149866445,429.4861159,0.313546944,,
428.7059364,2.149866818,428.7059364,0.311612534,,
427.925757,2.150012185,427.925757,0.309671801,,
427.1455775,2.150302368,427.1455775,0.307731038,,
426.365398,2.150736903,426.365398,0.305796407,,
425.5852186,2.151315056,425.5852186,0.303873924,,
424.8050391,2.152035843,424.8050391,0.301969444,,
424.0248596,2.152898053,424.0248596,0.300088656,,
423.2446802,2.153900267,423.2446802,0.298237071,,
422.4645007,2.155040879,422.4645007,0.296420018,,
421.6843212,2.156318115,421.6843212,0.294642638,,
420.9041418,2.157730053,420.9041418,0.292909887,,
420.1239623,2.159274644,420.1239623,0.291226529,,
419.3437828,2.160949732,419.3437828,0.289597144,,
418.5636034,2.162753065,418.5636034,0.288026125,,
417.7834239,2.16468232,417.7834239,0.286517688,,
417.0032444,2.166735114,417.0032444,0.285075872,,
416.2230649,2.168909021,416.2230649,0.283704551,,
415.4428855,2.171201584,415.4428855,0.282407438,,
414.662706,2.17361033,414.662706,0.281188097,,
413.8825265,2.176132783,413.8825265,0.280049949,,
413.1023471,2.178766468,413.1023471,0.278996283,,
412.3221676,2.181508929,412.3221676,0.278030272,,
411.5419881,2.184357732,411.5419881,0.277154975,,
410.7618087,2.187310473,410.7618087,0.276373358,,
409.9816292,2.190364785,409.9816292,0.2756883,,
409.2014497,2.193518345,409.2014497,0.275102608,,
408.4212703,2.196768874,408.4212703,0.274619029,,
407.6410908,2.200114144,407.6410908,0.274240263,,
406.8609113,2.203551979,406.8609113,0.273968977,,
406.0807319,2.207080253,406.0807319,0.273807815,,
405.3005524,2.210696896,405.3005524,0.273759417,,
404.5203729,2.21439989,404.5203729,0.273826426,,
403.7401935,2.218187267,403.7401935,0.274011506,,
402.960014,2.222057108,402.960014,0.274317352,,
402.1798345,2.226007538,402.1798345,0.274746707,,
401.399655,2.230036725,401.399655,0.275302374,,
400.6194756,2.23414287,400.6194756,0.275987229,,
399.8392961,2.238324205,399.8392961,0.276804236,,
399.0591166,2.242578983,399.0591166,0.277756459,,
398.2789372,2.246905472,398.2789372,0.278847078,,
397.4987577,2.251301944,397.4987577,0.280079404,,
396.7185782,2.255766666,396.7185782,0.281456888,,
395.9383988,2.260297887,395.9383988,0.282983142,,
395.1582193,2.264893826,395.1582193,0.284661948,,
394.3780398,2.269552658,394.3780398,0.286497275,,
393.5978604,2.274272498,393.5978604,0.288493295,,
392.8176809,2.279051382,392.8176809,0.290654394,,
392.0375014,2.283887251,392.0375014,0.292985189,,
391.257322,2.288777926,391.257322,0.295490545,,
390.4771425,2.293721088,390.4771425,0.298175586,,
389.696963,2.298714249,389.696963,0.301045712,,
388.9167836,2.303754728,388.9167836,0.304106611,,
388.1366041,2.308839616,388.1366041,0.307364279,,
387.3564246,2.313965742,387.3564246,0.310825028,,
386.5762451,2.319129638,386.5762451,0.3144955,,
385.7960657,2.324327495,385.7960657,0.318382685,,
385.0158862,2.329555119,385.0158862,0.322493923,,
384.2357067,2.334807879,384.2357067,0.326836922,,
383.4555273,2.340080653,383.4555273,0.33141976,,
382.6753478,2.345367769,382.6753478,0.336250893,,
381.8951683,2.350662936,381.8951683,0.341339156,,
381.1149889,2.355959174,381.1149889,0.346693761,,
380.3348094,2.361248734,380.3348094,0.352324293,,
379.5546299,2.366523011,379.5546299,0.358240693,,
378.7744505,2.371772455,378.7744505,0.364453245,,
377.994271,2.37698646,377.994271,0.370972542,,
377.2140915,2.382153267,377.2140915,0.377809456,,
376.4339121,2.387259835,376.4339121,0.384975082,,
375.6537326,2.392291721,375.6537326,0.392480682,,
374.8735531,2.397232948,374.8735531,0.400337599,,
374.0933737,2.402065856,374.0933737,0.408557166,,
373.3131942,2.406770963,373.3131942,0.41715058,,
372.5330147,2.411326807,372.5330147,0.426128759,,
371.7528352,2.415709792,371.7528352,0.43550217,,
370.9726558,2.419894033,370.9726558,0.445280616,,
370.1924763,2.423851203,370.1924763,0.455472995,,
369.4122968,2.427550387,369.4122968,0.466087016,,
368.6321174,2.430957958,368.6321174,0.477128862,,
367.8519379,2.434037463,367.8519379,0.488602814,,
367.0717584,2.436749549,367.0717584,0.500510818,,
366.291579,2.43905193,366.291579,0.512851994,,
365.5113995,2.440899402,365.5113995,0.525622091,,
364.73122,2.442243937,364.73122,0.538812894,,
363.9510406,2.443034858,363.9510406,0.552411568,,
363.1708611,2.443219116,363.1708611,0.566399969,,
362.3906816,2.442741698,362.3906816,0.580753917,,
361.6105022,2.441546176,361.6105022,0.595442456,,
360.8303227,2.439575412,360.8303227,0.610427124,,
360.0501432,2.436772454,360.0501432,0.625661257,,
359.2699638,2.433081613,359.2699638,0.641089375,,
358.4897843,2.428449741,358.4897843,0.65664668,,
357.7096048,2.4228277,357.7096048,0.672258727,,
356.9294253,2.416172013,356.9294253,0.687841319,,
356.1492459,2.408446656,356.1492459,0.703300684,,
355.3690664,2.399624954,355.3690664,0.718533983,,
354.5888869,2.38969151,354.5888869,0.733430207,,
353.8087075,2.378644095,353.8087075,0.747871491,,
353.028528,2.366495384,353.028528,0.761734856,,
352.2483485,2.353274452,352.2483485,0.774894394,,
351.4681691,2.339027903,351.4681691,0.787223833,,
350.6879896,2.323820532,350.6879896,0.798599431,,
349.9078101,2.307735428,349.9078101,0.808903093,,
349.1276307,2.290873441,349.1276307,0.818025591,,
348.3474512,2.273351997,348.3474512,0.82586973,,
347.5672717,2.255303242,347.5672717,0.832353304,,
346.7870923,2.236871585,346.7870923,0.837411694,,
346.0069128,2.218210723,346.0069128,0.840999956,,
345.2267333,2.199480265,345.2267333,0.843094286,,
344.4465539,2.180842125,344.4465539,0.843692795,,
343.6663744,2.162456838,343.6663744,0.842815547,,
342.8861949,2.144479972,342.8861949,0.840503876,,
342.1060154,2.127058795,342.1060154,0.836819038,,
341.325836,2.110329325,341.325836,0.831840279,,
340.5456565,2.094413866,340.5456565,0.825662441,,
339.765477,2.079419108,339.765477,0.818393226,,
338.9852976,2.065434817,338.9852976,0.810150263,,
338.2051181,2.052533106,338.2051181,0.801058114,,
337.4249386,2.040768286,337.4249386,0.791245316,,
336.6447592,2.03017721,336.6447592,0.780841603,,
335.8645797,2.020780074,335.8645797,0.769975346,,
335.0844002,2.012581566,335.0844002,0.758771315,,
334.3042208,2.005572309,334.3042208,0.747348779,,
333.5240413,1.999730482,333.5240413,0.735819967,,
332.7438618,1.995023565,332.7438618,0.724288904,,
331.9636824,1.991410121,331.9636824,0.7128506,,
331.1835029,1.988841551,331.1835029,0.701590564,,
330.4033234,1.987263781,330.4033234,0.690584621,,
329.623144,1.986618827,329.623144,0.679898982,,
328.8429645,1.986846212,328.8429645,0.669590522,,
328.062785,1.987884227,328.062785,0.659707228,,
327.2826055,1.989671005,327.2826055,0.650288781,,
326.5024261,1.992145436,326.5024261,0.641367212,,
325.7222466,1.995247897,325.7222466,0.632967618,,
324.9420671,1.998920836,324.9420671,0.6251089,,
324.1618877,2.003109205,324.1618877,0.617804497,,
323.3817082,2.007760765,323.3817082,0.611063099,,
322.6015287,2.012826286,322.6015287,0.604889327,,
321.8213493,2.018259644,321.8213493,0.599284361,,
321.0411698,2.024017851,321.0411698,0.594246523,,
320.2609903,2.030061012,320.2609903,0.589771802,,
319.4808109,2.036352241,319.4808109,0.585854318,,
318.7006314,2.042857539,318.7006314,0.582486739,,
317.9204519,2.049545639,317.9204519,0.57966064,,
317.1402725,2.056387844,317.1402725,0.577366813,,
316.360093,2.063357842,316.360093,0.575595531,,
315.5799135,2.070431526,315.5799135,0.574336773,,
314.7997341,2.077586808,314.7997341,0.573580414,,
314.0195546,2.084803434,314.0195546,0.573316372,,
313.2393751,2.092062807,313.2393751,0.573534737,,
312.4591956,2.099347817,312.4591956,0.574225873,,
311.6790162,2.106642679,311.6790162,0.57538049,,
310.8988367,2.113932778,310.8988367,0.576989708,,
310.1186572,2.121204522,310.1186572,0.579045096,,
309.3384778,2.12844521,309.3384778,0.581538706,,
308.5582983,2.135642903,308.5582983,0.584463087,,
307.7781188,2.142786306,307.7781188,0.587811292,,
306.9979394,2.149864659,306.9979394,0.591576879,,
306.2177599,2.156867637,306.2177599,0.595753906,,
305.4375804,2.163785253,305.4375804,0.60033691,,
304.657401,2.170607771,304.657401,0.605320896,,
303.8772215,2.177325628,303.8772215,0.610701306,,
303.097042,2.183929357,303.097042,0.616473999,,
302.3168626,2.190409516,302.3168626,0.622635216,,
301.5366831,2.196756627,301.5366831,0.629181547,,
300.7565036,2.202961114,300.7565036,0.636109897,,
299.9763242,2.209013249,299.9763242,0.643417442,,
299.1961447,2.214903101,299.1961447,0.651101593,,
298.4159652,2.220620488,298.4159652,0.659159952,,
297.6357857,2.226154933,297.6357857,0.667590259,,
296.8556063,2.231495628,296.8556063,0.676390355,,
296.0754268,2.236631393,296.0754268,0.685558118,,
295.2952473,2.241550647,295.2952473,0.695091423,,
294.5150679,2.246241378,294.5150679,0.704988074,,
293.7348884,2.25069112,293.7348884,0.715245757,,
292.9547089,2.254886927,292.9547089,0.725861968,,
292.1745295,2.258815362,292.1745295,0.736833961,,
291.39435,2.262462483,291.39435,0.748158673,,
290.6141705,2.265813833,290.6141705,0.75983266,,
289.8339911,2.26885444,289.8339911,0.771852025,,
289.0538116,2.27156882,289.0538116,0.784212345,,
288.2736321,2.273940986,288.2736321,0.796908594,,
287.4934527,2.275954465,287.4934527,0.809935068,,
286.7132732,2.277592316,286.7132732,0.823285306,,
285.9330937,2.278837166,285.9330937,0.836952007,,
285.1529143,2.279671248,285.1529143,0.850926953,,
284.3727348,2.280076441,284.3727348,0.865200925,,
283.5925553,2.280034335,283.5925553,0.879763625,,
282.8123758,2.27952629,282.8123758,0.894603598,,
282.0321964,2.278533514,282.0321964,0.909708154,,
281.2520169,2.277037148,281.2520169,0.925063297,,
280.4718374,2.275018361,280.4718374,0.940653658,,
279.691658,2.27245846,279.691658,0.956462429,,
278.9114785,2.269338999,278.9114785,0.972471316,,
278.131299,2.265641916,278.131299,0.988660489,,
277.3511196,2.26134966,277.3511196,1.005008547,,
276.5709401,2.256445345,276.5709401,1.021492497,,
275.7907606,2.250912896,275.7907606,1.038087746,,
275.0105812,2.244737216,275.0105812,1.054768104,,
274.2304017,2.237904347,274.2304017,1.071505807,,
273.4502222,2.230401644,273.4502222,1.088271562,,
272.6700428,2.222217942,272.6700428,1.105034601,,
271.8898633,2.213343732,271.8898633,1.121762764,,
271.1096838,2.203771323,271.1096838,1.138422601,,
270.3295044,2.193495009,270.3295044,1.154979489,,
269.5493249,2.182511217,269.5493249,1.171397781,,
268.7691454,2.170818654,268.7691454,1.187640963,,
267.9889659,2.158418431,267.9889659,1.203671842,,
267.2087865,2.145314173,267.2087865,1.219452744,,
266.428607,2.131512109,266.428607,1.234945734,,
265.6484275,2.117021138,265.6484275,1.250112846,,
264.8682481,2.101852871,264.8682481,1.264916325,,
264.0880686,2.086021642,264.0880686,1.279318881,,
263.3078891,2.0695445,263.3078891,1.293283941,,
262.5277097,2.05244116,262.5277097,1.306775907,,
261.7475302,2.034733932,261.7475302,1.319760407,,
260.9673507,2.016447617,260.9673507,1.332204545,,
260.1871713,1.99760938,260.1871713,1.344077127,,
