sep=,
NKChart
X of n [Wavelength (nm)],n - n,X of k [Wavelength (nm)],k - k,X of nodes [Wavelength (nm)],nodes - k
899.934335360487,1.95482155221872,899.934335360487,0.0508670241963421,,
899.154155892074,1.95495354382374,899.154155892074,0.0508514804882815,,
898.373976423666,1.95508587685187,898.373976423666,0.0508358863442489,,
897.593796955261,1.95521855248831,897.593796955261,0.0508202416739158,,
896.813617486854,1.95535157192342,896.813617486854,0.0508045463872798,,
896.033438018447,1.95548493635278,896.033438018447,0.0507888003946512,,
895.253258550037,1.95561864697719,895.253258550037,0.0507730036066804,,
894.473079081627,1.9557527050027,894.473079081627,0.050757155934354,,
893.692899613219,1.95588711164066,893.692899613219,0.0507412572890069,,
892.912720144812,1.95602186810773,892.912720144812,0.0507253075823243,,
892.132540676403,1.95615697562589,892.132540676403,0.0507093067263548,,
891.352361207997,1.95629243542253,891.352361207997,0.0506932546335163,,
890.572181739586,1.95642824873039,890.572181739586,0.050677151216598,,
889.792002271177,1.95656441678768,889.792002271177,0.0506609963887821,,
889.011822802769,1.95670094083804,889.011822802769,0.0506447900636347,,
888.231643334359,1.95683782213061,888.231643334359,0.0506285321551252,,
887.451463865952,1.95697506192001,887.451463865952,0.0506122225776329,,
886.671284397547,1.95711266146645,886.671284397547,0.0505958612459509,,
885.891104929135,1.95725062203569,885.891104929135,0.0505794480752947,,
885.11092546073,1.95738894489907,885.11092546073,0.0505629829813177,,
884.330745992323,1.95752763133361,884.330745992323,0.0505464658801127,,
883.550566523915,1.95766668262195,883.550566523915,0.0505298966882211,,
882.770387055503,1.95780610005245,882.770387055503,0.0505132753226435,,
881.990207587098,1.95794588491918,881.990207587098,0.0504966017008483,,
881.21002811869,1.95808603852195,881.21002811869,0.0504798757407805,,
880.429848650278,1.95822656216639,880.429848650278,0.0504630973608661,,
879.649669181871,1.95836745716392,879.649669181871,0.0504462664800342,,
878.869489713466,1.95850872483181,878.869489713466,0.0504293830177098,,
878.089310245057,1.95865036649321,878.089310245057,0.0504124468938301,,
877.309130776649,1.95879238347718,877.309130776649,0.0503954580288634,,
876.528951308238,1.95893477711873,876.528951308238,0.050378416343801,,
875.748771839831,1.95907754875883,875.748771839831,0.0503613217601815,,
874.968592371423,1.95922069974447,874.968592371423,0.0503441742000902,,
874.188412903015,1.95936423142867,874.188412903015,0.0503269735861758,,
873.408233434608,1.95950814517051,873.408233434608,0.0503097198416582,,
872.628053966197,1.95965244233521,872.628053966197,0.0502924128903405,,
871.847874497787,1.95979712429408,871.847874497787,0.0502750526566155,,
871.067695029379,1.95994219242464,871.067695029379,0.0502576390654792,,
870.287515560971,1.9600876481106,870.287515560971,0.05024017204254,,
869.507336092566,1.9602334927419,869.507336092566,0.0502226515140275,,
868.727156624158,1.96037972771475,868.727156624158,0.050205077406811,,
867.946977155752,1.96052635443169,867.946977155752,0.0501874496483972,,
867.166797687339,1.96067337430158,867.166797687339,0.050169768166955,,
866.38661821893,1.96082078873965,866.38661821893,0.050152032891318,,
865.606438750527,1.96096859916755,865.606438750527,0.0501342437509986,,
864.826259282119,1.96111680701338,864.826259282119,0.0501164006762035,,
864.046079813707,1.96126541371172,864.046079813707,0.0500985035978322,,
863.265900345303,1.96141442070363,863.265900345303,0.050080552447504,,
862.485720876894,1.96156382943678,862.485720876894,0.0500625471575652,,
861.705541408484,1.96171364136537,861.705541408484,0.0500444876610919,,
860.925361940076,1.96186385795027,860.925361940076,0.0500263738919196,,
860.145182471669,1.96201448065897,860.145182471669,0.0500082057846369,,
859.365003003261,1.96216551096569,859.365003003261,0.0499899832746087,,
858.584823534849,1.96231695035136,858.584823534849,0.0499717062979922,,
857.804644066442,1.96246880030368,857.804644066442,0.0499533747917375,,
857.024464598036,1.96262106231717,857.024464598036,0.0499349886936089,,
856.244285129624,1.96277373789319,856.244285129624,0.049916547942201,,
855.464105661217,1.96292682853999,855.464105661217,0.0498980524769414,,
854.683926192812,1.96308033577272,854.683926192812,0.0498795022381147,,
853.9037467244,1.96323426111351,853.9037467244,0.049860897166867,,
853.123567255993,1.96338860609148,853.123567255993,0.0498422372052274,,
852.343387787586,1.96354337224278,852.343387787586,0.0498235222961179,,
851.563208319179,1.96369856111064,851.563208319179,0.0498047523833655,,
850.783028850772,1.96385417424541,850.783028850772,0.049785927411721,,
850.002849382358,1.9640102132046,850.002849382358,0.0497670473268737,,
849.222669913951,1.9641666795529,849.222669913951,0.0497481120754593,,
848.442490445547,1.96432357486223,848.442490445547,0.0497291216050809,,
847.662310977139,1.9644809007118,847.662310977139,0.0497100758643241,,
846.882131508728,1.96463865868813,846.882131508728,0.049690974802767,,
846.101952040322,1.96479685038509,846.101952040322,0.0496718183709969,,
845.321772571909,1.96495547740397,845.321772571909,0.0496526065206369,,
844.541593103505,1.96511454135346,844.541593103505,0.049633339204338,,
843.761413635093,1.96527404384977,843.761413635093,0.0496140163758209,,
842.98123416669,1.9654339865166,842.98123416669,0.0495946379898754,,
842.20105469828,1.96559437098523,842.20105469828,0.0495752040023776,,
841.42087522987,1.96575519889455,841.42087522987,0.0495557143703161,,
840.640695761461,1.9659164718911,840.640695761461,0.049536169051803,,
839.860516293053,1.9660781916291,839.860516293053,0.0495165680060863,,
839.080336824644,1.96624035977052,839.080336824644,0.0494969111935701,,
838.300157356238,1.96640297798509,838.300157356238,0.049477198575841,,
837.519977887828,1.9665660479504,837.519977887828,0.0494574301156674,,
836.739798419425,1.96672957135187,836.739798419425,0.0494376057770314,,
835.959618951011,1.96689354988285,835.959618951011,0.0494177255251414,,
835.179439482605,1.96705798524465,835.179439482605,0.0493977893264545,,
834.399260014197,1.96722287914658,834.399260014197,0.0493777971486857,,
833.619080545791,1.96738823330599,833.619080545791,0.0493577489608366,,
832.838901077381,1.96755404944834,832.838901077381,0.0493376447332095,,
832.058721608974,1.9677203293072,832.058721608974,0.0493174844374225,,
831.278542140563,1.96788707462435,831.278542140563,0.049297268046435,,
830.498362672158,1.96805428714981,830.498362672158,0.0492769955345656,,
829.718183203747,1.96822196864185,829.718183203747,0.0492566668775103,,
828.938003735341,1.96839012086709,828.938003735341,0.0492362820523657,,
828.157824266934,1.96855874560051,828.157824266934,0.0492158410376381,,
827.377644798522,1.96872784462552,827.377644798522,0.0491953438132845,,
826.597465330115,1.968897419734,826.597465330115,0.0491747903607089,,
825.817285861705,1.96906747272635,825.817285861705,0.0491541806628055,,
825.037106393298,1.96923800541152,825.037106393298,0.0491335147039618,,
824.256926924888,1.96940901960711,824.256926924888,0.0491127924700908,,
823.476747456482,1.96958051713934,823.476747456482,0.0490920139486523,,
822.696567988072,1.9697524998432,822.696567988072,0.0490711791286692,,
821.916388519665,1.9699249695624,821.916388519665,0.0490502880007496,,
821.136209051257,1.97009792814948,821.136209051257,0.0490293405571207,,
820.356029582852,1.97027137746586,820.356029582852,0.0490083367916331,,
819.57585011444,1.97044531938187,819.57585011444,0.0489872766997999,,
818.795670646033,1.97061975577681,818.795670646033,0.0489661602788141,,
818.015491177625,1.97079468853899,818.015491177625,0.0489449875275678,,
817.235311709216,1.97097011956581,817.235311709216,0.048923758446679,,
816.455132240807,1.9711460507638,816.455132240807,0.0489024730385264,,
815.6749527724,1.97132248404864,815.6749527724,0.0488811313072517,,
814.894773303991,1.97149942134529,814.894773303991,0.0488597332588041,,
814.114593835587,1.97167686458794,814.114593835587,0.0488382789009556,,
813.334414367175,1.97185481572017,813.334414367175,0.0488167682433279,,
812.55423489877,1.97203327669492,812.55423489877,0.0487952012974193,,
811.774055430362,1.97221224947461,811.774055430362,0.0487735780766297,,
810.993875961953,1.97239173603113,810.993875961953,0.0487518985962872,,
810.213696493544,1.97257173834595,810.213696493544,0.0487301628736737,,
809.433517025136,1.97275225841015,809.433517025136,0.0487083709280563,,
808.653337556729,1.9729332982245,808.653337556729,0.0486865227807013,,
807.873158088317,1.97311485979947,807.873158088317,0.0486646184549224,,
807.092978619911,1.97329694515532,807.092978619911,0.0486426579760851,,
806.312799151503,1.97347955632218,806.312799151503,0.0486206413716601,,
805.532619683094,1.97366269534005,805.532619683094,0.0485985686712281,,
804.752440214686,1.9738463642589,804.752440214686,0.0485764399065237,,
803.972260746278,1.97403056513872,803.972260746278,0.0485542551114592,,
803.192081277868,1.97421530004957,803.192081277868,0.0485320143221549,,
802.411901809462,1.97440057107166,802.411901809462,0.0485097175769698,,
801.631722341052,1.97458638029537,801.631722341052,0.0484873649165281,,
800.851542872645,1.97477272982136,800.851542872645,0.0484649563837564,,
800.071363404236,1.97495962176059,800.071363404236,0.0484424920239127,,
799.291183935827,1.97514705823441,799.291183935827,0.0484199718846107,,
798.51100446742,1.97533504137459,798.51100446742,0.0483973960158626,,
797.730824999012,1.97552357332343,797.730824999012,0.0483747644700986,,
796.950645530602,1.97571265623377,796.950645530602,0.0483520773022151,,
796.170466062194,1.97590229226906,796.170466062194,0.0483293345695945,,
795.390286593786,1.97609248360349,795.390286593786,0.0483065363321438,,
794.610107125379,1.97628323242195,794.610107125379,0.048283682652329,,
793.829927656971,1.97647454092018,793.829927656971,0.0482607735952074,,
793.049748188564,1.97666641130478,793.049748188564,0.0482378092284592,,
792.269568720156,1.97685884579331,792.269568720156,0.0482147896224341,,
791.489389251745,1.97705184661433,791.489389251745,0.0481917148501678,,
790.709209783338,1.97724541600748,790.709209783338,0.0481685849874394,,
789.929030314933,1.97743955622355,789.929030314933,0.0481454001127887,,
789.148850846523,1.97763426952453,789.148850846523,0.048122160307567,,
788.368671378115,1.9778295581837,788.368671378115,0.0480988656559639,,
787.588491909705,1.97802542448566,787.588491909705,0.0480755162450537,,
786.808312441298,1.97822187072645,786.808312441298,0.0480521121648223,,
786.02813297289,1.97841889921357,786.02813297289,0.0480286535082214,,
785.247953504483,1.97861651226609,785.247953504483,0.0480051403711933,,
784.467774036072,1.97881471221469,784.467774036072,0.0479815728527155,,
783.687594567663,1.97901350140173,783.687594567663,0.047957951054845,,
782.907415099257,1.97921288218136,782.907415099257,0.0479342750827471,,
782.127235630848,1.97941285691952,782.127235630848,0.0479105450447556,,
781.347056162443,1.97961342799408,781.347056162443,0.0478867610523865,,
780.566876694031,1.9798145977949,780.566876694031,0.0478629232204142,,
779.786697225626,1.98001636872384,779.786697225626,0.0478390316668811,,
779.006517757214,1.98021874319493,779.006517757214,0.0478150865131604,,
778.226338288809,1.98042172363437,778.226338288809,0.0477910878839984,,
777.4461588204,1.98062531248063,777.4461588204,0.0477670359075473,,
776.665979351991,1.98082951218452,776.665979351991,0.047742930715422,,
775.885799883583,1.98103432520928,775.885799883583,0.0477187724427383,,
775.105620415175,1.98123975403064,775.105620415175,0.0476945612281623,,
774.325440946767,1.98144580113689,774.325440946767,0.0476702972139473,,
773.545261478359,1.98165246902898,773.545261478359,0.0476459805459998,,
772.76508200995,1.98185976022058,772.76508200995,0.0476216113739093,,
771.984902541541,1.98206767723815,771.984902541541,0.0475971898509966,,
771.204723073134,1.98227622262105,771.204723073134,0.0475727161343815,,
770.424543604728,1.98248539892158,770.424543604728,0.0475481903850004,,
769.64436413632,1.98269520870511,769.64436413632,0.047523612767689,,
768.864184667912,1.98290565455008,768.864184667912,0.047498983451212,,
768.084005199502,1.98311673904818,768.084005199502,0.0474743026083154,,
767.303825731095,1.98332846480435,767.303825731095,0.04744957041579,,
766.523646262683,1.9835408344369,766.523646262683,0.0474247870545096,,
765.743466794276,1.98375385057758,765.743466794276,0.0473999527094928,,
764.963287325867,1.98396751587167,764.963287325867,0.0473750675699511,,
764.183107857462,1.98418183297808,764.183107857462,0.0473501318293508,,
763.40292838905,1.98439680456939,763.40292838905,0.0473251456854621,,
762.622748920643,1.98461243333197,762.622748920643,0.0473001093404095,,
761.842569452236,1.98482872196605,761.842569452236,0.0472750230007396,,
761.062389983829,1.98504567318582,761.062389983829,0.0472498868774681,,
760.282210515421,1.98526328971952,760.282210515421,0.0472247011861434,,
759.502031047012,1.98548157430947,759.502031047012,0.0471994661469074,,
758.721851578605,1.98570052971226,758.721851578605,0.0471741819845411,,
757.941672110196,1.98592015869874,757.941672110196,0.0471488489285406,,
757.161492641788,1.98614046405418,757.161492641788,0.047123467213165,,
756.381313173379,1.9863614485783,756.381313173379,0.0470980370775106,,
755.601133704968,1.98658311508541,755.601133704968,0.0470725587655568,,
754.820954236564,1.98680546640448,754.820954236564,0.0470470325262439,,
754.040774768152,1.98702850537924,754.040774768152,0.0470214586135259,,
753.260595299746,1.98725223486824,753.260595299746,0.0469958372864417,,
752.48041583134,1.987476657745,752.48041583134,0.0469701688091787,,
751.700236362927,1.98770177689806,751.700236362927,0.0469444534511319,,
750.920056894519,1.98792759523107,750.920056894519,0.0469186914869803,,
750.139877426115,1.98815411566294,750.139877426115,0.0468928831967582,,
749.359697957704,1.98838134112785,749.359697957704,0.0468670288658991,,
748.579518489299,1.98860927457545,748.579518489299,0.0468411287853361,,
747.799339020889,1.98883791897084,747.799339020889,0.046815183251551,,
747.01915955248,1.98906727729478,747.01915955248,0.0467891925666563,,
746.238980084073,1.9892973525437,746.238980084073,0.0467631570384616,,
745.458800615666,1.98952814772987,745.458800615666,0.0467370769805492,,
744.678621147256,1.98975966588145,744.678621147256,0.0467109527123406,,
743.898441678846,1.9899919100426,743.898441678846,0.0466847845591827,,
743.118262210439,1.99022488327359,743.118262210439,0.0466585728524222,,
742.338082742029,1.99045858865093,742.338082742029,0.0466323179294655,,
741.557903273624,1.9906930292674,741.557903273624,0.0466060201338759,,
740.777723805217,1.99092820823223,740.777723805217,0.0465796798154437,,
739.997544336808,1.99116412867116,739.997544336808,0.0465532973302688,,
739.217364868398,1.99140079372657,739.217364868398,0.0465268730408348,,
738.437185399989,1.99163820655755,738.437185399989,0.0465004073160948,,
737.657005931583,1.99187637034004,737.657005931583,0.0464739005315569,,
736.876826463175,1.99211528826694,736.876826463175,0.0464473530693575,,
736.096646994764,1.9923549635482,736.096646994764,0.0464207653183615,,
735.316467526357,1.99259539941091,735.316467526357,0.0463941376742287,,
734.536288057948,1.99283659909948,734.536288057948,0.0463674705395249,,
733.756108589543,1.99307856587567,733.756108589543,0.0463407643237814,,
732.975929121134,1.99332130301875,732.975929121134,0.0463140194436071,,
732.195749652726,1.99356481382559,732.195749652726,0.0462872363227626,,
731.415570184318,1.99380910161081,731.415570184318,0.0462604153922664,,
730.635390715907,1.99405416970684,730.635390715907,0.0462335570904744,,
729.855211247502,1.99430002146406,729.855211247502,0.0462066618631767,,
729.075031779092,1.99454666025093,729.075031779092,0.0461797301636979,,
728.294852310683,1.9947940894541,728.294852310683,0.0461527624529823,,
727.514672842277,1.9950423124785,727.514672842277,0.0461257591997065,,
726.734493373869,1.99529133274749,726.734493373869,0.0460987208803587,,
725.954313905459,1.99554115370298,725.954313905459,0.0460716479793546,,
725.174134437051,1.99579177880552,725.174134437051,0.0460445409891289,,
724.393954968642,1.99604321153445,724.393954968642,0.0460174004102429,,
723.613775500236,1.99629545538802,723.613775500236,0.0459902267514815,,
722.833596031826,1.99654851388347,722.833596031826,0.045963020529966,,
722.05341656342,1.99680239055722,722.05341656342,0.0459357822712479,,
721.27323709501,1.99705708896497,721.27323709501,0.0459085125094338,,
720.493057626601,1.99731261268177,720.493057626601,0.045881211787278,,
719.712878158195,1.99756896530225,719.712878158195,0.0458538806563008,,
718.932698689786,1.99782615044066,718.932698689786,0.0458265196769015,,
718.152519221377,1.99808417173103,718.152519221377,0.0457991294184606,,
717.372339752971,1.99834303282732,717.372339752971,0.0457717104594653,,
716.592160284559,1.99860273740349,716.592160284559,0.04574426338763,,
715.811980816154,1.99886328915372,715.811980816154,0.0457167887999935,,
715.031801347743,1.99912469179245,715.031801347743,0.0456892873030547,,
714.251621879338,1.99938694905458,714.251621879338,0.0456617595128927,,
713.471442410929,1.99965006469557,713.471442410929,0.0456342060552766,,
712.691262942519,1.9999140424916,712.691262942519,0.0456066275658011,,
711.911083474113,2.00017888623966,711.911083474113,0.0455790246900068,,
711.130904005704,2.00044459975775,711.130904005704,0.045551398083507,,
710.350724537294,2.00071118688498,710.350724537294,0.0455237484121214,,
709.570545068887,2.00097865148169,709.570545068887,0.0454960763519885,,
708.790365600478,2.00124699742965,708.790365600478,0.0454683825897203,,
708.010186132072,2.00151622863214,708.010186132072,0.0454406678225277,,
707.230006663661,2.00178634901415,707.230006663661,0.0454129327583393,,
706.449827195256,2.00205736252247,706.449827195256,0.0453851781159694,,
705.669647726845,2.00232927312585,705.669647726845,0.045357404625223,,
704.889468258439,2.00260208481518,704.889468258439,0.0453296130270697,,
704.109288790029,2.0028758016036,704.109288790029,0.0453018040737594,,
703.329109321622,2.00315042752664,703.329109321622,0.0452739785289677,,
702.548929853212,2.0034259666424,702.548929853212,0.0452461371679614,,
701.768750384806,2.00370242303169,701.768750384806,0.0452182807777354,,
700.988570916397,2.00397980079819,700.988570916397,0.0451904101571595,,
700.20839144799,2.00425810406855,700.20839144799,0.0451625261171254,,
699.42821197958,2.00453733699262,699.42821197958,0.0451346294807199,,
698.648032511173,2.00481750374356,698.648032511173,0.0451067210833627,,
697.867853042765,2.00509860851799,697.867853042765,0.0450788017729703,,
697.087673574358,2.00538065553618,697.087673574358,0.0450508724101052,,
696.30749410595,2.00566364904217,696.30749410595,0.0450229338681702,,
695.52731463754,2.00594759330397,695.52731463754,0.0449949870335285,,
694.747135169132,2.00623249261367,694.747135169132,0.0449670328057045,,
693.966955700724,2.00651835128765,693.966955700724,0.0449390720975294,,
693.186776232317,2.00680517366672,693.186776232317,0.0449111058353425,,
692.406596763907,2.00709296411629,692.406596763907,0.0448831349591087,,
691.626417295498,2.00738172702653,691.626417295498,0.0448551604226551,,
690.846237827093,2.00767146681253,690.846237827093,0.0448271831938193,,
690.066058358681,2.0079621879145,690.066058358681,0.0447992042546172,,
689.285878890276,2.00825389479789,689.285878890276,0.0447712246014373,,
688.505699421867,2.0085465919536,688.505699421867,0.0447432452452592,,
687.725519953457,2.00884028389813,687.725519953457,0.0447152672117587,,
686.945340485051,2.00913497517379,686.945340485051,0.0446872915415876,,
686.16516101664,2.00943067034881,686.16516101664,0.0446593192905045,,
685.384981548234,2.00972737401757,685.384981548234,0.0446313515295955,,
684.604802079825,2.01002509080075,684.604802079825,0.0446033893454656,,
683.824622611418,2.01032382534553,683.824622611418,0.0445754338404262,,
683.04444314301,2.01062358232575,683.04444314301,0.0445474861327265,,
682.264263674599,2.01092436644208,682.264263674599,0.0445195473567269,,
681.484084206191,2.01122618242225,681.484084206191,0.0444916186631222,,
680.703904737784,2.01152903502119,680.703904737784,0.04446370121916,,
679.923725269375,2.01183292902122,679.923725269375,0.0444357962088397,,
679.143545800969,2.01213786923226,679.143545800969,0.0444079048331275,,
678.363366332559,2.012443860492,678.363366332559,0.0443800283101809,,
677.583186864151,2.01275090766608,677.583186864151,0.0443521678755893,,
676.803007395744,2.01305901564831,676.803007395744,0.0443243247825496,,
676.022827927337,2.01336818936084,676.022827927337,0.0442965003021575,,
675.242648458927,2.01367843375436,675.242648458927,0.044268695723579,,
674.46246899052,2.01398975380829,674.46246899052,0.0442409123543275,,
673.68228952211,2.01430215453099,673.68228952211,0.0442131515204762,,
672.902110053701,2.01461564095994,672.902110053701,0.0441854145669157,,
672.121930585294,2.01493021816196,672.121930585294,0.0441577028575871,,
671.341751116888,2.0152458912334,671.341751116888,0.0441300177757159,,
670.561571648478,2.01556266530032,670.561571648478,0.0441023607241003,,
669.781392180071,2.01588054551876,669.781392180071,0.0440747331253259,,
669.001212711662,2.01619953707486,669.001212711662,0.044047136422045,,
668.221033243255,2.01651964518513,668.221033243255,0.0440195720772314,,
667.440853774846,2.01684087509665,667.440853774846,0.0439920415744358,,
666.660674306436,2.01716323208726,666.660674306436,0.0439645464180763,,
665.880494838028,2.01748672146576,665.880494838028,0.043937088133679,,
665.100315369622,2.01781134857219,665.100315369622,0.0439096682681792,,
664.320135901213,2.01813711877796,664.320135901213,0.0438822883901777,,
663.539956432805,2.01846403748613,663.539956432805,0.0438549500902526,,
662.759776964396,2.0187921101316,662.759776964396,0.0438276549812158,,
661.979597495989,2.01912134218134,661.979597495989,0.0438004046984152,,
661.19941802758,2.01945173913461,661.19941802758,0.0437732009000421,,
660.419238559172,2.01978330652316,660.419238559172,0.0437460452673933,,
659.639059090762,2.02011604991151,659.639059090762,0.0437189395052191,,
658.858879622354,2.02044997489713,658.858879622354,0.043691885342001,,
658.078700153949,2.02078508711066,658.078700153949,0.0436648845302643,,
657.298520685539,2.02112139221621,657.298520685539,0.0436379388468963,,
656.518341217132,2.02145889591149,656.518341217132,0.0436110500934746,,
655.738161748722,2.02179760392815,655.738161748722,0.0435842200965747,,
654.957982280314,2.02213752203193,654.957982280314,0.043557450708114,,
654.177802811906,2.02247865602294,654.177802811906,0.0435307438056692,,
653.397623343497,2.0228210117359,653.397623343497,0.0435041012928198,,
652.617443875089,2.02316459504035,652.617443875089,0.043477525099507,,
651.837264406682,2.02350941184094,651.837264406682,0.043451017182335,,
651.057084938275,2.02385546807764,651.057084938275,0.0434245795249862,,
650.276905469864,2.02420276972598,650.276905469864,0.0433982141385124,,
649.496726001456,2.02455132279732,649.496726001456,0.0433719230617482,,
648.716546533049,2.02490113333912,648.716546533049,0.0433457083616385,,
647.936367064641,2.02525220743512,647.936367064641,0.0433195721336407,,
647.156187596233,2.02560455120567,647.156187596233,0.0432935165020817,,
646.376008127824,2.02595817080794,646.376008127824,0.043267543620545,,
645.595828659418,2.02631307243621,645.595828659418,0.0432416556722511,,
644.815649191007,2.02666926232208,644.815649191007,0.0432158548704697,,
644.035469722601,2.0270267467348,644.035469722601,0.0431901434588999,,
643.255290254192,2.02738553198146,643.255290254192,0.0431645237120695,,
642.475110785784,2.02774562440732,642.475110785784,0.0431389979357659,,
641.694931317376,2.02810703039603,641.694931317376,0.0431135684674342,,
640.914751848968,2.02846975636994,640.914751848968,0.043088237676601,,
640.134572380558,2.02883380879031,640.134572380558,0.0430630079652918,,
639.354392912149,2.02919919415766,639.354392912149,0.0430378817684989,,
638.574213443743,2.02956591901199,638.574213443743,0.0430128615545665,,
637.794033975335,2.02993398993307,637.794033975335,0.042987949825682,,
637.013854506926,2.03030341354075,637.013854506926,0.0429631491183103,,
636.233675038517,2.03067419649518,636.233675038517,0.0429384620036423,,
635.45349557011,2.03104634549715,635.45349557011,0.0429138910880674,,
634.673316101701,2.03141986728835,634.673316101701,0.0428894390136505,,
633.893136633294,2.03179476865165,633.893136633294,0.0428651084586017,,
633.112957164886,2.03217105641142,633.112957164886,0.0428409021377608,,
632.332777696476,2.03254873743379,632.332777696476,0.0428168228030798,,
631.552598228069,2.03292781862696,631.552598228069,0.0427928732441502,,
630.772418759661,2.03330830694149,630.772418759661,0.0427690562886716,,
629.992239291252,2.03369020937059,629.992239291252,0.0427453748029863,,
629.212059822846,2.03407353295046,629.212059822846,0.0427218316925957,,
628.431880354436,2.03445828476054,628.431880354436,0.0426984299026857,,
627.651700886029,2.03484447192384,627.651700886029,0.0426751724186541,,
626.871521417619,2.03523210160724,626.871521417619,0.042652062266663,,
626.091341949211,2.03562118102182,626.091341949211,0.0426291025141932,,
625.311162480802,2.03601171742313,625.311162480802,0.0426062962705858,,
624.530983012396,2.03640371811155,624.530983012396,0.0425836466876227,,
623.750803543986,2.03679719043257,623.750803543986,0.042561156960084,,
622.970624075578,2.03719214177712,622.970624075578,0.0425388303263646,,
622.190444607172,2.03758857958189,622.190444607172,0.0425166700690149,,
621.410265138763,2.03798651132967,621.410265138763,0.0424946795153932,,
620.630085670354,2.03838594454964,620.630085670354,0.0424728620382311,,
619.849906201947,2.0387868868177,619.849906201947,0.0424512210562741,,
619.069726733537,2.03918934575686,619.069726733537,0.0424297600349076,,
618.28954726513,2.03959332903746,618.28954726513,0.0424084824867801,,
617.509367796723,2.03999884437763,617.509367796723,0.0423873919724472,,
616.729188328314,2.04040589954353,616.729188328314,0.0423664921010445,,
615.949008859906,2.04081450234972,615.949008859906,0.0423457865309289,,
615.168829391495,2.04122466065952,615.168829391495,0.0423252789703733,,
614.388649923087,2.04163638238532,614.388649923087,0.0423049731782153,,
613.60847045468,2.04204967548895,613.60847045468,0.0422848729645894,,
612.828290986273,2.04246454798201,612.828290986273,0.0422649821916074,,
612.048111517865,2.04288100792624,612.048111517865,0.0422453047740758,,
611.267932049455,2.04329906343384,611.267932049455,0.0422258446802228,,
610.487752581048,2.04371872266786,610.487752581048,0.0422066059324306,,
609.707573112641,2.04413999384255,609.707573112641,0.0421875926079778,,
608.927393644231,2.04456288522368,608.927393644231,0.0421688088398012,,
608.147214175824,2.04498740512897,608.147214175824,0.0421502588172626,,
607.367034707415,2.04541356192838,607.367034707415,0.0421319467869185,,
606.586855239008,2.04584136404454,606.586855239008,0.042113877053321,,
605.806675770598,2.04627081995307,605.806675770598,0.0420960539798316,,
605.026496302189,2.046701938183,605.026496302189,0.0420784819894016,,
604.246316833782,2.04713472731709,604.246316833782,0.0420611655654238,,
603.466137365375,2.04756919599225,603.466137365375,0.0420441092525764,,
602.685957896965,2.04800535289987,602.685957896965,0.0420273176576368,,
601.905778428557,2.04844320678628,601.905778428557,0.0420107954504042,,
601.125598960149,2.04888276645304,601.125598960149,0.0419945473645163,,
600.345419491741,2.04932404075738,600.345419491741,0.0419785781983803,,
599.565240023334,2.0497670386126,599.565240023334,0.0419628928160607,,
598.785060554926,2.05021176898841,598.785060554926,0.0419474961481953,,
598.004881086518,2.05065824091136,598.004881086518,0.0419323931929269,,
597.224701618109,2.05110646346523,597.224701618109,0.0419175890168504,,
596.444522149701,2.05155644579141,596.444522149701,0.0419030887559863,,
595.664342681292,2.05200819708931,595.664342681292,0.0418888976167053,,
594.884163212884,2.05246172661679,594.884163212884,0.0418750208767788,,
594.103983744477,2.0529170436905,594.103983744477,0.0418614638863423,,
593.323804276069,2.05337415768637,593.323804276069,0.0418482320689266,,
592.54362480766,2.05383307803992,592.54362480766,0.0418353309224845,,
591.763445339252,2.05429381424676,591.763445339252,0.0418227660204482,,
590.983265870843,2.05475637586297,590.983265870843,0.0418105430127919,,
590.203086402435,2.05522077250551,590.203086402435,0.0417986676271179,,
589.422906934028,2.05568701385262,589.422906934028,0.041787145669737,,
588.642727465618,2.05615510964429,588.642727465618,0.041775983026814,,
587.862547997211,2.05662506968266,587.862547997211,0.0417651856654742,,
587.082368528804,2.05709690383242,587.082368528804,0.0417547596349574,,
586.302189060393,2.05757062202127,586.302189060393,0.0417447110678022,,
585.522009591985,2.05804623424033,585.522009591985,0.041735046181001,,
584.741830123578,2.0585237505446,584.741830123578,0.0417257712772431,,
583.961650655169,2.05900318105334,583.961650655169,0.0417168927460951,,
583.181471186762,2.05948453595058,583.181471186762,0.0417084170652735,,
582.401291718354,2.05996782548548,582.401291718354,0.0417003508018749,,
581.621112249944,2.06045305997283,581.621112249944,0.0416927006137067,,
580.840932781537,2.06094024979347,580.840932781537,0.0416854732505219,,
580.060753313128,2.06142940539472,580.060753313128,0.0416786755553735,,
579.280573844721,2.06192053729086,579.280573844721,0.0416723144659777,,
578.500394376313,2.06241365606354,578.500394376313,0.0416663970160096,,
577.720214907903,2.06290877236226,577.720214907903,0.04166093033656,,
576.940035439495,2.06340589690481,576.940035439495,0.0416559216574806,,
576.159855971089,2.06390504047772,576.159855971089,0.0416513783088453,,
575.379676502679,2.06440621393673,575.379676502679,0.0416473077223842,,
574.599497034272,2.06490942820724,574.599497034272,0.0416437174329465,,
573.819317565862,2.06541469428477,573.819317565862,0.0416406150800346,,
573.039138097456,2.0659220232354,573.039138097456,0.0416380084092492,,
572.258958629047,2.06643142619628,572.258958629047,0.041635905273909,,
571.478779160638,2.06694291437605,571.478779160638,0.0416343136365742,,
570.698599692229,2.06745649905533,570.698599692229,0.041633241570626,,
569.918420223821,2.06797219158718,569.918420223821,0.0416326972619335,,
569.138240755414,2.06849000339757,569.138240755414,0.04163268901043,,
568.358061287006,2.06900994598585,568.358061287006,0.041633225231839,,
567.577881818599,2.06953203092522,567.577881818599,0.041634314459334,,
566.79770235019,2.07005626986322,566.79770235019,0.0416359653452594,,
566.017522881781,2.07058267452217,566.017522881781,0.0416381866629,,
565.237343413373,2.07111125669967,565.237343413373,0.041640987308251,,
564.457163944965,2.07164202826907,564.457163944965,0.0416443763018063,,
563.676984476558,2.07217500117997,563.676984476558,0.0416483627904086,,
562.896805008149,2.07271018745866,562.896805008149,0.0416529560491051,,
562.116625539741,2.07324759920861,562.116625539741,0.0416581654830497,,
561.336446071333,2.07378724861096,561.336446071333,0.0416640006294243,,
560.556266602924,2.07432914792502,560.556266602924,0.0416704711593779,,
559.776087134517,2.0748733094887,559.776087134517,0.0416775868800381,,
558.995907666108,2.07541974571904,558.995907666108,0.0416853577365165,,
558.215728197699,2.07596846911265,558.215728197699,0.0416937938139519,,
557.435548729291,2.07651949224624,557.435548729291,0.0417029053396109,,
556.655369260882,2.07707282777706,556.655369260882,0.0417127026849976,,
555.875189792474,2.07762848844341,555.875189792474,0.0417231963680163,,
555.095010324066,2.07818648706511,555.095010324066,0.0417343970551335,,
554.314830855658,2.07874683654398,554.314830855658,0.0417463155636374,,
553.53465138725,2.07930954986432,553.53465138725,0.04175896286387,,
552.754471918843,2.07987464009342,552.754471918843,0.0417723500815427,,
551.974292450434,2.08044212038199,551.974292450434,0.0417864885000566,,
551.194112982027,2.08101200396469,551.194112982027,0.0418013895628753,,
550.413933513616,2.08158430416059,550.413933513616,0.0418170648759662,,
549.63375404521,2.08215903437363,549.63375404521,0.0418335262102044,,
548.853574576802,2.08273620809311,548.853574576802,0.0418507855039091,,
548.073395108393,2.0833158388942,548.073395108393,0.0418688548653532,,
547.293215639985,2.08389794043836,547.293215639985,0.0418877465753362,,
546.513036171577,2.08448252647383,546.513036171577,0.0419074730898246,,
545.732856703167,2.08506961083612,545.732856703167,0.0419280470425929,,
544.952677234759,2.08565920744846,544.952677234759,0.0419494812479461,,
544.172497766351,2.08625133032227,544.172497766351,0.0419717887034365,,
543.392318297943,2.08684599355763,543.392318297943,0.041994982592725,,
542.612138829536,2.08744321134372,542.612138829536,0.0420190762883506,,
541.831959361126,2.08804299795933,541.831959361126,0.0420440833546741,,
541.051779892718,2.08864536777324,541.051779892718,0.0420700175508023,,
540.271600424312,2.08925033524473,540.271600424312,0.0420968928335686,,
539.491420955902,2.089857914924,539.491420955902,0.0421247233605863,,
538.711241487494,2.09046812145264,538.711241487494,0.0421535234933298,,
537.931062019087,2.09108096956403,537.931062019087,0.0421833078002914,,
537.150882550679,2.09169647408383,537.150882550679,0.042214091060151,,
536.37070308227,2.09231464993035,536.37070308227,0.0422458882650566,,
535.590523613861,2.09293551211501,535.590523613861,0.0422787146239032,,
534.810344145453,2.09355907574279,534.810344145453,0.042312585565718,,
534.030164677044,2.09418535601256,534.030164677044,0.0423475167430775,,
533.249985208637,2.0948143682176,533.249985208637,0.0423835240355523,,
532.46980574023,2.09544612774589,532.46980574023,0.0424206235532742,,
531.689626271821,2.0960806500806,531.689626271821,0.0424588316405363,,
530.909446803413,2.09671795080042,530.909446803413,0.0424981648794253,,
530.129267335005,2.09735804557999,530.129267335005,0.0425386400935767,,
529.349087866598,2.09800095019021,529.349087866598,0.0425802743519292,,
528.568908398189,2.09864668049868,528.568908398189,0.0426230849725746,,
527.788728929781,2.09929525247,527.788728929781,0.0426670895267158,,
527.008549461371,2.09994668216615,527.008549461371,0.0427123058426021,,
526.228369992964,2.10060098574683,526.228369992964,0.042758752009603,,
525.448190524555,2.10125817946978,525.448190524555,0.0428064463823447,,
524.668011056146,2.10191827969109,524.668011056146,0.0428554075848772,,
523.887831587738,2.10258130286554,523.887831587738,0.0429056545149631,,
523.107652119332,2.10324726554686,523.107652119332,0.0429572063484092,,
522.327472650923,2.10391618438804,522.327472650923,0.0430100825434938,,
521.547293182514,2.10458807614163,521.547293182514,0.0430643028454471,,
520.767113714106,2.10526295765993,520.767113714106,0.0431198872910536,,
519.986934245699,2.10594084589529,519.986934245699,0.0431768562132701,,
519.206754777291,2.10662175790034,519.206754777291,0.0432352302459744,,
518.426575308883,2.10730571082821,518.426575308883,0.0432950303288001,,
517.646395840475,2.10799272193269,517.646395840475,0.0433562777120177,,
516.866216372067,2.10868280856849,516.866216372067,0.0434189939615388,,
516.086036903658,2.10937598819134,516.086036903658,0.0434832009639938,,
515.305857435249,2.11007227835822,515.305857435249,0.0435489209318885,,
514.525677966841,2.1107716967274,514.525677966841,0.0436161764088794,,
513.745498498434,2.11147426105866,513.745498498434,0.0436849902751172,,
512.965319030025,2.11217998921331,512.965319030025,0.0437553857526978,,
512.185139561616,2.11288889915431,512.185139561616,0.0438273864112,,
511.404960093208,2.1136010089463,511.404960093208,0.0439010161733536,,
510.6247806248,2.11431633675564,510.6247806248,0.0439762993207547,,
509.844601156392,2.11503490085046,509.844601156392,0.0440532604997377,,
509.064421687984,2.11575671960058,509.064421687984,0.0441319247273161,,
508.284242219575,2.11648181147754,508.284242219575,0.0442123173972368,,
507.504062751168,2.11721019505446,507.504062751168,0.0442944642861784,,
506.723883282759,2.11794188900605,506.723883282759,0.0443783915599954,,
505.943703814351,2.11867691210839,505.943703814351,0.044464125780132,,
505.163524345943,2.11941528323887,505.163524345943,0.0445516939101335,,
504.383344877535,2.12015702137594,504.383344877535,0.044641123322261,,
503.603165409127,2.12090214559898,503.603165409127,0.0447324418042438,,
502.822985940718,2.12165067508797,502.822985940718,0.0448256775661612,,
502.042806472311,2.12240262912331,502.042806472311,0.0449208592474243,,
501.262627003902,2.12315802708544,501.262627003902,0.0450180159238974,,
500.482447535493,2.12391688845453,500.482447535493,0.0451171771151682,,
499.702268067086,2.12467923281009,499.702268067086,0.0452183727919118,,
498.922088598677,2.12544507983056,498.922088598677,0.0453216333834287,,
498.141909130269,2.12621444929284,498.141909130269,0.0454269897852931,,
497.361729661861,2.12698736107178,497.361729661861,0.0455344733671638,,
496.581550193452,2.12776383513965,496.581550193452,0.0456441159807085,,
495.801370725044,2.12854389156553,495.801370725044,0.0457559499677216,,
495.021191256637,2.12932755051469,495.021191256637,0.0458700081683404,,
494.241011788227,2.13011483224791,494.241011788227,0.0459863239294527,,
493.46083231982,2.13090575712071,493.46083231982,0.0461049311132304,,
492.680652851413,2.13170034558259,492.680652851413,0.0462258641058389,,
491.900473383005,2.1324986181762,491.900473383005,0.0463491578263245,,
491.120293914595,2.13330059553639,491.120293914595,0.0464748477356214,,
490.340114446187,2.13410629838931,490.340114446187,0.0466029698457752,,
489.559934977778,2.13491574755137,489.559934977778,0.0467335607292947,,
488.779755509372,2.13572896392816,488.779755509372,0.0468666575287286,,
487.999576040964,2.13654596851332,487.999576040964,0.0470022979663766,,
487.219396572554,2.1373667823873,487.219396572554,0.0471405203541935,,
486.439217104146,2.13819142671614,486.439217104146,0.0472813636039124,,
485.659037635738,2.13901992275005,485.659037635738,0.0474248672373022,,
484.87885816733,2.13985229182205,484.87885816733,0.0475710713966828,,
484.098678698921,2.14068855534643,484.098678698921,0.0477200168555726,,
483.318499230513,2.14152873481717,483.318499230513,0.0478717450295977,,
482.538319762106,2.14237285180631,482.538319762106,0.048026297987566,,
481.758140293698,2.14322092796218,481.758140293698,0.0481837184627647,,
480.97796082529,2.14407298500754,480.97796082529,0.0483440498644863,,
480.197781356881,2.14492904473771,480.197781356881,0.0485073362897495,,
479.417601888473,2.14578912901849,479.417601888473,0.0486736225352684,,
478.637422420065,2.1466532597841,478.637422420065,0.0488429541096303,,
477.857242951656,2.14752145903489,477.857242951656,0.0490153772457164,,
477.077063483248,2.14839374883506,477.077063483248,0.0491909389133528,,
476.296884014839,2.14927015131023,476.296884014839,0.0493696868322298,,
475.516704546431,2.15015068864484,475.516704546431,0.0495516694850246,,
474.736525078023,2.15103538307956,474.736525078023,0.0497369361308174,,
473.956345609616,2.15192425690843,473.956345609616,0.0499255368187491,,
473.176166141207,2.15281733247599,473.176166141207,0.0501175224019526,,
472.395986672799,2.15371463217426,472.395986672799,0.0503129445517142,,
471.615807204392,2.15461617843952,471.615807204392,0.0505118557719757,,
470.835627735983,2.15552199374901,470.835627735983,0.0507143094140665,,
470.055448267574,2.15643210061749,470.055448267574,0.0509203596917396,,
469.275268799167,2.15734652159364,469.275268799167,0.0511300616964887,,
468.495089330757,2.15826527925628,468.495089330757,0.051343471413205,,
467.71490986235,2.15918839621045,467.71490986235,0.0515606457360526,,
466.934730393942,2.16011589508336,466.934730393942,0.0517816424847638,,
466.154550925533,2.16104779852011,466.154550925533,0.0520065204211595,,
465.374371457126,2.16198412917926,465.374371457126,0.0522353392660549,,
464.594191988717,2.16292490972824,464.594191988717,0.0524681597164523,,
463.81401252031,2.16387016283852,463.81401252031,0.0527050434631219,,
463.033833051901,2.16481991118066,463.033833051901,0.0529460532084651,,
462.253653583493,2.16577417741903,462.253653583493,0.0531912526847837,,
461.473474115084,2.16673298420651,461.473474115084,0.0534407066728706,,
460.693294646676,2.16769635417876,460.693294646676,0.0536944810210127,,
459.913115178268,2.16866430994844,459.913115178268,0.0539526426643156,,
459.13293570986,2.16963687409908,459.13293570986,0.0542152596444496,,
458.352756241452,2.1706140691788,458.352756241452,0.054482401129763,,
457.572576773044,2.1715959176937,457.572576773044,0.0547541374358184,,
456.792397304635,2.17258244210105,456.792397304635,0.05503054004631,,
456.012217836227,2.1735736648022,456.012217836227,0.0553116816344195,,
455.232038367818,2.17456960813516,455.232038367818,0.0555976360845725,,
454.451858899411,2.175570294367,454.451858899411,0.0558884785146635,,
453.671679431003,2.17657574568585,453.671679431003,0.056184285298672,,
452.891499962595,2.17758598419266,452.891499962595,0.0564851340897985,,
452.111320494187,2.17860103189262,452.111320494187,0.0567911038439897,,
451.331141025777,2.17962091068623,451.331141025777,0.0571022748439855,,
450.550961557371,2.18064564236005,450.550961557371,0.0574187287238316,,
449.770782088962,2.18167524857716,449.770782088962,0.0577405484938706,,
448.990602620554,2.18270975086712,448.990602620554,0.0580678185662513,,
448.210423152144,2.18374917061564,448.210423152144,0.0584006247809562,,
447.430243683737,2.18479352905389,447.430243683737,0.0587390544323104,,
446.650064215328,2.18584284724733,446.650064215328,0.0590831962960698,,
445.869884746921,2.18689714608414,445.869884746921,0.0594331406570375,,
445.089705278513,2.18795644626328,445.089705278513,0.0597889793372254,,
444.309525810105,2.18902076828197,444.309525810105,0.0601508057245869,,
443.529346341695,2.19009013242288,443.529346341695,0.0605187148023491,,
442.749166873288,2.19116455874066,442.749166873288,0.0608928031788962,,
441.968987404881,2.19224406704813,441.968987404881,0.0612731691182926,,
441.188807936471,2.19332867690181,441.188807936471,0.0616599125714104,,
440.408628468064,2.19441840758702,440.408628468064,0.0620531352076648,,
439.628448999655,2.1955132781024,439.628448999655,0.062452940447428,,
438.848269531247,2.19661330714384,438.848269531247,0.0628594334950514,,
438.068090062839,2.1977185130878,438.068090062839,0.0632727213725986,,
437.287910594431,2.19882891397407,437.287910594431,0.0636929129542412,,
436.507731126023,2.19994452748783,436.507731126023,0.064120119001332,,
435.727551657614,2.20106537094112,435.727551657614,0.0645544521982136,,
434.947372189206,2.20219146125355,434.947372189206,0.0649960271887411,,
434.167192720798,2.20332281493238,434.167192720798,0.0654449606135367,,
433.387013252389,2.20445944805177,433.387013252389,0.0659013711479973,,
432.606833783981,2.2056013762314,432.606833783981,0.0663653795410863,,
431.826654315573,2.20674861461414,431.826654315573,0.0668371086548685,,
431.046474847165,2.2079011778431,431.046474847165,0.0673166835049064,,
430.266295378757,2.20905908003761,430.266295378757,0.0678042313013862,,
429.486115910349,2.21022233476855,429.486115910349,0.0682998814911669,,
428.70593644194,2.2113909550326,428.70593644194,0.0688037658005827,,
427.925756973533,2.21256495322565,427.925756973533,0.0693160182791837,,
427.145577505124,2.21374434111517,427.145577505124,0.0698367753443184,,
426.365398036716,2.21492912981164,426.365398036716,0.0703661758265994,,
425.585218568308,2.21611932973888,425.585218568308,0.0709043610163156,,
424.805039099899,2.2173149506033,424.805039099899,0.0714514747107532,,
424.024859631491,2.21851600136207,424.024859631491,0.0720076632624672,,
423.244680163083,2.21972249019006,423.244680163083,0.0725730756285092,,
422.464500694676,2.22093442444566,422.464500694676,0.0731478634206576,,
421.684321226267,2.22215181063524,421.684321226267,0.073732180956626,,
420.904141757858,2.22337465437641,420.904141757858,0.0743261853123089,,
420.123962289451,2.22460296035989,420.123962289451,0.0749300363750316,,
419.343782821042,2.22583673230999,419.343782821042,0.0755438968979042,,
418.563603352634,2.22707597294365,418.563603352634,0.0761679325552035,,
417.783423884226,2.22832068392801,417.783423884226,0.0768023119988548,,
417.003244415818,2.22957086583635,417.003244415818,0.0774472069160564,,
416.223064947409,2.23082651810253,416.223064947409,0.0781027920879717,,
415.442885479001,2.23208763897364,415.442885479001,0.0787692454496345,,
414.662706010593,2.23335422546106,414.662706010593,0.0794467481509572,,
413.882526542186,2.23462627328956,413.882526542186,0.080135484618975,,
413.102347073778,2.23590377684472,413.102347073778,0.0808356426212539,,
412.322167605369,2.23718672911825,412.322167605369,0.0815474133305414,,
411.541988136961,2.23847512165143,411.541988136961,0.0822709913906326,,
410.761808668553,2.23976894447642,410.761808668553,0.0830065749835164,,
409.981629200144,2.24106818605544,409.981629200144,0.0837543658977902,,
409.201449731735,2.24237283321768,409.201449731735,0.0845145695983435,,
408.421270263328,2.24368287109396,408.421270263328,0.0852873952973706,,
407.64109079492,2.24499828304893,407.64109079492,0.0860730560267143,,
406.860911326512,2.24631905061078,406.860911326512,0.0868717687115184,,
406.080731858103,2.24764515339844,406.080731858103,0.0876837542452713,,
405.300552389695,2.24897656904597,405.300552389695,0.0885092375661965,,
404.520372921286,2.2503132731243,404.520372921286,0.0893484477350456,,
403.740193452878,2.25165523906001,403.740193452878,0.0902016180142742,,
402.960013984471,2.2530024380511,402.960013984471,0.0910689859486521,,
402.179834516062,2.25435483897975,402.179834516062,0.0919507934472746,,
401.399655047654,2.25571240832175,401.399655047654,0.092847286867015,,
400.619475579245,2.25707511005261,400.619475579245,0.0937587170974456,,
399.839296110838,2.25844290555029,399.839296110838,0.0946853396471745,,
399.059116642429,2.25981575349419,399.059116642429,0.0956274147316703,,
398.278937174021,2.26119360976053,398.278937174021,0.0965852073625438,,
397.498757705613,2.26257642731373,397.498757705613,0.0975589874383092,,
396.718578237204,2.26396415609393,396.718578237204,0.0985490298365984,,
395.938398768797,2.26535674290013,395.938398768797,0.0995556145078722,,
395.158219300388,2.26675413126921,395.158219300388,0.100579026570588,,
394.37803983198,2.26815626135027,394.37803983198,0.101619556407846,,
393.597860363573,2.26956306977443,393.597860363573,0.102677499765487,,
392.817680895164,2.27097448951973,392.817680895164,0.103753157851654,,
392.037501426755,2.272390449771,392.037501426755,0.104846837437776,,
391.257321958348,2.27381087577457,391.257321958348,0.105958850961001,,
390.47714248994,2.27523568868747,390.47714248994,0.107089516628011,,
389.696963021531,2.2766648054211,389.696963021531,0.10823915852025,,
388.916783553123,2.27809813847905,388.916783553123,0.109408106700472,,
388.136604084715,2.27953559578881,388.136604084715,0.110596697320651,,
387.356424616307,2.28097708052725,387.356424616307,0.111805272731164,,
386.576245147898,2.28242249093962,386.576245147898,0.113034181591236,,
385.79606567949,2.28387172015166,385.79606567949,0.114283778980571,,
385.015886211083,2.28532465597481,385.015886211083,0.115554426512167,,
384.235706742674,2.28678118070408,384.235706742674,0.11684649244621,,
383.455527274266,2.28824117090833,383.455527274266,0.118160351804997,,
382.675347805858,2.28970449721277,382.675347805858,0.119496386488833,,
381.895168337449,2.29117102407325,381.895168337449,0.120854985392803,,
381.114988869041,2.29264060954212,381.114988869041,0.122236544524336,,
380.334809400633,2.29411310502532,380.334809400633,0.123641467121485,,
379.554629932225,2.29558835503039,379.554629932225,0.125070163771769,,
378.774450463817,2.29706619690497,378.774450463817,0.126523052531526,,
377.994270995409,2.29854646056558,377.994270995409,0.128000559045597,,
377.214091527001,2.30002896821617,377.214091527001,0.129503116667219,,
376.433912058592,2.30151353405617,376.433912058592,0.131031166578006,,
375.653732590184,2.30299996397757,375.653732590184,0.132585157907792,,
374.873553121776,2.30448805525063,374.873553121776,0.134165547854221,,
374.093373653367,2.30597759619792,374.093373653367,0.135772801801863,,
373.313194184959,2.30746836585599,373.313194184959,0.137407393440622,,
372.533014716551,2.30896013362453,372.533014716551,0.139069804883264,,
371.752835248143,2.31045265890232,371.752835248143,0.140760526781783,,
370.972655779735,2.31194569070961,370.972655779735,0.142480058442328,,
370.192476311326,2.31343896729634,370.192476311326,0.144228907938454,,
369.412296842919,2.31493221573581,369.412296842919,0.146007592222331,,
368.632117374511,2.31642515150312,368.632117374511,0.147816637233629,,
367.851937906102,2.31791747803797,367.851937906102,0.149656578005683,,
367.071758437694,2.31940888629112,367.071758437694,0.151527958768577,,
366.291578969285,2.32089905425408,366.291578969285,0.153431333048721,,
365.511399500878,2.32238764647127,365.511399500878,0.155367263764479,,
364.73122003247,2.32387431353414,364.73122003247,0.157336323317382,,
363.951040564061,2.32535869155656,363.951040564061,0.159339093678375,,
363.170861095653,2.32684040163088,363.170861095653,0.161376166468617,,
362.390681627245,2.3283190492639,362.390681627245,0.163448143034165,,
361.610502158836,2.32979422379216,361.610502158836,0.165555634513974,,
360.830322690428,2.33126549777575,360.830322690428,0.167699261900503,,
360.05014322202,2.33273242636995,360.05014322202,0.169879656092224,,
359.269963753612,2.33419454667401,359.269963753612,0.172097457937236,,
358.489784285205,2.33565137705622,358.489784285205,0.174353318267194,,
357.709604816796,2.33710241645453,357.709604816796,0.176647897920624,,
356.929425348387,2.33854714365194,356.929425348387,0.178981867754718,,
356.14924587998,2.33998501652583,356.14924587998,0.181355908644592,,
355.369066411571,2.34141547127046,355.369066411571,0.183770711468924,,
354.588886943163,2.34283792159173,354.588886943163,0.186226977080822,,
353.808707474755,2.34425175787335,353.808707474755,0.188725416262729,,
353.028528006347,2.34565634631372,353.028528006347,0.191266749664029,,
352.248348537938,2.3470510280324,352.248348537938,0.193851707719976,,
351.46816906953,2.34843511814555,351.46816906953,0.196481030550485,,
350.687989601122,2.34980790480932,350.687989601122,0.199155467837211,,
349.907810132714,2.35116864823029,349.907810132714,0.201875778677215,,
349.127630664305,2.35251657964226,349.127630664305,0.204642731411484,,
348.347451195897,2.35385090024831,348.347451195897,0.207457103426375,,
347.567271727489,2.35517078012742,347.567271727489,0.210319680926028,,
346.787092259081,2.35647535710476,346.787092259081,0.213231258673559,,
346.006912790673,2.35776373558476,346.006912790673,0.216192639698839,,
345.226733322265,2.35903498534628,345.226733322265,0.219204634970383,,
344.446553853857,2.36028814029899,344.446553853857,0.222268063028916,,
343.666374385449,2.36152219720029,343.666374385449,0.225383749579825,,
342.88619491704,2.36273611433203,342.88619491704,0.228552527041701,,
342.106015448632,2.36392881013639,342.106015448632,0.23177523404796,,
341.325835980224,2.36509916181039,341.325835980224,0.235052714898341,,
340.545656511815,2.36624600385839,340.545656511815,0.238385818956922,,
339.765477043408,2.36736812660225,339.765477043408,0.241775399993069,,
338.985297574999,2.36846427464877,338.985297574999,0.245222315461633,,
338.205118106591,2.36953314531411,338.205118106591,0.248727425718349,,
337.424938638183,2.3705733870051,337.424938638183,0.252291593166345,,
336.644759169774,2.3715835975575,336.644759169774,0.255915681329306,,
335.864579701367,2.37256232253119,335.864579701367,0.259600553846709,,
335.084400232959,2.37350805346278,335.084400232959,0.263347073386271,,
334.30422076455,2.37441922607602,334.30422076455,0.267156100468465,,
333.524041296142,2.37529421845074,333.524041296142,0.271028492197813,,
332.743861827734,2.37613134915127,332.743861827734,0.274965100895305,,
331.963682359326,2.37692887531552,331.963682359326,0.278966772626088,,
331.183502890917,2.37768499070603,331.183502890917,0.283034345616243,,
330.403323422509,2.378397823725,330.403323422509,0.287168648552308,,
329.623143954101,2.37906543539519,329.623143954101,0.291370498756795,,
328.842964485693,2.37968581730915,328.842964485693,0.295640700232769,,
328.062785017285,2.38025688954978,328.062785017285,0.299980041570188,,
327.282605548876,2.38077649858535,327.282605548876,0.304389293706579,,
326.502426080468,2.38124241514281,326.502426080468,0.308869207534128,,
325.72224661206,2.38165233206373,325.72224661206,0.313420511345245,,
324.942067143652,2.38200386214757,324.942067143652,0.318043908108181,,
324.161887675244,2.38229453598786,324.161887675244,0.322740072564159,,
323.381708206836,2.38252179980728,323.381708206836,0.327509648137235,,
322.601528738427,2.38268301329855,322.601528738427,0.332353243647827,,
321.821349270019,2.38277544747861,321.821349270019,0.337271429820668,,
321.041169801611,2.38279628256445,321.041169801611,0.342264735577897,,
320.260990333203,2.38274260587997,320.260990333203,0.347333644107619,,
319.480810864794,2.38261140980387,319.480810864794,0.352478588698446,,
318.700631396386,2.38239958976987,318.700631396386,0.357699948330178,,
317.920451927978,2.38210394233148,317.920451927978,0.362998043011118,,
317.14027245957,2.38172116330455,317.14027245957,0.368373128852234,,
316.360092991162,2.3812478460023,316.360092991162,0.373825392868678,,
315.579913522754,2.38068047957855,315.579913522754,0.379354947499371,,
314.799734054346,2.38001544749618,314.799734054346,0.384961824835541,,
314.019554585938,2.3792490261394,314.019554585938,0.390645970549519,,
313.239375117529,2.37837738358978,313.239375117529,0.396407237515572,,
312.459195649121,2.37739657858732,312.459195649121,0.402245379115107,,
311.679016180712,2.37630255969968,311.679016180712,0.408160042219307,,
310.898836712305,2.37509116472414,310.898836712305,0.414150759843074,,
310.118657243896,2.37375812034842,310.118657243896,0.420216943465239,,
309.338477775488,2.37229904209844,309.338477775488,0.426357875010979,,
308.55829830708,2.37070943460252,308.55829830708,0.432572698493969,,
307.778118838672,2.36898469220341,307.778118838672,0.438860411317101,,
306.997939370263,2.3671200999513,306.997939370263,0.445219855232447,,
306.217759901855,2.3651108350124,306.217759901855,0.451649706963093,,
305.437580433447,2.36295196852981,305.437580433447,0.458148468491665,,
304.657400965039,2.36063846797453,304.657400965039,0.464714457022709,,
303.877221496631,2.35816520002624,303.877221496631,0.471345794628897,,
303.097042028222,2.35552693402508,303.097042028222,0.478040397593892,,
302.316862559814,2.35271834603652,302.316862559814,0.48479596546795,,
301.536683091407,2.34973402357294,301.536683091407,0.491609969855924,,
300.756503622998,2.34656847101629,300.756503622998,0.498479642960946,,
299.97632415459,2.34321611578694,299.97632415459,0.505401965911273,,
299.196144686182,2.33967131530415,299.196144686182,0.512373656902184,,
298.415965217774,2.33592836478394,298.415965217774,0.519391159189201,,
297.635785749365,2.33198150591938,297.635785749365,0.526450628974088,,
296.855606280957,2.32782493648831,296.855606280957,0.53354792322996,,
296.075426812549,2.32345282093153,296.075426812549,0.540678587517335,,
295.295247344141,2.31885930194371,295.295247344141,0.547837843848364,,
294.515067875733,2.31403851311613,294.515067875733,0.555020578662212,,
293.734888407325,2.30898459266833,293.734888407325,0.56222133098036,,
292.954708938916,2.30369169830168,292.954708938916,0.569434280816189,,
292.174529470508,2.29815402320393,292.174529470508,0.576653237919272,,
291.3943500021,2.29236581322884,291.3943500021,0.583871630940193,,
290.614170533692,2.28632138526922,290.614170533692,0.591082497107352,,
