Wavelength,R_measured_raw,R_measured_smooth,R_fit,Residual
850.2128906482149,0.09194890080766396,0.09406168357200712,0.10008383979528758,0.006022156223280464
850.6312442732617,0.08497114203062503,0.0955867620546326,0.10039741704999455,0.004810654995361957
851.0495858151403,0.10258959107662248,0.09701987378073414,0.10071769250244877,0.003697818721714638
851.4679152686883,0.09500013181580723,0.09836447115704944,0.10104459762826148,0.0026801264712120465
851.8862326287436,0.10899596732786847,0.09962400659031616,0.10137813159071672,0.0017541250004005637
852.3045378901445,0.10320593272162887,0.10080193248727196,0.10171822140575106,0.0009162889184790995
852.722831047731,0.10241547169472723,0.10190170125465453,0.10206484816839116,0.00016314691373663093
853.1411120963425,0.10337976150090439,0.10292676529920153,0.10241796723940394,-0.0005087980597975883
853.5593810308197,0.10653115320511862,0.10388057702765063,0.10277751551158175,-0.0011030615160688845
853.9776378460035,0.10492183577676882,0.10476658884673953,0.10314349120935455,-0.001623097637384982
854.3958825367362,0.1070104885839199,0.10558825316320587,0.10351579032954739,-0.0020724628336584866
854.8141150978596,0.1066223869373587,0.10634902238378732,0.1038944239982868,-0.0024545983855005227
855.2323355242166,0.10771392122446338,0.10705234891522158,0.10427931109129339,-0.0027730378239281955
855.6505438106507,0.10778280941936451,0.10770168516424632,0.1046704107078754,-0.0030312744563709138
856.0687399520069,0.10779152831424689,0.10830048353759918,0.10506769646048776,-0.0032327870771114153
856.486923943129,0.10740695732920089,0.10885219644201785,0.10547106414348924,-0.0033811322985286135
856.9050957788621,0.10821661775460599,0.10936027628424,0.10588053171968591,-0.003479744564554091
857.3232554540532,0.10969438069610173,0.10982817547100332,0.10629598164360207,-0.0035321938274012477
857.7414029635479,0.10927824406903486,0.11025934640904546,0.10671740844092138,-0.003541937968124076
858.1595383021939,0.10978828330138227,0.11065724150510409,0.10714474553933524,-0.0035124959657688443
858.5776614648387,0.10990307063102199,0.1110253131659169,0.10757791519043854,-0.0034473979754783696
858.9957724463308,0.11031907017092636,0.11136701379822156,0.1080169227358655,-0.0033500910623560642
859.4138712415192,0.11134361678330863,0.11168579580875573,0.10846161494308969,-0.003224180865666046
859.8319578452531,0.1107858751006365,0.11198511160425709,0.10891203182991731,-0.003073079774339779
860.2500322523836,0.11086862479970529,0.1122684135914633,0.10936805499598977,-0.0029003585954735372
860.6680944577603,0.11120877035697878,0.11253915417710124,0.109829645796678,-0.002709508380423234
861.0861444562352,0.11227130086573059,0.11279684827331876,0.1102967672443035,-0.0025000810290152636
861.5041822426604,0.11335164596575117,0.11278244519150486,0.11076929238457314,-0.00201315280693172
861.922207811888,0.11335402258303473,0.1132105630189011,0.11124725116456238,-0.00196331185433872
862.3402211587721,0.11310200351945228,0.11338136721744438,0.11173048873937574,-0.0016508784780686347
862.7582222781655,0.11449070151144687,0.11396337806095258,0.11221901515998073,-0.001744362900971852
863.1762111649239,0.11400887395869974,0.11436453404574383,0.11271273930047249,-0.0016517947452713427
863.594187813901,0.1144661401334061,0.11472740695583884,0.11321157708663089,-0.001515829869207952
864.0121522199531,0.11473000793388193,0.11510935012900407,0.11371553384893227,-0.0013938162800718051
864.4301043779367,0.11484896296985438,0.11555983905014006,0.11422442582086119,-0.0013354132292788673
864.8480442827084,0.11556435430194496,0.11597333185814171,0.11473831026197724,-0.0012350215961644678
865.2659719291254,0.11639656429432715,0.1164370542209787,0.11525703778407416,-0.0011800164369045463
865.6838873120463,0.11667394362867806,0.11688032803970082,0.1157805769667117,-0.0010997510729891108
866.1017904263293,0.11741867232561157,0.11738032214817401,0.11630887792483717,-0.0010714442233368399
866.5196812668339,0.11804634757795891,0.117864212379631,0.11684180269276435,-0.0010224096868666488
866.9375598284208,0.11782044144658764,0.11835059847074254,0.1173793861026084,-0.0009712123681341472
867.3554261059496,0.11890662125950634,0.11881671004084626,0.1179214393997306,-0.0008952706411156641
867.7732800942816,0.11894258969902796,0.11931425421638285,0.11846799187404013,-0.000846262342342724
868.1911217882789,0.11972407755868571,0.11984451455665734,0.11901893097301416,-0.0008255835836431802
868.6089511828035,0.12046898141435744,0.12034645678214047,0.11957417310910963,-0.000772283673030838
869.0267682727188,0.12163918201984746,0.12086852393772926,0.12013371678108165,-0.0007348071566476155
869.4445730528876,0.1215388080868999,0.12137735590124463,0.12069736044291941,-0.0006799954583252138
869.8623655181754,0.12220403778278824,0.12188429216084594,0.12126517206959946,-0.0006191200912464834
870.2801456634464,0.1227069729990692,0.12242690232013255,0.1218369817351327,-0.0005899205849998479
870.6979134835656,0.12318492595770202,0.12294265820396601,0.12241276634828772,-0.0005298918556782828
871.1156689733992,0.123614953429102,0.12345159583780958,0.12299246002834856,-0.0004591358094610254
871.5334121278146,0.12405635036004527,0.12396498725722492,0.1235759196530033,-0.000389067604221624
871.9511429416784,0.12396809643885025,0.12451156198469195,0.1241631843563844,-0.0003483776283075418
872.3688614098588,0.12511767982973487,0.12508384537937475,0.12475404378900433,-0.0003298015903704238
872.7865675272242,0.12574434282756936,0.12566784257404767,0.1253485419713721,-0.0003193006026755707
873.2042612886438,0.12576819978290518,0.126225903477416,0.1259465448934813,-0.0002793585839346857
873.6219426889875,0.1268402220795669,0.12681653716560423,0.12654797340599747,-0.0002685637596067658
874.039611723126,0.1274195165418589,0.12738399305595424,0.12715282083736618,-0.00023117221858806603
874.4572683859288,0.12772250829210846,0.12794021407838077,0.12776088488152046,-0.00017932919686031168
874.8749126722695,0.1288972508605485,0.12849679152667773,0.12837223184623334,-0.00012455968044439159
875.2925445770186,0.12898908196657682,0.12904423398312972,0.1289866715256189,-5.756245751081801e-05
875.7101640950502,0.12977244191420131,0.12959144212496582,0.12960419330831266,1.2751183346842998e-05
876.127771221237,0.1306245735339825,0.13014132154616853,0.13022472229352414,8.340074735560532e-05
876.5453659504534,0.13027665239180253,0.1307039056776143,0.13084811958850018,0.00014421391088587088
876.9629482775741,0.13138766119940723,0.13126133739174103,0.131474420567033,0.00021308317529197818
877.3805181974748,0.13178231216282438,0.13183322087433166,0.13210339651012226,0.0002701756357905982
877.7980757050307,0.13243669373259026,0.13240242858342444,0.13273510815214218,0.00033267956871774196
878.2156207951189,0.13244875519877872,0.13296683975175477,0.13336941052552775,0.0004025707737729811
878.633153462616,0.13319772529480112,0.13353637282046724,0.13400623173658932,0.0004698589161220845
879.0506737024001,0.13421643654975635,0.13412077559295607,0.13464555367387385,0.000524778080917776
879.46818150935,0.13446212082423992,0.13469481884053747,0.13528717122443393,0.0005923523838964606
879.8856768783446,0.13543329972485046,0.13530453899526174,0.13593115627802035,0.0006266172827586181
880.3031598042635,0.13636368500974208,0.13590269672124475,0.1365773131421591,0.0006746164209143479
880.7206302819864,0.1366946250678854,0.13650256735539532,0.13722563893062054,0.0007230715752252204
881.1380883063952,0.1375259400172722,0.13711128992151853,0.13787604715421242,0.0007647572326938967
881.5555338723703,0.13821638184840898,0.13771308810325456,0.13852840423415963,0.0008153161309050749
881.9729669747945,0.13873196878566696,0.13831556526659608,0.1391827455217803,0.00086718025518423
882.3903876085514,0.13899953954895747,0.13895166340621282,0.139838837698939,0.000887174292726195
882.8077957685231,0.13963053211149284,0.13957554652957152,0.1404967500301127,0.0009212035005411734
883.2251914495943,0.13962282462032008,0.14022020351623185,0.14115632729317085,0.0009361237769389963
883.642574646649,0.1404944762006095,0.14086596166954396,0.14181750609956173,0.00095154443001777
884.0599453545734,0.14106751423469108,0.14151717907500452,0.1424802635353901,0.0009630844603855659
884.4773035682528,0.14165678099212523,0.1421721901069016,0.14314440481697666,0.0009722147100750533
884.8946492825736,0.14272860951660227,0.14282673059749898,0.14380999672909126,0.0009832661315922753
885.3119824924237,0.1432211840880437,0.14346661215692388,0.14447684123616053,0.0010102290792366464
885.7293031926896,0.14381549971221105,0.14412767392247067,0.14514494386878102,0.0010172699463103507
886.1466113782615,0.14470978386671463,0.14478166657582603,0.1458142117730697,0.0010325451972436617
886.5639070440267,0.1457383379086116,0.14544029525159313,0.1464845196713356,0.0010442244197424733
886.9811901848756,0.14586905902635222,0.14613443435594864,0.14715590208442722,0.0010214677284785811
887.3984607956985,0.1470790877324437,0.1467790563685084,0.14782813359374367,0.0010490772252352565
887.8157188713863,0.14758235649497395,0.14744618796492626,0.148501283656837,0.0010550956919107568
888.2329644068301,0.147684026213786,0.14813441049868,0.14917519219693828,0.0010407816982582752
888.6501973969224,0.14918102638104355,0.14882344726899074,0.14984980486748328,0.0010263575984925388
889.0674178365563,0.1493304288529846,0.14949299983071632,0.15052509634094477,0.001032096510228453
889.4846257206248,0.1498028531863553,0.15016612403797655,0.15120088605680668,0.0010347620188301265
889.9018210440228,0.15119403037721507,0.1508596155768648,0.15187723428786656,0.0010176187110017554
890.3190038016432,0.1515763533058595,0.15152307612090465,0.1525539483901196,0.0010308722692149441
890.7361739883829,0.15226811421391706,0.15220848209048382,0.1532310394573935,0.0010225573669096766
891.153331599137,0.15326004226573411,0.1529253730229099,0.15390841420857634,0.0009830411856664445
891.5704766288027,0.1538817245850204,0.15362554718944302,0.15458595922624463,0.0009604120368016111
891.9876090722762,0.15504404375463832,0.15433874836615777,0.15526370389710664,0.0009249555309488733
892.4047289244562,0.1559473627858961,0.15502934183468509,0.1559414245518479,0.0009120827171628099
892.8218361802411,0.15564200225809413,0.15573450967126384,0.1566191993498775,0.0008846896786136593
893.2389308345296,0.1561738148839985,0.15640979495574378,0.15729687634254758,0.0008870813868037952
893.656012882222,0.15679573757381274,0.15710296831227755,0.15797440838235724,0.0008714400700796932
894.0730823182176,0.15763465369481616,0.15776828892204953,0.15865176482457538,0.0008834759025258543
894.4901391374189,0.15762305876413554,0.15844249821781092,0.15932878050822985,0.0008862822904189271
894.907183334726,0.15868122449626867,0.15910409675078524,0.16000551024871953,0.0009014134979342947
895.324214905042,0.1594910510562757,0.15976275745095594,0.1606817688779287,0.0009190114269727601
895.7412338432695,0.16052581346586026,0.160440525139562,0.1613575733143124,0.0009170481747504122
896.1582401443119,0.1612870279225891,0.1611145834725204,0.16203283528796966,0.0009182518154492725
896.5752338030736,0.1619354057486182,0.161795980774771,0.16270745404957404,0.0009114732748030374
896.9922148144592,0.1628661796839918,0.16247194370588508,0.1633814536047694,0.0009095098988843309
897.4091831733742,0.16281183871037375,0.16318541269378337,0.16405463016189437,0.0008692174681109999
897.826138874725,0.16438859336437742,0.1638593368839117,0.16472705531927295,0.0008677184353612644
898.2430819134178,0.1650130148470272,0.16454673915099224,0.1653985838747554,0.000851844723763151
898.66001228436,0.16490937930400956,0.1652151423816146,0.16606917642312846,0.0008540340415138514
899.0769299824592,0.16566442473136866,0.16585488032613122,0.16673880408231634,0.0008839237561851232
899.4938350026248,0.16642297573750564,0.16651133877400057,0.16740731865658048,0.000895979882579917
899.9107273397652,0.1670908697035151,0.16714341333227858,0.1680747693499284,0.0009313560176498203
900.327606988791,0.16747547773825552,0.16775577901915942,0.16874098991663525,0.00098521089747583
900.7444739446125,0.16883295151580216,0.16838625481843345,0.16940599617972096,0.0010197413612875184
901.1613282021405,0.16917730694525668,0.16901468716767115,0.1700697041459561,0.001055016978284945
901.5781697562865,0.1691122104064075,0.16964304227533833,0.17073202441061577,0.0010889821352774443
901.994998601964,0.17003641265917072,0.17027350826056248,0.1713929797769647,0.0011194715164022095
902.4118147340848,0.17044150089222027,0.17089922975834482,0.17205239059203306,0.0011531608336882437
902.8286181475632,0.1720011596625443,0.17154494646005097,0.17271031914405413,0.0011653726840031575
903.2454088373138,0.17215279040414122,0.17222116154009628,0.17336663427855845,0.001145472738462161
903.6621867982515,0.17353209947456008,0.1728462337021362,0.17402130261329285,0.0011750689111566515
904.0789520252911,0.1736237045206093,0.17349045169105795,0.174674297147201,0.0011838454561430567
904.4957045133493,0.1745229305693235,0.17411704840358305,0.17532548797836006,0.0012084395747770094
904.9124442573434,0.17500940278250068,0.1747584232595594,0.1759749181482754,0.001216494888716002
905.3291712521903,0.1759406330576929,0.17536106665657433,0.17662244152812276,0.0012613748715484263
905.7458854928086,0.1765581136287256,0.17597690684723133,0.17726807263643599,0.0012911657892046569
906.1625869741166,0.17690008086485798,0.17658827848867337,0.17791173856989778,0.0013234600812244146
906.5792756910342,0.17740974331663326,0.17720655140802244,0.17855336312885736,0.0013468117208349228
906.9959516384816,0.17755503824911598,0.17781990177626086,0.17919296306220636,0.0013730612859454983
907.4126148113791,0.1784183522973151,0.17843888900638566,0.17983037903340202,0.0013914900270163566
907.829265204648,0.17792747001385426,0.17905719912420107,0.18046566871250644,0.0014084695883053722
908.2459028132106,0.17907955902341618,0.17969153145924363,0.18109872118626955,0.0014071897270259148
908.6625276319896,0.17955018021436195,0.1803421694236642,0.18172950730365395,0.0013873378799897362
909.0791396559076,0.18046834681317356,0.1809983022716748,0.1823580018773857,0.0013596996057109179
909.4957388798892,0.18128929669267185,0.18163175222028283,0.1829840947242985,0.001352342504015669
909.912325298859,0.18201857645797193,0.18228916626499883,0.18360782146772314,0.0013186552027243115
910.3288989077421,0.18285468566555205,0.18292976080907056,0.18422906168711564,0.0012993008780450843
910.7454597014645,0.18383697668912624,0.18357697485549793,0.18484782486062729,0.0012708500051293592
911.1620076749518,0.1845434821724754,0.18421583426591634,0.18546404702166075,0.00124821275574441
911.578542823132,0.18495024594021303,0.18485723298171547,0.18607766303902526,0.0012204300573097904
911.9950651409331,0.1855470418441912,0.18550954332796066,0.18668868896426827,0.0011791456363076103
912.411574623283,0.1864233688894335,0.18615094751355038,0.18729699347337128,0.0011460459598209016
912.8280712651107,0.18722963441222057,0.18679510536081884,0.18790262251489062,0.0011075171540717854
913.2445550613464,0.18779105835352689,0.1874511452393799,0.1885054874080649,0.0010543421686849963
913.6610260069201,0.18773832455847672,0.188116423827879,0.18910556254885055,0.0009891387209715607
914.0774840967636,0.1891938822266925,0.18878250595166757,0.18970282562891363,0.0009203196772460676
914.4939293258072,0.18899348620107556,0.18944730230672968,0.19029718683957733,0.0008498845328476501
914.910361688984,0.1900758222026682,0.19011559581059206,0.19088867369963625,0.0007730778890441825
915.326781181227,0.19029242753520376,0.1908108015226853,0.1914771874518249,0.0006663859291395902
915.74318779747,0.19143411310090488,0.1914824093505798,0.19206273554469802,0.0005803261941182136
916.1595815326464,0.19188558578638287,0.19216181791566153,0.19264526929755124,0.00048345138188971015
916.5759623816919,0.19274305171171852,0.19285428732294774,0.19322473674384338,0.0003704494208956466
916.992330339542,0.19352616073258566,0.19352900002274304,0.19380114710074944,0.00027214707800640725
917.4086854011323,0.1945338589106494,0.1942248432612306,0.19437440214559012,0.00014955888435952414
917.8250275614005,0.19510868946035775,0.19488165400994262,0.1949445311854294,6.287717548678073e-05
918.2413568152829,0.19624733784844778,0.1955427652814055,0.1955114644708644,-3.1300810541090573e-05
918.6576731577189,0.19572521495793585,0.19618395435623415,0.1960751807767544,-0.00010877357947974842
919.0739765836468,0.1967723551900815,0.19682222501583432,0.19663566369003604,-0.000186561325798279
919.4902670880061,0.19736009952537462,0.19743611468884834,0.19719284369677656,-0.00024327099207177572
919.9065446657365,0.19810754009740306,0.19805715393113654,0.19774674018779123,-0.00031041374334531135
920.322809311779,0.19800595255572406,0.19866566807685243,0.1982972837379152,-0.00036838433893723876
920.7390610210755,0.19930639560830277,0.1992676320515601,0.19884447415197298,-0.0004231578995871066
921.1552997885674,0.1997834292377508,0.19985426321645056,0.19938827426640898,-0.0004659889500415737
921.5715256091975,0.20044816865675422,0.2004587008456177,0.19992864423352244,-0.0005300566120952643
921.987738477909,0.20183490718380184,0.20101996762958135,0.20046558892674662,-0.0005543787028347291
922.4039383896469,0.20198895221217664,0.20158960436892168,0.20099903628261942,-0.0005905680863022567
922.820125339354,0.20229289822420587,0.20215402711145652,0.2015290055460863,-0.0006250215653702262
923.2362993219776,0.20305748948457508,0.20273475445906794,0.2020554506074399,-0.0006793038516280381
923.6524603324624,0.20293311052836158,0.20329919759191614,0.20257835336158023,-0.0007208442303359153
924.0686083657558,0.2040974689892901,0.20385587003865227,0.20309769965016436,-0.000758170388487911
924.4847434168045,0.20418289693758992,0.20439257526831167,0.20361344221413208,-0.0007791330541795927
924.9008654805565,0.2056196831104948,0.2049377316467394,0.20412558957558458,-0.00081214207115482
925.3169745519604,0.205647764322452,0.20545668790999883,0.20463409658174198,-0.0008225913282568498
925.733070625965,0.20553318702572554,0.20598159094323842,0.20513895884719593,-0.0008426320960424893
926.149153697521,0.2067190367691447,0.20648654155082297,0.20564015171008063,-0.0008463898407423398
926.5652237615791,0.20736030897025282,0.2069948576427605,0.20613764812558596,-0.0008572095171745231
926.9812808130893,0.20749612808400786,0.20748585240618608,0.20663144696616237,-0.0008544054400237144
927.3973248470045,0.20835389931878648,0.20797727593252577,0.207121510703374,-0.0008557652291517615
927.8133558582771,0.20794851914828463,0.20846666670785538,0.2076078400742689,-0.000858826633586468
928.2293738418597,0.20912131231717382,0.20892829122150372,0.20809040935593892,-0.000837881865564799
928.6453787927064,0.20955841323243385,0.20941063003731006,0.20856920453334457,-0.0008414255039654872
929.0613707057717,0.2092742208601608,0.20990554641075912,0.20904421307135646,-0.0008613333394026645
929.477349576011,0.2099162873563841,0.21035622968277984,0.20951540862658896,-0.0008408210561908769
929.8933153983794,0.21066168122087128,0.21082920294812252,0.2099827901788643,-0.0008464127692582313
930.309268167834,0.2107670783141444,0.21129783740518143,0.21044633842820998,-0.0008514989769714543
930.7252078793318,0.2114571022131878,0.21177657030223546,0.21090604363677481,-0.0008705266654606414
931.1411345278304,0.2118823755477583,0.21223097644536784,0.21136189082169154,-0.0008690856236762967
931.5570481082882,0.21276376342505532,0.21271291899650704,0.21181386620583129,-0.0008990527906757584
931.9729486156641,0.2126970146916111,0.21316775360172874,0.212261961989257,-0.0009057916124717291
932.3888360449188,0.2145369845229077,0.2136233613329206,0.21270616978711027,-0.0009171915458103252
932.8047103910116,0.21437441267212679,0.21409003485366537,0.2131464766579694,-0.0009435581956959704
933.2205716489038,0.21475578738882353,0.21453829310266503,0.21358287480296181,-0.0009554182997032201
933.6364198135573,0.21463319132446992,0.21496627857429831,0.21401535530258742,-0.0009509232717108962
934.0522548799344,0.21557233755964858,0.21540853519598685,0.21444390639289476,-0.000964628803092088
934.4680768429982,0.21603139951531003,0.21582013290079036,0.2148685286081932,-0.0009516042925971635
934.8838856977128,0.21618214975068584,0.21624455328767286,0.2152892040282787,-0.000955349259394167
935.299681439042,0.21688075593044923,0.21664977299726446,0.21570593283306694,-0.000943840164197518
935.7154640619505,0.2170968722801601,0.21708515180274232,0.21611870408306733,-0.0009664477196749954
936.1312335614048,0.2174314508070607,0.21750956525301424,0.2165275135899392,-0.0009820516630750231
936.546989932371,0.21775949865317265,0.2179232375687557,0.21693236407014985,-0.0009908734986058543
936.962733169816,0.218222362191546,0.21837061183593187,0.2173332355312863,-0.0010373763046455653
937.378463268708,0.21874210073009107,0.21881154265452463,0.21773014702234425,-0.0010813956321803764
937.794180224014,0.21907172128611752,0.21923238298851497,0.21812307324631386,-0.001109309742201109
938.2098840307044,0.21943679167628383,0.21966025136731687,0.21851202150002963,-0.0011482298672872426
938.6255746837478,0.22106986826283045,0.2200616996008408,0.2188969893207289,-0.0011647102801118914
939.0412521781153,0.22070314508946406,0.22046907463441856,0.21927796164341257,-0.0011911129910059937
939.456916508778,0.22115544851898913,0.2208891242555433,0.21965496062083634,-0.001234163634706964
939.8725676707069,0.22185280440977473,0.22126940551649926,0.22002795745911377,-0.0012414480573854914
940.2882056588741,0.2217781330377514,0.22162358361464665,0.2203969795501013,-0.0012266040645453613
940.7038304682533,0.22214237426313668,0.22199356610017634,0.22076201056462194,-0.0012315555355544017
941.1194420938189,0.22215463318503512,0.22235496487698433,0.2211230470883208,-0.0012319177886635224
941.5350405305433,0.2223863913378773,0.22272765711322165,0.22148010672436394,-0.00124755038885771
941.9506257734024,0.22219807139754755,0.22307432953839273,0.22183316146117196,-0.0012411680772207723
942.3661978173725,0.22310572878088747,0.2234475941397307,0.22218225856693402,-0.0012653355727966775
942.781756657429,0.22329702456125985,0.22381852522067167,0.22252735975205273,-0.0012911654686189322
943.1973022885493,0.22397179851841742,0.22421690554704368,0.2228684818323645,-0.0013484237146791922
943.6128347057103,0.22451212668370904,0.22461203624154136,0.22320563052266418,-0.0014064057188771795
944.0283539038917,0.22526363575287567,0.22502423303721095,0.2235387865326703,-0.0014854465045406329
944.4438598780716,0.22531237030592993,0.22538966351776515,0.223868002999584,-0.001521660518181145
944.8593526232297,0.2259532395695514,0.22579387389773756,0.22419322981627457,-0.0016006440814629874
945.2748321343464,0.22644616484443678,0.2261981082789067,0.2245145133768609,-0.0016835949020458096
945.6902984064026,0.22699773818337934,0.22656873859121565,0.22483183781211608,-0.001736900779099576
946.1057514343805,0.22728476722742164,0.2269564314300665,0.22514519989172987,-0.0018112315383366218
946.5211912132619,0.22759107231849374,0.22732264936670432,0.22545463554182413,-0.0018680138248801936
946.9366177380296,0.22760128215683084,0.22770155405646791,0.2257601040724863,-0.0019414499839816024
947.3520310036673,0.2273151473004183,0.2280570257443541,0.2260616704526138,-0.001995355291740303
947.7674310051605,0.22789342995524853,0.2284147402150809,0.2263592927596372,-0.0020554474554436986
948.1828177374928,0.22845883412676044,0.22878654014733896,0.22665300048491108,-0.00213353966242788
948.5981911956504,0.2288584580324609,0.22912610389871746,0.2269428111036356,-0.002183292795081865
949.0135513746196,0.2290750246736955,0.2294774546822567,0.2272286888531097,-0.002248765829146987
949.4288982693877,0.2297770235037058,0.22985898643378952,0.22751071165918452,-0.0023482747746050026
949.8442318749421,0.22956136175792832,0.23020664690915793,0.22778881505826684,-0.002417831850891089
950.259552186271,0.23031472255229335,0.2305518284995474,0.22806306166222753,-0.0024887668373198557
950.674859198364,0.23160499199740037,0.230905268784404,0.22833343899453556,-0.002571829789868446
951.09015290621,0.231682288355127,0.23123451100102332,0.22859994070093448,-0.0026345703000888454
951.5054333048005,0.23189602570826692,0.23156560252151867,0.22886262695516074,-0.002702975566357929
951.9207003891253,0.23196446856502653,0.23188899827396392,0.22912143738624197,-0.0027675608877219537
952.3359541541768,0.23310163666035472,0.2322002570762054,0.22937645588520758,-0.0028238011909978156
952.7511945949477,0.23297703880311757,0.23245802847252697,0.22962763642416065,-0.002830392048366326
953.1664217064304,0.23277685063037606,0.23271505966828582,0.22987500972606661,-0.0028400499422192027
953.5816354836189,0.2335501043514563,0.2329627897390321,0.23011860699278666,-0.0028441827462454272
953.996835921508,0.23344404548297173,0.23319493353529291,0.23035837958771205,-0.0028365539475808665
954.4120230150925,0.23301678855180438,0.23344361482612275,0.23059444057339695,-0.0028491742527257946
954.8271967593681,0.23420742718412277,0.23366798924538923,0.23082670084019552,-0.0028412884051937093
955.2423571493309,0.2335436286577885,0.2338739947354342,0.2310552347607183,-0.0028187599747158953
955.6575041799788,0.2336574953537039,0.23412365264640472,0.23128003700592087,-0.002843615640483854
956.0726378463092,0.23463300103004447,0.234340512977348,0.231501091976888,-0.002839421000460002
956.4877581433204,0.23446036816957436,0.23456570488271314,0.23171848484278046,-0.0028472200399326797
956.9028650660126,0.23511194710274141,0.23478165792002503,0.23193213676940802,-0.0028495211506170126
957.317958609384,0.23466014848737163,0.23498972605075405,0.23214214842495198,-0.002847577625802067
957.7330387684365,0.23538447874960441,0.2351825813031047,0.23234847268255426,-0.002834108620550446
958.1481055381701,0.23538726790024858,0.23535185945764964,0.2325511378397648,-0.0028007216178848326
958.5631589135872,0.23496968127057907,0.2355032053768719,0.2327501933055262,-0.0027530120713456785
958.9781988896909,0.2359439044106075,0.2356501494118669,0.23294557432025018,-0.002704575091616729
959.3932254614837,0.2354478096861686,0.235802407871831,0.23313741705013905,-0.0026649908216919427
959.8082386239695,0.23563957347244502,0.2359401482205381,0.23332562096184273,-0.002614527258695376
960.2232383721534,0.23607433582493542,0.23607287181286643,0.23351026210959872,-0.0025626097032677153
960.6382247010406,0.23621124313798084,0.23617071741095266,0.23369134661843755,-0.0024793707925151176
961.053197605636,0.23624296972846068,0.23627718157423036,0.2338688454784242,-0.0024083360958061517
961.4681570809477,0.23658947266511057,0.23639815759467553,0.23404287314104089,-0.002355284453634643
961.8831031219815,0.23642519511550666,0.23650744387908496,0.2342133289563722,-0.0022941149227127533
962.2980357237471,0.23611285738986104,0.23662602764030258,0.23438033090850272,-0.002245696731799862
962.7129548812517,0.2360505832810421,0.23672084709560698,0.23454383288519812,-0.002177014210408862
963.1278605895054,0.23695006600034166,0.23684878748790733,0.23470385387914136,-0.00214493360876597
963.542752843518,0.23723172027021389,0.2369552652346495,0.2348604670707617,-0.002094798163887801
963.9576316382996,0.23710083827848827,0.2370475674086241,0.23501358653586263,-0.002033980872761465
964.372496968863,0.23768994583947603,0.23716780039539176,0.23516335729497082,-0.002004443100420944
964.7873488302189,0.23706688002101778,0.23727341069854682,0.23530968216236656,-0.0019637285361802648
965.2021872173805,0.23810945379345635,0.2373579890030478,0.23545263816408954,-0.001905350838958264
965.6170121253616,0.23835373538493768,0.23747492209770354,0.23559224719687052,-0.0018826749008330201
966.031823549176,0.23694280409312202,0.23755582680292991,0.23572845684484928,-0.001827369958080638
966.4466214838384,0.23796148315994686,0.2376349902015889,0.23586142041968197,-0.0017735697819069307
966.8614059243645,0.23773732231510356,0.23774136974280802,0.2359910068636801,-0.0017503628791279147
967.27617686577,0.23783055001065315,0.23784577040529634,0.23611733970527538,-0.0017284307000209609
967.6909343030725,0.23788918214422092,0.23794019506491398,0.236240384071899,-0.0016998109930149718
968.105678231289,0.23785418180683834,0.2380364509966506,0.2363601447000809,-0.0016763062965697018
968.5204086454374,0.2376800250847245,0.2381251708055105,0.23647672195565894,-0.001648448849851547
968.9351255405375,0.23815786095993824,0.2382088423714346,0.23659000864821883,-0.001618833723215779
969.3498289116086,0.23825379660978416,0.23823947487850342,0.23670017304716046,-0.0015393018313429596
969.7645187536706,0.23784335057131464,0.23831477731521347,0.2368071109867798,-0.00150766632843366
970.1791950617446,0.23787595140966647,0.23837192576889787,0.23691088510345848,-0.0014610406654393948
970.5938578308517,0.2381217381200909,0.2384249202312047,0.23701153802955227,-0.0014133822016524356
971.0085070560156,0.23850647863419028,0.23848651332046925,0.23710899337626307,-0.0013775199442061792
971.4231427322583,0.23839802660549536,0.23855558405777533,0.23720344642322982,-0.0013521376345455027
971.8377648546034,0.23879276507550207,0.2386229433663268,0.23729473525848394,-0.001328208107842871
972.252373418076,0.23899941590763496,0.2386935110011202,0.23738299290764356,-0.0013105180934766536
972.6669684177008,0.23858354791534866,0.23875593874096357,0.23746819783423098,-0.0012877409067325873
973.0815498485032,0.23913137863563688,0.23880852012168496,0.23755033080925986,-0.0012581893124251065
973.4961177055104,0.23891679429524765,0.23886956572005452,0.23762952849210292,-0.0012400372279516014
973.9106719837492,0.23936660688446565,0.2389309299307061,0.23770565411405137,-0.0012252758166547417
974.325212678247,0.23946705498194595,0.2389980368648912,0.23777887871027947,-0.001219158154611738
974.7397397840328,0.23909276223864911,0.23905624321048358,0.23784911132341308,-0.0012071318870705006
975.154253296136,0.23928539676371988,0.2391183634821017,0.23791640140779174,-0.001201962074309948
975.5687532095864,0.23929690348410906,0.23916670709146384,0.23798082006547597,-0.001185887025987875
975.983239519414,0.23912934367316865,0.2392423766065505,0.2380422605013117,-0.0012001161052388187
976.3977122206504,0.2394524431785405,0.23931460165181376,0.23810094670026594,-0.0012136549515478212
976.8121713083272,0.23931051897321143,0.23934040466946158,0.23815670202160555,-0.0011837026478560275
977.2266167774784,0.23907580400118458,0.23940087964319617,0.23820964990915688,-0.0011912297340392897
977.641048623136,0.23866287333925965,0.23943522996932592,0.2382597914198023,-0.001175438549523622
978.0554668403342,0.23939039196342873,0.23947819908379622,0.23830707841112653,-0.0011711206726696954
978.4698714241086,0.23859467314970065,0.23952795850979514,0.23835168752082975,-0.0011762709889653888
978.8842623694936,0.23927781433127604,0.23958012150498917,0.23839345267942236,-0.0011866688255668112
979.2986396715264,0.23926164354019458,0.23963258165114895,0.23843255639311153,-0.0012000252580374182
979.7130033252424,0.24049975226925735,0.23968369553036314,0.23846891881168975,-0.0012147767186733993
980.1273533256805,0.2398942028968427,0.23972572497626898,0.23850256310811485,-0.0012231618681541323
980.5416896678774,0.23990438216571977,0.23974723094987233,0.23853359625329407,-0.0012136346965782585
980.9560123468736,0.24008272957371068,0.23978109249125484,0.23856188177417686,-0.0012192107170779787
981.3703213577077,0.2401204837800807,0.23979737917078237,0.23858764716665096,-0.0012097320041314086
981.7846166954205,0.23990593337733881,0.23981465115695527,0.23861072923901286,-0.0012039219179424132
982.198898355052,0.2398601151575976,0.23982773837914345,0.23863123383437826,-0.0011965045447651923
982.613166331645,0.23997881893469408,0.23982376872767536,0.23864919126329923,-0.0011745774643761309
983.0274206202416,0.2399740703230824,0.23983496179744887,0.2386645144035601,-0.0011704473938887738
983.4416612158842,0.23978639156830134,0.239804804090316,0.23867743834415633,-0.0011273657461596531
983.8558881136174,0.23907593036245917,0.23977839167449694,0.23868775132260195,-0.0010906403518949892
984.2701013084845,0.23964828665346888,0.23974132290716535,0.23869563096854501,-0.0010456919386203356
984.6843007955322,0.2395614211267309,0.23972602579176916,0.23870102408326987,-0.0010250017084992846
985.098486569805,0.23954472763880483,0.23968158389407215,0.23870392434562684,-0.0009776595484453088
985.5126586263502,0.23987028449367928,0.2396350068543805,0.23870448590741866,-0.0009305209469618325
985.9268169602144,0.23956475097062965,0.23960943882101818,0.23870253384717377,-0.0009069049738444079
986.3409615664464,0.23952037513399443,0.23956388311582033,0.2386982999488396,-0.0008655831669807379
986.7550924400942,0.2398642275791119,0.23949020112598093,0.23869163788081785,-0.0007985632451630864
987.1692095762072,0.2399220900755474,0.2394446154672935,0.23868262778659396,-0.000761987680699544
987.5833129698356,0.2395732593186701,0.23938707044389743,0.23867133892318743,-0.0007157315207100001
987.9974026160296,0.2401260432728707,0.2393231302524312,0.23865763384580246,-0.0006654964066287461
988.411478509841,0.23981165608001503,0.23924542922044054,0.23864180106534713,-0.0006036281550934053
988.8255406463222,0.23945901416017515,0.2391619281483567,0.23862359362431723,-0.0005383345240394799
989.2395890205256,0.23908002139483675,0.23902948687382145,0.23860318486696894,-0.0004263020068525081
989.653623627505,0.23851058376111503,0.23893347762674336,0.23858055331324776,-0.00035292431349559505
990.0676444623141,0.2386279101721587,0.23880886428906817,0.2385556492341302,-0.0002532150549379719
990.4816515200084,0.23869608605184012,0.2387221190083989,0.23852868403003874,-0.000193434978360163
990.8956447956429,0.2386093431238588,0.23862754676303372,0.23849943973172172,-0.00012810703131199697
991.3096242842748,0.23771305957358785,0.23852929539602988,0.23846814642433733,-6.114897169254285e-05
991.72358998096,0.23801393363189213,0.23841122687381253,0.23843468487625297,2.3458002440440717e-05
992.1375418807572,0.23790656496471707,0.23828197006477833,0.23839909964400224,0.00011712957922391243
992.5514799787245,0.23745840027472964,0.23814223460206901,0.23836151046194068,0.00021927585987166487
992.9654042699204,0.23799307178676557,0.23801059410897768,0.2383217391865656,0.000311145077587921
993.3793147494058,0.23729762439859542,0.23786878809945436,0.2382800738618499,0.0004112857623955468
993.7932114122405,0.23787476611357092,0.23773983073166574,0.23823629064729585,0.0004964599156301042
994.207094253486,0.2379725873856352,0.23760109988096903,0.23819053632550402,0.0005894364445349909
994.6209632682032,0.23783319041608753,0.23743682632143798,0.23814283168419084,0.0007060053627528651
995.0348184514567,0.23721731290810827,0.23731030371086095,0.23809306722719945,0.0007827635163384916
995.4486597983087,0.2380700709893269,0.23718242025680433,0.2380415159852448,0.0008590957284404788
995.8624873038231,0.2375497292937297,0.23703515368459957,0.2379879189548883,0.0009527652702887301
996.2763009630645,0.23666950704048703,0.236905237592037,0.23793250435757887,0.0010272667655418788
996.6901007710989,0.23698111512938064,0.23677371320791063,0.23787518763831303,0.0011014744304023993
997.1038867229921,0.23747012081211208,0.23662648934629077,0.23781596301295851,0.0011894736666677452
997.5176588138116,0.23652929838505565,0.23647077600890704,0.23775501171545174,0.0012842357065447063
997.9314170386239,0.23641728725855068,0.23633744320443395,0.23769211082001468,0.0013546676155807291
998.3451613924982,0.23595301550533365,0.2361969266319265,0.23762754796266541,0.0014306213307389015
998.7588918705029,0.23542339229885567,0.23608466507127565,0.2375611282459457,0.0014764631746700396
999.1726084677077,0.23580581426594777,0.23597942976379777,0.23749295541909013,0.0015135256552923637
999.5863111791832,0.23622541555452967,0.2358461279427506,0.23742310572945663,0.0015769777867060408
1000.0000000000005,0.23517812286529025,0.23573384566890918,0.23735140231446258,0.0016175566455534085
1000.4136749252312,0.23567734584213507,0.23559160463477882,0.23727835226492652,0.0016867476301477002
1000.8273359499474,0.2353425691873025,0.23546578122984926,0.23720348966895247,0.0017377084391032027
1001.2409830692236,0.23471955807638975,0.2353538031453536,0.23712691433068217,0.0017731111853285797
1001.6546162781324,0.2344676762915919,0.23523576787100905,0.2370486218849464,0.001812854013937354
1002.068235571749,0.23502009686100078,0.23511283775797484,0.23696859436202927,0.0018557566040544315
1002.4818409451487,0.2352790032969072,0.23501133960786075,0.23688694673596664,0.0018756071281058884
1002.8954323934076,0.2353097513819634,0.23491528858897576,0.23680407472871423,0.0018887861397384742
1003.3090099116022,0.2348477622969922,0.23480157966672519,0.23671963679221614,0.0019180571254909518
1003.7225734948104,0.23520400947222816,0.23470410522426244,0.23663355659830754,0.0019294513740450991
1004.1361231381096,0.23468963432631038,0.23459009764840713,0.2365458632788208,0.001955765630413664
1004.5496588365794,0.2347343059046941,0.23449347666155448,0.2364566263764751,0.00196314971492062
1004.963180585299,0.23474679031862603,0.2343933535918072,0.23636576356668831,0.001972409974881101
1005.3766883793488,0.23382957019071707,0.2343324657418804,0.23627393020274318,0.0019414644608627685
1005.7901822138095,0.23355320634612203,0.2342383226366512,0.23618057622871108,0.0019422535920598782
1006.2036620837636,0.23401114543519605,0.2341664926126063,0.23608573245582765,0.0019192398432213431
1006.6171279842928,0.23364923935592985,0.23407870746141937,0.23598941986725894,0.0019107124058395653
1007.0305799104804,0.23327616138747975,0.2339766411691611,0.23589158927658183,0.0019149481074207386
1007.4440178574104,0.23365620279179564,0.2338812773074326,0.23579239162967644,0.0019111143222438343
1007.8574418201677,0.23436062918591005,0.23382471785148415,0.2356921946024568,0.001867476750972652
1008.2708517938364,0.2338322455956732,0.23374707590893412,0.23559070941708196,0.0018436335081478405
1008.684247773504,0.23386863398061178,0.23365532724844273,0.2354878287283626,0.001832501479919868
1009.0976297542556,0.23365246913994642,0.23356663219175894,0.23538355293258253,0.0018169207408235966
1009.51099773118,0.2333061003630246,0.23347025508658328,0.23527798499699384,0.0018077299104105604
1009.9243516993644,0.234142665964899,0.23338066471448016,0.2351710200254912,0.0017903553110110437
1010.337691653898,0.233254533831919,0.23330264938914147,0.2350632986268611,0.0017606492377196248
1010.7510175898708,0.2338232492478137,0.2332052563536542,0.23495436289095922,0.001749106537305034
1011.1643295023722,0.2335262991093493,0.23312400631613714,0.2348441564563635,0.001720150140226362
1011.5776273864936,0.23327054158100252,0.233039390389154,0.23473273153819513,0.0016933411490411276
1011.9909112373268,0.23357890755351565,0.2329254684055822,0.2346200062967906,0.0016945378912084086
1012.404181049964,0.23294938998881612,0.2328159430869285,0.23450616153739248,0.0016902184504639928
1012.8174368194982,0.2324979234318738,0.23272382362908595,0.23439154046066243,0.0016677168315764879
1013.2306785410236,0.23216404021593423,0.23265673103921694,0.2342759199160243,0.0016191888768073703
1013.6439062096342,0.23223601676272412,0.23258145087029067,0.23415915356413922,0.0015777026938485483
1014.057119820426,0.2321944045678959,0.23247840252511479,0.2340412076483774,0.0015628051232626228
1014.4703193684948,0.23204231108581236,0.2323935265568386,0.23392222380127958,0.0015286972444409908
1014.8835048489368,0.2320262579045621,0.23228549423340258,0.2338020727855368,0.0015165785521342179
1015.29667625685,0.23238254237636016,0.23218717333594258,0.23368137022391133,0.0014941968879687573
1015.7098335873318,0.23099174260790364,0.23208125271043759,0.2335597788822443,0.0014785261718067155
1016.1229768354816,0.23146892978297573,0.23190429074567195,0.23343713420065829,0.0015328434549863323
1016.5361059963994,0.23166588637722796,0.23173572011649246,0.23331352521739127,0.0015778051008988048
1016.9492210651844,0.23191073109830102,0.23157227220280216,0.23318884705473417,0.0016165748519320067
1017.3623220369384,0.2316430285102146,0.23140016861681634,0.23306327202963942,0.0016631034128230804
1017.7754089067628,0.23183166050353252,0.23122483232709584,0.2329371489041629,0.0017123165770670523
1018.18848166976,0.23118325305696352,0.2311027318839137,0.23281033055548928,0.0017075986715755775
1018.6015403210334,0.23106212759544273,0.23099026652078647,0.2326826211608656,0.0016923546400791356
1019.014584855687,0.23150386842373386,0.23087765993754022,0.2325539478244045,0.001676287886864275
1019.4276152688248,0.2309860167865363,0.23073489870932606,0.2324244957548207,0.001689597045494623
1019.8406315555526,0.2306209533350392,0.23059456129544043,0.23229410983848175,0.0016995485430413293
1020.2536337109764,0.23066935391240667,0.23047432461974404,0.23216336740038837,0.0016890427806443287
1020.6666217302028,0.23072032991515035,0.2303241173356906,0.23203208701965608,0.0017079696839654712
1021.0795956083394,0.23029720391821318,0.23014994784384168,0.23189997172100563,0.001750023877163942
1021.4925553404944,0.23014509203685424,0.23000665919621102,0.2317671525932438,0.0017604933970327696
1021.9055009217764,0.2298328443271805,0.22984849505978114,0.2316335000532522,0.0017850049934710621
1022.3184323472956,0.23005025220194014,0.22965276860739495,0.23149917443607995,0.001846405828685005
1022.7313496121616,0.22940576283808706,0.22950095269879128,0.23136452433791913,0.0018635716391278423
1023.1442527114868,0.2291002685176192,0.2293256779588706,0.23122950570202633,0.0019038277431557282
1023.5571416403816,0.22825539146471416,0.22917919229352154,0.2310938584838064,0.0019146661902848527
1023.970016393959,0.22831247328331294,0.22902162902451687,0.23095747975981534,0.0019358507352984777
1024.3828769673328,0.22858360807942338,0.22881472733115324,0.23082056198154374,0.0020058346503905033
1024.7957233556158,0.22813760027849658,0.2286494330235541,0.2306829637230044,0.002033530699450309
1025.2085555539245,0.22822436185044917,0.22841156201019258,0.2305451924581929,0.0021336304480003287
1025.6213735573722,0.22771973520515162,0.2282696407955601,0.23040726513096418,0.0021376243354040703
1026.0341773610764,0.22778574416484465,0.2281061622974893,0.23026872573368012,0.002162563436190812
1026.4469669601533,0.2291783711228383,0.22791087885104025,0.2301297521938466,0.002218873342806349
1026.859742349722,0.22851141722365684,0.22777730357585282,0.22999018882780606,0.002212885251953234
1027.2725035248984,0.22869902597183883,0.22763709211368088,0.22985018078091857,0.0022130886672376837
1027.6852504808037,0.22859143021283426,0.22749547400816036,0.2297100673757876,0.002214593367627249
1028.0979832125563,0.2282078561462246,0.22733598112808592,0.22956994275766945,0.0022339616295835307
1028.5107017152775,0.22649980978360892,0.227197628005498,0.22942946281016557,0.0022318348046675707
1028.9234059840878,0.22659622585772157,0.22700336214652234,0.22928849941580856,0.002285137269286225
1029.33609601411,0.22579920796198133,0.22684214881706793,0.2291472299168847,0.0023050810998167526
1029.748771800466,0.22659709175632975,0.2267315412289615,0.22900555196034356,0.002274010731382059
1030.1614333382795,0.22610734354612225,0.2265642146941983,0.22886387425332733,0.0022996595591290303
1030.5740806226752,0.2247066285703155,0.22639270716190224,0.22872246172547303,0.0023297545635707906
1030.986713648777,0.22631940622691693,0.22626212051131647,0.2285806745234347,0.0023185540121182235
1031.3993324117105,0.22620557486423323,0.22611638532688866,0.22843872269718637,0.002322337370297717
1031.8119369066033,0.2256482671727809,0.2260019081136901,0.22829644235300348,0.0022945342393133894
1032.2245271285803,0.22582734360427606,0.22593160936715675,0.22815395421854867,0.0022223448513919164
1032.6371030727717,0.2269481539788028,0.22578823744227203,0.22801157358026736,0.00222333613799533
1033.049664734304,0.22593812064322952,0.22565926524792715,0.2278695770570706,0.0022103118091434393
1033.4622121083075,0.2262288202082026,0.22558952173908173,0.22772751264938573,0.002137990910304005
1033.874745189912,0.22475838482665603,0.22549310766023775,0.22758522584842794,0.0020921181881901896
1034.287263974248,0.22457676418131067,0.22537512956199643,0.22744287588368234,0.0020677463216859093
1034.6997684564467,0.2262781210609759,0.2251999703561027,0.22730040526033332,0.002100434904230619
1035.1122586316408,0.22486218790694357,0.22505711702324704,0.2271580970295149,0.0021009800062678496
1035.5247344949628,0.22734477757383487,0.2249644066670395,0.22701652206303816,0.002052115395998644
1035.9371960415467,0.2242114224158454,0.2248752483455864,0.2268748402534485,0.001999591907862114
1036.3496432665258,0.22532609836373052,0.2248009321202575,0.22673324337459083,0.0019323112543333243
1036.7620761650364,0.22507853448063916,0.22474253717986475,0.22659161262180794,0.001849075441943182
1037.1744947322136,0.22328839232147382,0.2246609094888854,0.22645002371805986,0.0017891142291744655
1037.586898963194,0.22350788193503288,0.2245852744615242,0.22630874869381104,0.0017234742322868313
1037.999288853115,0.2237489894184157,0.22453798761165414,0.2261683015359998,0.00163031392434565
1038.4116643971147,0.22415942645461634,0.22451040160934632,0.226028091107405,0.0015176894980586664
1038.8240255903315,0.2237550637593215,0.22443078638100925,0.22588793670649893,0.0014571503254896812
1039.2363724279053,0.22524673996879993,0.22438190303097616,0.2257479764390627,0.0013660734080865322
1039.6487049049758,0.2242734601080527,0.22431082194072358,0.22560820280220736,0.0012973808614837878
1040.061023016684,0.22314653928597394,0.22428485276235505,0.22546874278350346,0.0011838900211484094
1040.473326758172,0.22480359229516078,0.22421646291151515,0.22533054160886443,0.00111407869734928
1040.8856161245817,0.22497379375046986,0.22410013431304054,0.2251925201664698,0.0010923858534292452
1041.2978911110563,0.22395968053351517,0.2239139521710495,0.22505484920320545,0.0011408970321559464
1041.71015171274,0.22490129356794297,0.22382726683926557,0.22491746032454638,0.0010901934852808048
1042.1223979247768,0.22378853569592022,0.22372077859584327,0.2247803801386979,0.0010596015428546157
1042.5346297423123,0.22224281059773152,0.22363599639210793,0.22464381236602307,0.0010078159739151382
1042.9468471604932,0.2246030913584943,0.22357617885732894,0.22450860116152185,0.0009324223041929092
1043.3590501744657,0.22481255719102597,0.22359020722282727,0.22437390107740496,0.0007836938545776884
1043.771238779377,0.22242738124167116,0.22354298642891376,0.22423958251155826,0.0006965960826444961
1044.1834129703757,0.2230819053766358,0.22357580308511593,0.22410573423649727,0.0005299311513813354
1044.595572742611,0.223015239410835,0.2234725697714027,0.22397240313490582,0.0004998333635031216
1045.0077180912326,0.22523013809236392,0.22331580649376637,0.22383952453331857,0.0005237180395522012
1045.4198490113906,0.22486487306620825,0.22330403383848352,0.22370849796086678,0.00040446412238326346
1045.8319654982367,0.22296853899057967,0.22328360261646418,0.2235779606351066,0.0002943580186424155
1046.2440675469222,0.22300564870799855,0.22329923063652107,0.22344805990906771,0.00014882927254664113
1046.6561551526006,0.2219705244559515,0.22322917129137432,0.22331878234593966,8.961105456534169e-05
1047.0682283104247,0.22130426931322078,0.2231453369358362,0.2231901021147757,4.476517893947651e-05
1047.4802870155493,0.22364715859370546,0.22310951972444312,0.2230621836748962,-4.733604954693105e-05
1047.8923312631289,0.22324373473453027,0.22300222149833585,0.22293609923839322,-6.612225994262477e-05
1048.3043610483187,0.22285360684721972,0.2229649274449623,0.22281088360717063,-0.00015404383779166197
1048.716376366276,0.2224346908051548,0.22284643325539022,0.2226864019914592,-0.00016003126393102085
1049.1283772121571,0.22431100685970246,0.2228150231741673,0.22256269036470216,-0.0002523328094651278
1049.5403635811206,0.22182548435047347,0.22266728305487885,0.22243985355495888,-0.00022742949991996775
1049.9523354683245,0.22265319200039002,0.22261431542939075,0.22231777367095798,-0.0002965417584327723
1050.3642928689285,0.22010073302328892,0.2225902183416086,0.22219785667094905,-0.0003923616706595634
1050.7762357780923,0.22209729490676608,0.22254299251823206,0.22207894520076307,-0.00046404731746899075
1051.188164190977,0.22337837865946034,0.2225632298924197,0.22196098168620912,-0.0006022482062105761
1051.6000781027444,0.2245684786485634,0.2225616785301087,0.22184401132715553,-0.0007176672029531594
1052.0119775085564,0.22302331832137395,0.22253357227960344,0.22172795339133486,-0.0008056188882685777
1052.423862403576,0.22389855698331299,0.2225521062956374,0.2216130323764192,-0.000939073919218214
1052.8357327829672,0.22286056071463314,0.22234775303573381,0.2215002314367218,-0.0008475215990120244
1053.2475886418945,0.22227407380910633,0.22224585615697565,0.22138882323855616,-0.0008570329184194869
1053.6594299755234,0.2209403137896051,0.22222138012093895,0.2212785322878958,-0.0009428478330431589
1054.0712567790192,0.22209027033769055,0.22223413264626418,0.22116933918323328,-0.0010647934630308997
1054.4830690475496,0.21958193196987436,0.22216989129099832,0.22106140932735663,-0.0011084819636416887
1054.894866776281,0.22261851739979854,0.22214522917770407,0.22095459797898453,-0.0011906311987195384
1055.3066499603826,0.22448323640077358,0.22205835767268806,0.2208502043857473,-0.0012081532869407663
1055.7184185950232,0.22155219080417218,0.22210270887846276,0.22074743814675812,-0.001355270731704633
1056.1301726753725,0.22036970361800146,0.22203597855623106,0.2206459610912809,-0.001390017464950155
1056.5419121966004,0.22172706955394486,0.22201468223252258,0.22054587976875162,-0.0014688024637709574
1056.9536371538788,0.22170173113556327,0.2219965453412514,0.22044708057379203,-0.0015494647674593742
1057.3653475423796,0.22348226347460481,0.22190646538908262,0.22034977893355168,-0.0015566864555309479
1057.7770433572753,0.22192885825693032,0.22188772327668874,0.2202549035454022,-0.001632819731286539
1058.1887245937387,0.2226208138759542,0.22181155360273172,0.22016202726499176,-0.0016495263377399594
1058.6003912469455,0.2202141230178085,0.22182643415086173,0.22007068577337022,-0.0017557483774915117
1059.0120433120696,0.2230639419203509,0.22178883758864784,0.21998080268590794,-0.0018080349027398968
1059.4236807842867,0.2204781878475013,0.22160267967280328,0.21989260558088167,-0.001710074091921615
1059.8353036587737,0.22409707601616458,0.22162772688149834,0.21980592310262012,-0.0018218037788782226
1060.246911930707,0.22279211203051036,0.22154030471318487,0.21972190702483108,-0.00181839768835379
1060.6585055952658,0.22102312697307022,0.221485713389985,0.21964023176148237,-0.001845481628502621
1061.0700846476277,0.22045234045175005,0.22136263172869672,0.21956022123209662,-0.0018024104966000987
1061.4816490829724,0.21952300793664017,0.22136965102014966,0.21948204498340404,-0.0018876060367456204
1061.89319889648,0.2203377856536023,0.2212611240528442,0.21940556281868637,-0.0018555612341578376
1062.3047340833316,0.22014337655516944,0.22121641145183094,0.2193309611824038,-0.0018854502694271302
1062.7162546387092,0.21935129843357315,0.22118188264182603,0.21925909141287894,-0.0019227912289470905
1063.127760557794,0.2262575179818696,0.2211719667692964,0.21918992361317824,-0.001982043156118163
1063.5392518357703,0.22165818454325045,0.22108341517348407,0.219122745728358,-0.001960669445126073
1063.9507284678225,0.22142419524043105,0.22111226794776137,0.219057448578852,-0.002054819368909361
1064.362190449133,0.22056999007910727,0.2210544637082125,0.21899424813041674,-0.00206021557779576
1064.7736377748895,0.22074290340603486,0.22101343854428174,0.21893302141937293,-0.0020804171249088066
1065.1850704402775,0.21977291013625477,0.22097790686109245,0.21887469910442983,-0.0021032077566626173
1065.5964884404837,0.2217063936332822,0.220823819288823,0.21881953713595087,-0.0020042821528721277
1066.0078917706956,0.219570329549306,0.22090350485563906,0.21876645395055913,-0.002137050905079929
1066.4192804261015,0.22345635430951827,0.22085806684031795,0.21871568257795232,-0.0021423842623656264
1066.8306544018913,0.22037887152653501,0.22066125060025543,0.21866705693982874,-0.0019941936604266908
1067.2420136932542,0.22018464661911977,0.2205916862854587,0.21862073337200855,-0.001970952913450147
1067.6533582953812,0.22149508056831654,0.2205917044324626,0.21857743544372046,-0.0020142689887421295
1068.0646882034637,0.2179391043332416,0.22059281717680773,0.2185376566054682,-0.0020551605713395316
1068.4760034126937,0.2219919138309476,0.2206819805316668,0.2185003632317549,-0.0021816172999118977
1068.887303918264,0.21852970280385697,0.22069810004699122,0.2184654201342786,-0.002232679912712615
1069.298589715369,0.21967379973471307,0.22060039499431883,0.21843301219352448,-0.002167382800794343
1069.7098607992025,0.22458055617631784,0.22059505147530065,0.21840308484145984,-0.002191966633840803
1070.1211171649593,0.2197288836499668,0.22072342135264697,0.21837628188483918,-0.0023471394678077906
1070.5323588078363,0.2211146430248708,0.2208508350799314,0.21835358051089784,-0.002497254569033547
1070.9435857230294,0.22084482558452082,0.22084622263925577,0.2183334419415034,-0.002512780697752376
1071.3547979057364,0.2204020116658812,0.2210813369584556,0.2183160788619782,-0.002765258096477402
1071.765995351156,0.21738711830659727,0.22118595267850935,0.21830138361729784,-0.0028845690612115116
1072.177178054486,0.22254285145668617,0.221183014579564,0.21828945417197443,-0.0028935604075895627
1072.588346010927,0.22225721860437964,0.22127383499663533,0.21828082078602326,-0.0029930142106120716
1072.9994992156787,0.22087237697308057,0.22148943513629912,0.21827665369124916,-0.003212781445049967
1073.410637663943,0.22127402979769642,0.22138544412725233,0.21827550976175614,-0.0031099343654961975
1073.8217613509214,0.22352290927112892,0.22134993911939088,0.2182772297515598,-0.003072709367831078
1074.2328702718169,0.21921846182961804,0.22138972155726408,0.2182819666202292,-0.0031077549370348845
1074.6439644218328,0.22063095832832677,0.22141812694798696,0.21828973455823297,-0.0031283923897539867
1075.055043796174,0.22120227272853246,0.2212786219573709,0.2183008195292435,-0.002977802428127424
1075.4661083900444,0.2181265053017377,0.22154421732364327,0.21831708893741975,-0.003227128386223521
1075.8771581986502,0.22525656174559397,0.22156647652785513,0.21833645394850698,-0.003230022579348152
1076.288193217198,0.21991569821499515,0.22162607663785952,0.21835909446975924,-0.0032669821681002853
1076.6992134408947,0.22149783700831746,0.22173633038460352,0.21838497338983115,-0.0033513569947723754
1077.1102188649493,0.22590129859482633,0.2219761130180849,0.21841412685254508,-0.003561986165539821
1077.52120948457,0.22358649474544345,0.2219981010599059,0.21844681189547663,-0.003551289164429261
1077.9321852949658,0.22153075406922498,0.2221252674546029,0.2184850953283582,-0.003640172126244706
1078.3431462913477,0.22379381133810122,0.22206296679831372,0.21852692048413036,-0.003536046314183361
1078.754092468926,0.21960968680610035,0.2220119166119072,0.2185722006109525,-0.00343971600095469
1079.165023822913,0.22298116759794293,0.22212266221584878,0.21862102514014756,-0.003501637075701225
1079.5759403485215,0.22499111609353278,0.22205811355879276,0.21867347597459655,-0.003384637584196215
1079.9868420409648,0.22553015985488892,0.221961490470857,0.21872948193038444,-0.003232008540472564
1080.397728895456,0.21861643957318863,0.22211861562448657,0.21879174029183363,-0.00332687533265294
1080.8086009072117,0.22226447131114768,0.22209117217965377,0.21885776074607366,-0.003233411433580108
1081.2194580714454,0.22643288435063091,0.22205511571041409,0.21892760313245394,-0.003127512577960151
1081.6303003833752,0.2166703769996283,0.221821822766603,0.21900129972055415,-0.0028205230460488506
1082.0411278382176,0.21980132068282454,0.22178289571506976,0.21907882657040054,-0.0027040691446692244
1082.45194043119,0.22219525914335336,0.2216919401486647,0.21916038068229446,-0.0025315594663702368
1082.8627381575116,0.21944875157284016,0.22182688000253412,0.21924821456853816,-0.002578665433995958
1083.2735210124015,0.21389833043617928,0.2220441750201068,0.219340468507591,-0.00270370651251578
1083.6842889910813,0.22311048070789682,0.2222322404963624,0.21943681396707013,-0.0027954265292922664
1084.0950420887696,0.22891495449185587,0.22222017016603968,0.21953727862346034,-0.0026828915425793354
1084.5057803006896,0.22319725917287653,0.22235431731309382,0.21964200956072416,-0.0027123077523696637
1084.9165036220627,0.22379480626480047,0.22250420093285755,0.21975091133462926,-0.0027532895982282923
1085.3272120481138,0.22957284859784186,0.22254463204095268,0.2198664463420076,-0.002678185698945068
1085.7379055740653,0.21608006216241646,0.2226983610389777,0.21998689482801967,-0.0027114662109580245
1086.1485841951426,0.22269134486386488,0.22257387292040426,0.22011175901784003,-0.0024621139025642336
1086.559247906571,0.22349702198916827,0.22260591526753992,0.22024113787463084,-0.0023647773929090787
1086.969896703577,0.21942966623023413,0.22235070166733453,0.22037496365807863,-0.0019757380092559063
1087.3805305813871,0.21838516786681803,0.22255975347137916,0.22051345339209924,-0.002046300079279917
1087.7911495352298,0.22256558961317033,0.22258676413258452,0.2206586322375838,-0.001928131895000712
1088.2017535603338,0.21835008597379585,0.222708188417449,0.22080939968627533,-0.0018987887311736618
1088.6123426519275,0.2260863949075067,0.2224980480836634,0.2209649394857754,-0.0015331085978880221
1089.0229168052415,0.22228843129803597,0.22276308099343375,0.22112522059725098,-0.001637860396182772
1089.4334760155068,0.22046580705962965,0.2226086691373814,0.2212904512133208,-0.0013182179240605885
1089.844020277955,0.22265011531672804,0.2226448397992017,0.22146051385914767,-0.0011843259400540207
1090.2545495878178,0.22475070340075998,0.2226706660558062,0.2216375407647598,-0.001033125291046405
1090.6650639403294,0.22135997025710225,0.2226846169026123,0.22182080807743013,-0.0008638088251821663
1091.0755633307233,0.22290608245137664,0.2226851613350156,0.22200913155032673,-0.0006760297846888641
1091.4860477542338,0.22469268149856217,0.2226707683484119,0.22220267257349455,-0.0004680957749173542
1091.8965172060966,0.23220341089573693,0.2226399069381969,0.2224013407349896,-0.0002385662032073077
1092.3069716815482,0.2262757353961537,0.22259104609976635,0.22260531691770472,1.4270817938366598e-05
1092.7174111758256,0.22503701309618043,0.22252265482851594,0.22281634862171018,0.00029369379319424405
1093.1278356841658,0.2223194912903644,0.22243320211984144,0.22303432991248356,0.0006011277926421255
1093.5382452018086,0.21890004901889565,0.22232115696913854,0.22325780563019085,0.0009366486610523084
1093.9486397239918,0.21755727589580467,0.22218498837180298,0.22348671139060258,0.0013017230187996054
1094.3590192459567,0.22424122345285044,0.2220231653232305,0.2237212475570273,0.001698082233796805
1094.7693837629438,0.22168145192986763,0.2218341568188168,0.2239613406213525,0.0021271838025357093
1095.1797332701942,0.215994071699873,0.2216164318539576,0.22420865674645798,0.0025922248925003832
1095.5900677629506,0.2198239049858894,0.22136845942404867,0.22446374312123887,0.0030952836971901987
1096.0003872364564,0.21541132803839902,0.22108870852448573,0.22472457012965644,0.0036358616051707093
1096.4106916859548,0.22047528971857064,0.2207756481506645,0.22499135571556186,0.004215707564897364
1096.8209811066915,0.22204806486646628,0.22042774729798068,0.2252639894647513,0.004836242166770616
1097.231255493911,0.22702062478562166,0.22004347496183,0.22554261729063627,0.005499142328806272
1097.6415148428605,0.21206370637782526,0.21962130013760822,0.22582857298558084,0.0062072728479726225
1098.0517591487858,0.2219833808009066,0.21915969182071104,0.22612306159384718,0.0069633697731361355
1098.4619884069352,0.21648854802627085,0.2186571190065342,0.22642380267390116,0.007766683667366964
1098.8722026125574,0.2256678266024687,0.2181120506904734,0.2267307110520691,0.008618660361595698
1099.2824017609018,0.2113255587671435,0.21752295586792442,0.22704395066998997,0.009520994802065558
1099.692585847218,0.22021038036232324,0.21688830353428296,0.2273635164652466,0.010475212930963651
