wavelength_nm,reference_intensity_raw,sample_intensity_raw,reference_intensity_processed,sample_intensity_processed,reference_reflectance,sample_reference_ratio,calculated_reflectance,valid_mask,mask_reason
500.15917045121154,615.5499877929688,65.94000244140625,30.777499389648437,3.2970001220703127,1.0,0.10712371659340233,0.10712371659340233,True,ok
500.5848360116463,612.5999755859375,67.87999725341797,30.629998779296876,3.3939998626708983,1.0,0.1108063988877772,0.1108063988877772,True,ok
501.0104944462066,624.25,71.18000030517578,31.2125,3.559000015258789,1.0,0.1140248302846228,0.1140248302846228,True,ok
501.4361457492221,637.4500122070312,67.08000183105469,31.872500610351562,3.3540000915527344,1.0,0.10523178374223392,0.10523178374223392,True,ok
501.8617899150223,646.2999877929688,81.55999755859375,32.314999389648435,4.077999877929687,1.0,0.12619526396265401,0.12619526396265401,True,ok
502.28742693793646,656.9000244140625,78.4800033569336,32.845001220703125,3.9240001678466796,1.0,0.11947023967145638,0.11947023967145638,True,ok
502.713056812296,659.6500244140625,75.9800033569336,32.98250122070313,3.7990001678466796,1.0,0.11518229446655931,0.11518229446655931,True,ok
503.1386795324313,671.3499755859375,77.68000030517578,33.567498779296876,3.8840000152587892,1.0,0.11570716188285941,0.11570716188285941,True,ok
503.5642950926724,686.5499877929688,71.68000030517578,34.32749938964844,3.584000015258789,1.0,0.10440609071395265,0.10440609071395265,True,ok
503.9899034873509,693.0,78.13999938964845,34.65,3.9069999694824227,1.0,0.1127561318753946,0.1127561318753946,True,ok
504.4155047107977,706.8499755859375,81.19999694824217,35.342498779296875,4.059999847412109,1.0,0.11487585732875226,0.11487585732875226,True,ok
504.8410987573443,717.7000122070312,84.12000274658203,35.88500061035156,4.206000137329101,1.0,0.11720774880287499,0.11720774880287499,True,ok
505.26668562132267,727.75,79.18000030517578,36.3875,3.959000015258789,1.0,0.10880109969793991,0.10880109969793991,True,ok
505.69226529706503,745.4000244140625,80.26000213623048,37.27000122070312,4.013000106811524,1.0,0.10767373156355953,0.10767373156355953,True,ok
506.11783777890344,750.7999877929686,80.5199966430664,37.53999938964843,4.02599983215332,1.0,0.10724560196086419,0.10724560196086419,True,ok
506.5434030611699,764.0,82.23999786376953,38.2,4.111999893188477,1.0,0.10764397626147844,0.10764397626147844,True,ok
506.9689611381976,769.5,92.55999755859376,38.475,4.627999877929688,1.0,0.12028589676230508,0.12028589676230508,True,ok
507.3945120043198,777.7000122070312,86.0199966430664,38.88500061035156,4.3009998321533205,1.0,0.11060819762487938,0.11060819762487938,True,ok
507.820055653869,791.7999877929686,84.30000305175781,39.58999938964843,4.215000152587891,1.0,0.10646628485904912,0.10646628485904912,True,ok
508.2455920811796,803.0499877929686,94.5,40.15249938964843,4.725,1.0,0.11767636067054232,0.11767636067054232,True,ok
508.6711212805848,819.5999755859375,98.27999877929688,40.97999877929688,4.913999938964844,1.0,0.11991215435192741,0.11991215435192741,True,ok
509.09664324641886,833.4500122070312,86.77999877929686,41.67250061035156,4.338999938964843,1.0,0.10412142001113855,0.10412142001113855,True,ok
509.522157973016,831.5999755859375,95.16000366210936,41.57999877929687,4.758000183105468,1.0,0.11443002219313501,0.11443002219313501,True,ok
509.947665454711,852.3499755859375,95.73999786376952,42.617498779296874,4.786999893188476,1.0,0.1123247499337983,0.1123247499337983,True,ok
510.3731656858381,878.25,93.33999633789062,43.9125,4.666999816894531,1.0,0.10627952899275904,0.10627952899275904,True,ok
510.7986586607325,882.6500244140625,90.87999725341797,44.132501220703126,4.543999862670899,1.0,0.10296266327500263,0.10296266327500263,True,ok
511.22414437373,885.0,102.54000091552734,44.25,5.127000045776367,1.0,0.11586440781415519,0.11586440781415519,True,ok
511.6496228191656,909.5999755859376,100.68000030517578,45.47999877929688,5.034000015258789,1.0,0.11068601913750127,0.11068601913750127,True,ok
512.0750939913756,925.2000122070312,99.26000213623048,46.26000061035156,4.963000106811524,1.0,0.10728491226394316,0.10728491226394316,True,ok
512.5005578846955,933.75,104.41999816894533,46.6875,5.220999908447267,1.0,0.11182864596406461,0.11182864596406461,True,ok
512.926014493462,946.4000244140624,101.0199966430664,47.32000122070312,5.0509998321533205,1.0,0.10674132928685222,0.10674132928685222,True,ok
513.3514638120116,966.9500122070312,102.09999847412108,48.34750061035156,5.104999923706054,1.0,0.1055897380269754,0.1055897380269754,True,ok
513.7769058346814,972.7000122070312,113.4800033569336,48.63500061035156,5.67400016784668,1.0,0.1166649552100348,0.1166649552100348,True,ok
514.2023405558077,1003.5,106.8000030517578,50.175,5.34000015258789,1.0,0.10642750677803468,0.10642750677803468,True,ok
514.6277679697292,1009.0,111.72000122070312,50.45,5.586000061035156,1.0,0.11072348981239159,0.11072348981239159,True,ok
515.0531880707822,1025.75,111.90000152587892,51.2875,5.595000076293946,1.0,0.10909091057848298,0.10909091057848298,True,ok
515.4786008533055,1026.5999755859375,113.73999786376952,51.32999877929687,5.686999893188476,1.0,0.11079290918437029,0.11079290918437029,True,ok
515.9040063116366,1055.9000244140625,118.91999816894533,52.79500122070313,5.945999908447266,1.0,0.11262429720553906,0.11262429720553906,True,ok
516.3294044401143,1073.8499755859375,120.18000030517578,53.692498779296876,6.009000015258789,1.0,0.11191507476600775,0.11191507476600775,True,ok
516.7547952330771,1089.5999755859375,118.76000213623048,54.47999877929688,5.938000106811524,1.0,0.10899413068761012,0.10899413068761012,True,ok
517.1801786848638,1100.050048828125,120.1999969482422,55.00250244140625,6.00999984741211,1.0,0.109267752932051,0.109267752932051,True,ok
517.6055547898142,1122.75,120.08000183105467,56.1375,6.004000091552734,1.0,0.10695168277092378,0.10695168277092378,True,ok
518.0309235422667,1143.9000244140625,124.16000366210938,57.195001220703126,6.208000183105469,1.0,0.10854095726215898,0.10854095726215898,True,ok
518.456284936562,1157.5999755859375,125.58000183105467,57.879998779296876,6.279000091552733,1.0,0.10848307228711745,0.10848307228711745,True,ok
518.8816389670394,1163.449951171875,127.73999786376952,58.17249755859375,6.3869998931884755,1.0,0.10979414949057714,0.10979414949057714,True,ok
519.3069856280399,1180.199951171875,131.8000030517578,59.00999755859375,6.590000152587891,1.0,0.11167599432696765,0.11167599432696765,True,ok
519.7323249139032,1207.699951171875,137.4199981689453,60.38499755859375,6.870999908447265,1.0,0.11378653947580415,0.11378653947580415,True,ok
520.1576568189705,1222.0,135.0399932861328,61.1,6.7519996643066404,1.0,0.11050735948128708,0.11050735948128708,True,ok
520.5829813375827,1237.050048828125,130.97999572753906,61.85250244140625,6.548999786376953,1.0,0.10588091876445764,0.10588091876445764,True,ok
521.0082984640812,1266.050048828125,136.17999267578125,63.30250244140625,6.808999633789062,1.0,0.10756288252729938,0.10756288252729938,True,ok
521.4336081928075,1269.9000244140625,138.8000030517578,63.495001220703124,6.94000015258789,1.0,0.10929994517938586,0.10929994517938586,True,ok
521.8589105181032,1298.5999755859375,140.77999877929688,64.92999877929688,7.038999938964844,1.0,0.10840905700446817,0.10840905700446817,True,ok
522.2842054343108,1306.0,145.60000610351565,65.3,7.280000305175783,1.0,0.11148545643454491,0.11148545643454491,True,ok
522.7094929357725,1335.300048828125,156.47999572753906,66.76500244140625,7.8239997863769535,1.0,0.11718714147046407,0.11718714147046407,True,ok
523.1347730168306,1356.199951171875,149.0800018310547,67.80999755859375,7.454000091552734,1.0,0.10992479516183182,0.10992479516183182,True,ok
523.5600456718283,1365.0999755859375,146.17999267578125,68.25499877929687,7.308999633789062,1.0,0.10708372667945942,0.10708372667945942,True,ok
523.9853108951089,1398.8499755859375,158.0,69.94249877929687,7.9,1.0,0.11294992512246957,0.11294992512246957,True,ok
524.4105686810158,1419.8499755859375,155.97999572753906,70.99249877929688,7.798999786376953,1.0,0.10985667388075272,0.10985667388075272,True,ok
524.8358190238924,1449.4000244140625,152.1199951171875,72.47000122070312,7.605999755859375,1.0,0.10495376883871921,0.10495376883871921,True,ok
525.2610619180825,1456.0999755859375,160.66000366210938,72.80499877929688,8.033000183105468,1.0,0.11033583294818712,0.11033583294818712,True,ok
525.6862973579312,1470.800048828125,160.13999938964844,73.54000244140624,8.006999969482422,1.0,0.10887951731932674,0.10887951731932674,True,ok
526.1115253377823,1500.6500244140625,155.39999389648438,75.03250122070312,7.769999694824219,1.0,0.10355512036003278,0.10355512036003278,True,ok
526.5367458519804,1524.9000244140625,167.05999755859375,76.24500122070313,8.352999877929687,1.0,0.10955472154496551,0.10955472154496551,True,ok
526.9619588948706,1539.5999755859375,175.9199981689453,76.97999877929688,8.795999908447266,1.0,0.11426344567327891,0.11426344567327891,True,ok
527.3871644607991,1570.3499755859375,170.77999877929688,78.51749877929687,8.538999938964844,1.0,0.10875282671658879,0.10875282671658879,True,ok
527.8123625441102,1589.3499755859375,168.3800048828125,79.46749877929688,8.419000244140625,1.0,0.10594268566980454,0.10594268566980454,True,ok
528.2375531391509,1605.1500244140625,179.13999938964844,80.25750122070312,8.956999969482421,1.0,0.11160327487459683,0.11160327487459683,True,ok
528.6627362402669,1638.550048828125,174.74000549316406,81.92750244140625,8.737000274658204,1.0,0.10664306874125476,0.10664306874125476,True,ok
529.087911841804,1648.6500244140625,176.5399932861328,82.43250122070313,8.82699966430664,1.0,0.10708154591443741,0.10708154591443741,True,ok
529.5130799381096,1676.5,177.32000732421875,83.825,8.866000366210937,1.0,0.10576797335175588,0.10576797335175588,True,ok
529.9382405235307,1706.5999755859375,189.83999633789065,85.32999877929687,9.491999816894532,1.0,0.11123871970800404,0.11123871970800404,True,ok
530.363393592414,1725.5,184.69999694824216,86.275,9.234999847412109,1.0,0.10704143549593866,0.10704143549593866,True,ok
530.7885391391067,1754.0,186.66000366210935,87.7,9.333000183105467,1.0,0.10641961440257089,0.10641961440257089,True,ok
531.2136771579577,1774.0,190.77999877929688,88.7,9.538999938964844,1.0,0.10754227665123837,0.10754227665123837,True,ok
531.6388076433145,1808.5999755859373,199.5200042724609,90.42999877929687,9.976000213623045,1.0,0.11031737640481934,0.11031737640481934,True,ok
532.063930589525,1818.75,197.67999267578125,90.9375,9.883999633789063,1.0,0.10869003033719932,0.10869003033719932,True,ok
532.4890459909384,1849.75,199.13999938964844,92.4875,9.956999969482421,1.0,0.10765779126349422,0.10765779126349422,True,ok
532.914153841903,1874.550048828125,195.05999755859372,93.72750244140624,9.752999877929685,1.0,0.10405696966081833,0.10405696966081833,True,ok
533.3392541367682,1905.699951171875,205.0399932861328,95.28499755859374,10.251999664306641,1.0,0.10759300967607587,0.10759300967607587,True,ok
533.764346869883,1921.0999755859373,206.3800048828125,96.05499877929687,10.319000244140625,1.0,0.10742803992794098,0.10742803992794098,True,ok
534.1894320355983,1945.25,214.69999694824216,97.2625,10.734999847412109,1.0,0.1103714159867586,0.1103714159867586,True,ok
534.6145096282625,1985.4000244140625,213.0399932861328,99.27000122070312,10.65199966430664,1.0,0.10730330949250685,0.10730330949250685,True,ok
535.0395796422272,1995.550048828125,215.94000244140625,99.77750244140626,10.797000122070312,1.0,0.10821076753660762,0.10821076753660762,True,ok
535.4646420718421,2029.6500244140625,219.91999816894528,101.48250122070313,10.995999908447263,1.0,0.1083536548289569,0.1083536548289569,True,ok
535.8896969114581,2058.60009765625,221.0200042724609,102.9300048828125,11.051000213623045,1.0,0.107364225098452,0.107364225098452,True,ok
536.3147441554263,2088.75,225.25999450683597,104.4375,11.262999725341798,1.0,0.1078444019182937,0.1078444019182937,True,ok
536.7397837980983,2120.800048828125,222.0,106.04000244140624,11.1,1.0,0.10467747778611611,0.10467747778611611,True,ok
537.1648158338255,2140.199951171875,233.32000732421875,107.00999755859375,11.666000366210938,1.0,0.1090178547086049,0.1090178547086049,True,ok
537.58984025696,2184.89990234375,233.72000122070315,109.2449951171875,11.686000061035157,1.0,0.10697057607535744,0.10697057607535744,True,ok
538.0148570618535,2207.800048828125,235.5,110.39000244140625,11.775,1.0,0.10666726822703021,0.10666726822703021,True,ok
538.4398662428594,2231.10009765625,240.77999877929688,111.5550048828125,12.038999938964844,1.0,0.10791985488783495,0.10791985488783495,True,ok
538.8648677943293,2265.800048828125,234.72000122070315,113.29000244140624,11.736000061035158,1.0,0.10359254839900842,0.10359254839900842,True,ok
539.289861710617,2307.75,242.19999694824216,115.3875,12.109999847412109,1.0,0.10495070824319885,0.10495070824319885,True,ok
539.7148479860757,2315.0,255.0,115.75,12.75,1.0,0.1101511879049676,0.1101511879049676,True,ok
540.1398266150591,2348.199951171875,256.3999938964844,117.40999755859374,12.819999694824219,1.0,0.10919001755728994,0.10919001755728994,True,ok
540.5647975919205,2381.10009765625,248.55999755859372,119.0550048828125,12.427999877929686,1.0,0.10438872259223994,0.10438872259223994,True,ok
540.9897609110145,2412.550048828125,252.83999633789065,120.62750244140625,12.641999816894533,1.0,0.10480196937705208,0.10480196937705208,True,ok
541.4147165666959,2440.10009765625,265.32000732421875,122.0050048828125,13.266000366210937,1.0,0.1087332472872987,0.1087332472872987,True,ok
541.8396645533188,2481.199951171875,262.70001220703125,124.05999755859375,13.135000610351563,1.0,0.1058761959442074,0.1058761959442074,True,ok
542.2646048652385,2497.449951171875,266.20001220703125,124.87249755859375,13.310000610351562,1.0,0.10658872746663955,0.10658872746663955,True,ok
542.6895374968101,2532.75,274.5,126.6375,13.725,1.0,0.10838021912940479,0.10838021912940479,True,ok
543.1144624423895,2574.550048828125,268.0,128.72750244140624,13.4,1.0,0.10409585943842395,0.10409585943842395,True,ok
543.5393796963319,2601.10009765625,274.2799987792969,130.0550048828125,13.713999938964843,1.0,0.10544769077762131,0.10544769077762131,True,ok
543.9642892529945,2644.85009765625,279.5,132.2425048828125,13.975,1.0,0.10567706663136811,0.10567706663136811,True,ok
544.3891911067328,2670.85009765625,279.8399963378906,133.5425048828125,13.99199981689453,1.0,0.10477562802324941,0.10477562802324941,True,ok
544.814085251904,2694.800048828125,279.0,134.74000244140626,13.95,1.0,0.103532727825698,0.103532727825698,True,ok
545.2389716828645,2728.85009765625,286.1600036621094,136.4425048828125,14.308000183105468,1.0,0.10486468417883635,0.10486468417883635,True,ok
545.6638503939728,2777.050048828125,299.8800048828125,138.85250244140624,14.994000244140626,1.0,0.10798509195372895,0.10798509195372895,True,ok
546.088721379585,2813.699951171875,292.0199890136719,140.68499755859375,14.600999450683593,1.0,0.10378504960774114,0.10378504960774114,True,ok
546.5135846340602,2848.199951171875,298.9800109863281,142.40999755859374,14.949000549316406,1.0,0.10497156664275434,0.10497156664275434,True,ok
546.9384401517558,2884.800048828125,300.5599975585937,144.24000244140626,15.027999877929684,1.0,0.10418746272577482,0.10418746272577482,True,ok
547.3632879270306,2928.64990234375,302.0199890136719,146.4324951171875,15.100999450683593,1.0,0.10312601337973866,0.10312601337973866,True,ok
547.7881279542431,2965.39990234375,318.8599853515625,148.2699951171875,15.942999267578125,1.0,0.10752680780071064,0.10752680780071064,True,ok
548.2129602277524,2992.60009765625,320.44000244140625,149.6300048828125,16.022000122070313,1.0,0.10707745505066615,0.10707745505066615,True,ok
548.6377847419179,3040.199951171875,317.3399963378906,152.00999755859374,15.86699981689453,1.0,0.10438129117644673,0.10438129117644673,True,ok
549.0626014910991,3060.85009765625,320.6199951171875,153.0425048828125,16.030999755859376,1.0,0.10474867598471818,0.10474867598471818,True,ok
549.487410469656,3124.800048828125,327.7200012207032,156.24000244140626,16.38600006103516,1.0,0.10487711088701691,0.10487711088701691,True,ok
549.9122116719489,3148.699951171875,327.79998779296875,157.43499755859375,16.389999389648438,1.0,0.10410645437046773,0.10410645437046773,True,ok
550.3370050923376,3178.050048828125,335.9200134277344,158.90250244140626,16.796000671386718,1.0,0.10570003878686604,0.10570003878686604,True,ok
550.7617907251833,3226.800048828125,334.70001220703125,161.34000244140626,16.735000610351562,1.0,0.10372505489721436,0.10372505489721436,True,ok
551.1865685648471,3268.64990234375,342.6199951171875,163.4324951171875,17.130999755859374,1.0,0.10482003437306502,0.10482003437306502,True,ok
551.6113386056903,3309.699951171875,346.82000732421875,165.48499755859376,17.341000366210938,1.0,0.10478895744051335,0.10478895744051335,True,ok
552.0361008420747,3336.699951171875,348.6600036621094,166.83499755859376,17.43300018310547,1.0,0.10449246523939237,0.10449246523939237,True,ok
552.460855268362,3393.14990234375,352.0400085449219,169.6574951171875,17.602000427246093,1.0,0.10375020811834966,0.10375020811834966,True,ok
552.8856018789144,3443.800048828125,356.760009765625,172.19000244140625,17.83800048828125,1.0,0.1035948675031308,0.1035948675031308,True,ok
553.3103406680945,3480.89990234375,363.2000122070313,174.0449951171875,18.160000610351567,1.0,0.10434083782831056,0.10434083782831056,True,ok
553.7350716302649,3514.199951171875,361.6000061035156,175.70999755859376,18.08000030517578,1.0,0.10289682178810952,0.10289682178810952,True,ok
554.159794759789,3563.550048828125,374.6199951171875,178.17750244140626,18.730999755859376,1.0,0.1051255040575006,0.1051255040575006,True,ok
554.58451005103,3601.64990234375,372.98001098632807,180.0824951171875,18.649000549316405,1.0,0.1035580972885826,0.1035580972885826,True,ok
555.0092174983517,3645.14990234375,370.05999755859375,182.2574951171875,18.50299987792969,1.0,0.10152120145200434,0.10152120145200434,True,ok
555.4339170961182,3697.550048828125,388.1600036621094,184.87750244140625,19.408000183105468,1.0,0.10497761992028479,0.10497761992028479,True,ok
555.8586088386932,3747.050048828125,394.8999938964844,187.35250244140624,19.74499969482422,1.0,0.105389570128637,0.105389570128637,True,ok
556.2832927204422,3794.25,387.2799987792969,189.7125,19.363999938964845,1.0,0.10207023753819514,0.10207023753819514,True,ok
556.7079687357292,3833.449951171875,395.1600036621094,191.67249755859376,19.75800018310547,1.0,0.1030820823789052,0.1030820823789052,True,ok
557.1326368789196,3873.60009765625,400.760009765625,193.6800048828125,20.03800048828125,1.0,0.10345931424570846,0.10345931424570846,True,ok
557.5572971443793,3915.949951171875,409.3200073242188,195.79749755859376,20.46600036621094,1.0,0.10452636331619279,0.10452636331619279,True,ok
557.9819495264736,3981.199951171875,404.6400146484375,199.05999755859375,20.232000732421874,1.0,0.1016377021026866,0.1016377021026866,True,ok
558.4065940195687,4017.800048828125,411.7799987792969,200.89000244140624,20.588999938964843,1.0,0.10248892273755661,0.10248892273755661,True,ok
558.8312306180312,4070.75,413.5799865722656,203.5375,20.67899932861328,1.0,0.10159798233059401,0.10159798233059401,True,ok
559.2558593162269,4105.75,423.760009765625,205.2875,21.18800048828125,1.0,0.1032113523145893,0.1032113523145893,True,ok
559.6804801085241,4161.0498046875,430.0,208.052490234375,21.5,1.0,0.10333930622882644,0.10333930622882644,True,ok
560.1050929892891,4198.35009765625,436.6000061035156,209.9175048828125,21.83000030517578,1.0,0.10399323447257287,0.10399323447257287,True,ok
560.5296979528894,4255.4501953125,437.6799926757813,212.772509765625,21.883999633789067,1.0,0.1028516308704302,0.1028516308704302,True,ok
560.9542949936928,4288.64990234375,438.05999755859375,214.4324951171875,21.902999877929688,1.0,0.1021440330951691,0.1021440330951691,True,ok
561.3788841060683,4354.25,451.6400146484375,217.7125,22.582000732421875,1.0,0.10372395123119653,0.10372395123119653,True,ok
561.8034652843838,4404.0498046875,455.8200073242188,220.202490234375,22.79100036621094,1.0,0.10350019358070421,0.10350019358070421,True,ok
562.2280385230076,4457.9501953125,457.0799865722656,222.897509765625,22.85399932861328,1.0,0.10253142510494659,0.10253142510494659,True,ok
562.6526038163099,4501.35009765625,458.7000122070313,225.0675048828125,22.935000610351565,1.0,0.10190276300567376,0.10190276300567376,True,ok
563.0771611586588,4562.7998046875,466.2799987792969,228.139990234375,23.313999938964844,1.0,0.10219164082111899,0.10219164082111899,True,ok
563.5017105444249,4614.60009765625,475.7200012207031,230.7300048828125,23.786000061035157,1.0,0.10309019008219603,0.10309019008219603,True,ok
563.9262519679779,4658.14990234375,474.6600036621094,232.9074951171875,23.733000183105467,1.0,0.10189882541634909,0.10189882541634909,True,ok
564.350785423688,4702.7998046875,478.48001098632807,235.139990234375,23.924000549316403,1.0,0.1017436486472175,0.1017436486472175,True,ok
564.7753109059253,4749.4501953125,489.3599853515625,237.472509765625,24.467999267578126,1.0,0.10303508095200986,0.10303508095200986,True,ok
565.1998284090611,4812.0498046875,490.55999755859375,240.602490234375,24.527999877929688,1.0,0.10194408151817773,0.10194408151817773,True,ok
565.6243379274671,4870.10009765625,493.8800048828125,243.5050048828125,24.694000244140625,1.0,0.10141064762108148,0.10141064762108148,True,ok
566.0488394555135,4907.4501953125,500.739990234375,245.372509765625,25.03699951171875,1.0,0.10203669325318308,0.10203669325318308,True,ok
566.4733329875736,4966.2001953125,509.01998901367193,248.310009765625,25.450999450683597,1.0,0.10249687265811917,0.10249687265811917,True,ok
566.8978185180187,5023.64990234375,512.3400268554688,251.1824951171875,25.617001342773438,1.0,0.10198561540214815,0.10198561540214815,True,ok
567.3222960412209,5067.2001953125,515.1199951171875,253.360009765625,25.755999755859374,1.0,0.10165771535802119,0.10165771535802119,True,ok
567.7467655515532,5115.75,521.3599853515625,255.7875,26.067999267578124,1.0,0.10191271765656307,0.10191271765656307,True,ok
568.1712270433886,5183.25,525.6199951171875,259.1625,26.280999755859376,1.0,0.10140741718365649,0.10140741718365649,True,ok
568.5956805111006,5222.39990234375,528.280029296875,261.1199951171875,26.41400146484375,1.0,0.10115656387397474,0.10115656387397474,True,ok
569.0201259490625,5294.39990234375,537.5800170898438,264.7199951171875,26.879000854492187,1.0,0.10153747865775406,0.10153747865775406,True,ok
569.444563351649,5365.2998046875,544.7999877929688,268.264990234375,27.23999938964844,1.0,0.10154138773698976,0.10154138773698976,True,ok
569.8689927132333,5410.0498046875,552.0999755859375,270.502490234375,27.604998779296874,1.0,0.10205081201056122,0.10205081201056122,True,ok
570.2934140281905,5482.10009765625,557.5,274.1050048828125,27.875,1.0,0.10169460427005823,0.10169460427005823,True,ok
570.7178272908951,5509.35009765625,562.1199951171875,275.4675048828125,28.105999755859376,1.0,0.10203018235423462,0.10203018235423462,True,ok
571.1422324957225,5581.14990234375,566.6400146484375,279.0574951171875,28.332000732421875,1.0,0.10152746737916545,0.10152746737916545,True,ok
571.5666296370483,5654.14990234375,577.6799926757812,282.7074951171875,28.883999633789063,1.0,0.10216920362092315,0.10216920362092315,True,ok
571.9910187092481,5713.4501953125,576.3800048828125,285.672509765625,28.819000244140625,1.0,0.10088125128940362,0.10088125128940362,True,ok
572.4153997066982,5760.5498046875,579.5599975585938,288.027490234375,28.977999877929687,1.0,0.10060845183336348,0.10060845183336348,True,ok
572.8397726237746,5805.0498046875,583.1599731445312,290.252490234375,29.157998657226564,1.0,0.10045735915540939,0.10045735915540939,True,ok
573.2641374548548,5865.39990234375,593.5399780273438,293.2699951171875,29.676998901367188,1.0,0.10119343743129461,0.10119343743129461,True,ok
573.6884941943149,5933.4501953125,599.719970703125,296.672509765625,29.98599853515625,1.0,0.10107440881140474,0.10107440881140474,True,ok
574.1128428365325,5986.39990234375,608.2000122070312,299.3199951171875,30.410000610351563,1.0,0.1015969567901592,0.1015969567901592,True,ok
574.5371833758855,6044.39990234375,608.9600219726562,302.2199951171875,30.448001098632812,1.0,0.10074780487911274,0.10074780487911274,True,ok
574.9615158067518,6100.64990234375,613.8400268554688,305.0324951171875,30.692001342773438,1.0,0.10061879253547125,0.10061879253547125,True,ok
575.3858401235096,6174.39990234375,622.9199829101562,308.7199951171875,31.145999145507812,1.0,0.10088753445880644,0.10088753445880644,True,ok
575.810156320537,6222.60009765625,629.719970703125,311.1300048828125,31.48599853515625,1.0,0.10119884948742082,0.10119884948742082,True,ok
576.234464392214,6279.5498046875,635.7000122070312,313.977490234375,31.785000610351563,1.0,0.10123337372569285,0.10123337372569285,True,ok
576.6587643329185,6336.2001953125,637.7000122070312,316.810009765625,31.88500061035156,1.0,0.10064391789243016,0.10064391789243016,True,ok
577.0830561370312,6412.5498046875,636.4000244140625,320.627490234375,31.820001220703126,1.0,0.09924289772359529,0.09924289772359529,True,ok
577.5073397989315,6452.9501953125,650.0,322.647509765625,32.5,1.0,0.10072912084028911,0.10072912084028911,True,ok
577.9316153129994,6535.75,654.97998046875,326.7875,32.7489990234375,1.0,0.1002149685145163,0.1002149685145163,True,ok
578.3558826736155,6580.75,657.760009765625,329.0375,32.88800048828125,1.0,0.09995213459949473,0.09995213459949473,True,ok
578.7801418751602,6656.0498046875,667.1400146484375,332.802490234375,33.357000732421874,1.0,0.10023062239988145,0.10023062239988145,True,ok
579.2043929120156,6715.85009765625,678.6799926757812,335.7925048828125,33.933999633789064,1.0,0.10105645343582524,0.10105645343582524,True,ok
579.6286357785624,6763.39990234375,683.1799926757812,338.1699951171875,34.158999633789065,1.0,0.10101132604018224,0.10101132604018224,True,ok
580.0528704691819,6828.4501953125,679.3599853515625,341.422509765625,33.96799926757812,1.0,0.09948963028505649,0.09948963028505649,True,ok
580.4770969782568,6921.0498046875,687.239990234375,346.052490234375,34.36199951171875,1.0,0.09929707336723975,0.09929707336723975,True,ok
580.9013153001695,6956.9501953125,703.5999755859375,347.847509765625,35.179998779296874,1.0,0.10113626744949443,0.10113626744949443,True,ok
581.3255254293028,7035.4501953125,703.3400268554688,351.772509765625,35.16700134277344,1.0,0.09997086289148663,0.09997086289148663,True,ok
581.749727360039,7084.0,711.0599975585938,354.2,35.552999877929686,1.0,0.10037549372650956,0.10037549372650956,True,ok
582.1739210867618,7163.10009765625,716.0399780273438,358.1550048828125,35.801998901367185,1.0,0.09996230239217659,0.09996230239217659,True,ok
582.598106603855,7212.5,724.7999877929686,360.625,36.23999938964843,1.0,0.10049219934737867,0.10049219934737867,True,ok
583.0222839057026,7281.64990234375,728.1400146484375,364.0824951171875,36.40700073242188,1.0,0.09999657006498906,0.09999657006498906,True,ok
583.4464529866888,7353.2998046875,739.1400146484375,367.664990234375,36.957000732421875,1.0,0.10051813937699898,0.10051813937699898,True,ok
583.8706138411981,7427.85009765625,742.8800048828125,371.3925048828125,37.14400024414063,1.0,0.1000127890460818,0.1000127890460818,True,ok
584.294766463615,7489.39990234375,749.5599975585938,374.4699951171875,37.47799987792969,1.0,0.10008278464660764,0.10008278464660764,True,ok
584.7189108483259,7538.89990234375,744.3400268554686,376.9449951171875,37.21700134277343,1.0,0.0987332417855903,0.0987332417855903,True,ok
585.1430469897151,7615.2998046875,757.760009765625,380.764990234375,37.88800048828125,1.0,0.09950494782873756,0.09950494782873756,True,ok
585.5671748821695,7698.5498046875,761.5399780273436,384.927490234375,38.07699890136718,1.0,0.09891992613513477,0.09891992613513477,True,ok
585.9912945200746,7733.25,769.3200073242188,386.6625,38.466000366210935,1.0,0.09948210743532392,0.09948210743532392,True,ok
586.4154058978172,7808.85009765625,780.760009765625,390.4425048828125,39.03800048828125,1.0,0.09998399252150614,0.09998399252150614,True,ok
586.8395090097843,7849.64990234375,785.6199951171875,392.4824951171875,39.280999755859376,1.0,0.10008344383392398,0.10008344383392398,True,ok
587.263603850363,7929.14990234375,780.8599853515625,396.4574951171875,39.042999267578125,1.0,0.09847965985871333,0.09847965985871333,True,ok
587.6876904139403,7995.2001953125,792.5599975585938,399.760009765625,39.62799987792969,1.0,0.09912947495964682,0.09912947495964682,True,ok
588.1117686949046,8045.2001953125,797.8800048828125,402.260009765625,39.89400024414063,1.0,0.09917466135245383,0.09917466135245383,True,ok
588.5358386876444,8110.7001953125,804.97998046875,405.535009765625,40.2489990234375,1.0,0.09924913522681807,0.09924913522681807,True,ok
588.959900386547,8201.2001953125,811.9400024414062,410.060009765625,40.59700012207031,1.0,0.09900258292749406,0.09900258292749406,True,ok
589.3839537860017,8250.7001953125,815.47998046875,412.535009765625,40.7739990234375,1.0,0.09883766967221176,0.09883766967221176,True,ok
589.8079988803986,8298.900390625,823.3400268554686,414.94501953125,41.16700134277343,1.0,0.099210737338837,0.099210737338837,True,ok
590.2320356641261,8386.25,826.0800170898436,419.3125,41.30400085449218,1.0,0.09850410100937172,0.09850410100937172,True,ok
590.6560641315741,8444.0498046875,838.3200073242188,422.202490234375,41.91600036621094,1.0,0.09927937739766134,0.09927937739766134,True,ok
591.0800842771323,8522.9501953125,839.3800048828125,426.147509765625,41.969000244140624,1.0,0.09848467791639325,0.09848467791639325,True,ok
591.5040960951922,8592.7998046875,845.7999877929686,429.639990234375,42.28999938964843,1.0,0.09843124557976693,0.09843124557976693,True,ok
591.928099580144,8639.7001953125,856.7000122070312,431.985009765625,42.835000610351564,1.0,0.09915853476858338,0.09915853476858338,True,ok
592.3520947263785,8706.650390625,862.260009765625,435.33251953125,43.11300048828125,1.0,0.09903464260998407,0.09903464260998407,True,ok
592.7760815282874,8794.9501953125,863.5399780273436,439.747509765625,43.176998901367185,1.0,0.0981858860880861,0.0981858860880861,True,ok
593.2000599802625,8861.650390625,876.1400146484375,443.08251953125,43.807000732421876,1.0,0.09886871813125597,0.09886871813125597,True,ok
593.6240300766955,8930.9501953125,880.7999877929686,446.547509765625,44.03999938964843,1.0,0.0986233232221209,0.0986233232221209,True,ok
594.0479918119796,8987.400390625,893.239990234375,449.37001953125,44.66199951171875,1.0,0.09938802672752152,0.09938802672752152,True,ok
594.4719451805064,9053.5,891.0800170898436,452.675,44.55400085449218,1.0,0.09842381588223821,0.09842381588223821,True,ok
594.8958901766697,9117.900390625,898.4199829101561,455.89501953125,44.92099914550781,1.0,0.09853364748686103,0.09853364748686103,True,ok
595.3198267948628,9180.5498046875,906.9199829101561,459.027490234375,45.345999145507804,1.0,0.09878710994488495,0.09878710994488495,True,ok
595.7437550294792,9256.5,909.0,462.825,45.45,1.0,0.09820126397666505,0.09820126397666505,True,ok
596.1676748749136,9297.2998046875,922.260009765625,464.864990234375,46.11300048828125,1.0,0.099196544065476,0.099196544065476,True,ok
596.5915863255593,9366.9501953125,925.3400268554688,468.347509765625,46.26700134277344,1.0,0.098787759896336,0.098787759896336,True,ok
597.015489375812,9461.5498046875,925.5399780273436,473.077490234375,46.27699890136718,1.0,0.097821181215873,0.097821181215873,True,ok
597.439384020066,9512.2001953125,934.0800170898435,475.610009765625,46.70400085449218,1.0,0.09819810326848957,0.09819810326848957,True,ok
597.863270252717,9547.7001953125,938.219970703125,477.385009765625,46.91099853515625,1.0,0.09826659315965428,0.09826659315965428,True,ok
598.2871480681608,9645.75,942.0,482.2875,47.1,1.0,0.09765959101158542,0.09765959101158542,True,ok
598.7110174607933,9702.599609375,954.1400146484376,485.12998046875,47.70700073242188,1.0,0.09833859512521916,0.09833859512521916,True,ok
599.1348784250108,9768.5,959.0599975585936,488.425,47.952999877929685,1.0,0.09817883989953356,0.09817883989953356,True,ok
599.5587309552103,9826.349609375,965.1799926757811,491.31748046875,48.25899963378906,1.0,0.09822365690662323,0.09822365690662323,True,ok
599.9825750457886,9897.75,965.1799926757811,494.8875,48.25899963378906,1.0,0.0975150910738078,0.0975150910738078,True,ok
600.4064106911428,9968.650390625,980.260009765625,498.43251953125,49.01300048828125,1.0,0.09833427508778006,0.09833427508778006,True,ok
600.8302378856713,10043.099609375,983.0399780273436,502.15498046875,49.15199890136718,1.0,0.09788212964747443,0.09788212964747443,True,ok
601.2540566237718,10106.5498046875,982.6599731445312,505.327490234375,49.132998657226565,1.0,0.0972300134204816,0.0972300134204816,True,ok
601.6778668998422,10163.400390625,993.7999877929688,508.17001953125,49.689999389648435,1.0,0.09778223326807799,0.09778223326807799,True,ok
602.101668708282,10236.5498046875,1001.1799926757812,511.827490234375,50.058999633789064,1.0,0.09780443721548866,0.09780443721548866,True,ok
602.5254620434897,10323.75,1009.1599731445312,516.1875,50.45799865722656,1.0,0.09775129900903559,0.09775129900903559,True,ok
602.9492468998652,10381.150390625,1008.1199951171876,519.05751953125,50.40599975585938,1.0,0.09711062427412666,0.09711062427412666,True,ok
603.3730232718077,10444.5498046875,1021.719970703125,522.227490234375,51.08599853515625,1.0,0.09782326570404964,0.09782326570404964,True,ok
603.7967911537177,10511.2998046875,1023.8599853515624,525.564990234375,51.19299926757812,1.0,0.09740564957484832,0.09740564957484832,True,ok
604.2205505399951,10570.099609375,1029.8599853515625,528.50498046875,51.49299926757813,1.0,0.09743143616528863,0.09743143616528863,True,ok
604.6443014250408,10664.4501953125,1033.3800048828125,533.222509765625,51.669000244140626,1.0,0.09689951061302991,0.09689951061302991,True,ok
605.0680438032565,10735.849609375,1043.0999755859375,536.79248046875,52.154998779296875,1.0,0.09716044966530253,0.09716044966530253,True,ok
605.4917776690429,10780.75,1056.9599609375,539.0375,52.847998046875,1.0,0.09804141279015838,0.09804141279015838,True,ok
605.9155030168016,10873.099609375,1058.9200439453125,543.65498046875,52.94600219726563,1.0,0.09738897664767929,0.09738897664767929,True,ok
606.3392198409358,10960.150390625,1073.5,548.00751953125,53.675,1.0,0.09794573630287422,0.09794573630287422,True,ok
606.7629281358464,10995.349609375,1077.5799560546875,549.76748046875,53.878997802734375,1.0,0.0980032463120506,0.0980032463120506,True,ok
607.1866278959376,11101.0,1079.0,555.05,53.95,1.0,0.09719845059003694,0.09719845059003694,True,ok
607.6103191156121,11153.900390625,1091.280029296875,557.69501953125,54.56400146484375,1.0,0.09783842342846368,0.09783842342846368,True,ok
608.0340017892729,11203.400390625,1098.5400390625,560.17001953125,54.927001953125,1.0,0.09805416219719844,0.09805416219719844,True,ok
608.4576759113238,11287.5,1096.3199462890625,564.375,54.81599731445313,1.0,0.09712690554055925,0.09712690554055925,True,ok
608.881341476169,11337.599609375,1098.56005859375,566.87998046875,54.9280029296875,1.0,0.09689529498689976,0.09689529498689976,True,ok
609.3049984782137,11431.650390625,1118.06005859375,571.58251953125,55.9030029296875,1.0,0.09780390585690599,0.09780390585690599,True,ok
609.7286469118618,11493.900390625,1114.43994140625,574.69501953125,55.7219970703125,1.0,0.09695924825616577,0.09695924825616577,True,ok
610.1522867715195,11545.5,1125.9000244140625,577.275,56.29500122070313,1.0,0.09751851582123447,0.09751851582123447,True,ok
610.5759180515911,11646.900390625,1134.0999755859375,582.34501953125,56.70499877929687,1.0,0.09737354468136555,0.09737354468136555,True,ok
610.9995407464836,11729.4501953125,1138.0799560546875,586.472509765625,56.903997802734374,1.0,0.09702756200026359,0.09702756200026359,True,ok
611.423154850602,11799.7998046875,1136.93994140625,589.989990234375,56.8469970703125,1.0,0.09635247717970585,0.09635247717970585,True,ok
611.8467603583539,11842.9501953125,1157.300048828125,592.147509765625,57.86500244140625,1.0,0.09772058733187869,0.09772058733187869,True,ok
612.2703572641458,11912.2998046875,1159.97998046875,595.614990234375,57.9989990234375,1.0,0.0973766610551807,0.0973766610551807,True,ok
612.6939455623846,11991.150390625,1160.6600341796875,599.55751953125,58.03300170898437,1.0,0.09679305123944758,0.09679305123944758,True,ok
613.1175252474787,12095.099609375,1166.4000244140625,604.75498046875,58.320001220703126,1.0,0.09643575184035504,0.09643575184035504,True,ok
613.5410963138353,12145.849609375,1182.3800048828125,607.29248046875,59.11900024414062,1.0,0.09734848058469046,0.09734848058469046,True,ok
613.9646587558628,12213.0,1182.4599609375,610.65,59.122998046875,1.0,0.09681977900085974,0.09681977900085974,True,ok
614.3882125679697,12259.5,1190.9200439453125,612.975,59.54600219726562,1.0,0.09714262767203495,0.09714262767203495,True,ok
614.8117577445661,12363.75,1201.1600341796875,618.1875,60.05800170898438,1.0,0.09715175688441513,0.09715175688441513,True,ok
615.2352942800593,12447.7001953125,1199.9200439453125,622.385009765625,59.996002197265625,1.0,0.09639692675094899,0.09639692675094899,True,ok
615.6588221688606,12521.349609375,1211.3199462890625,626.06748046875,60.56599731445313,1.0,0.0967403661808246,0.0967403661808246,True,ok
616.0823414053798,12592.2998046875,1214.1800537109375,629.614990234375,60.70900268554688,1.0,0.09642242263474043,0.09642242263474043,True,ok
616.5058519840267,12664.650390625,1229.1600341796875,633.23251953125,61.458001708984376,1.0,0.09705439915574555,0.09705439915574555,True,ok
616.9293538992117,12725.4501953125,1229.280029296875,636.272509765625,61.46400146484375,1.0,0.09660012105109554,0.09660012105109554,True,ok
617.3528471453474,12831.2998046875,1242.1400146484375,641.564990234375,62.107000732421874,1.0,0.09680547049447491,0.09680547049447491,True,ok
617.7763317168434,12878.4501953125,1244.699951171875,643.922509765625,62.23499755859375,1.0,0.09664982449712163,0.09664982449712163,True,ok
618.1998076081128,12990.7998046875,1253.5,649.539990234375,62.675,1.0,0.09649136456923128,0.09649136456923128,True,ok
618.6232748135666,13068.599609375,1259.3599853515625,653.42998046875,62.96799926757812,1.0,0.09636533546013128,0.09636533546013128,True,ok
619.0467333276182,13139.900390625,1262.0,656.99501953125,63.1,1.0,0.09604334602874207,0.09604334602874207,True,ok
619.4701831446805,13208.900390625,1277.4000244140625,660.44501953125,63.870001220703124,1.0,0.0967075219463912,0.0967075219463912,True,ok
619.8936242591656,13287.4501953125,1288.02001953125,664.372509765625,64.4010009765625,1.0,0.09693507788165658,0.09693507788165658,True,ok
620.317056665488,13341.7001953125,1289.3599853515625,667.085009765625,64.46799926757812,1.0,0.0966413550354376,0.0966413550354376,True,ok
620.740480358061,13418.5,1296.8199462890625,670.925,64.84099731445312,1.0,0.09664418126385681,0.09664418126385681,True,ok
621.1638953312987,13514.349609375,1295.3199462890625,675.71748046875,64.76599731445313,1.0,0.09584774582052326,0.09584774582052326,True,ok
621.587301579616,13578.5,1304.780029296875,678.925,65.23900146484375,1.0,0.0960916175790312,0.0960916175790312,True,ok
622.0106990974285,13650.7998046875,1314.5400390625,682.539990234375,65.727001953125,1.0,0.0962976571241712,0.0962976571241712,True,ok
622.4340878791503,13742.7001953125,1316.8599853515625,687.135009765625,65.84299926757812,1.0,0.09582250697724821,0.09582250697724821,True,ok
622.8574679191977,13765.900390625,1319.3399658203125,688.29501953125,65.96699829101563,1.0,0.09584116755042217,0.09584116755042217,True,ok
623.2808392119862,13851.5,1338.9000244140625,692.575,66.94500122070312,1.0,0.09666101320536132,0.09666101320536132,True,ok
623.7042017519325,13912.849609375,1347.1800537109375,695.64248046875,67.35900268554687,1.0,0.09682991562010107,0.09682991562010107,True,ok
624.1275555334538,14003.2998046875,1346.8199462890625,700.164990234375,67.34099731445312,1.0,0.09617875537008959,0.09617875537008959,True,ok
624.5509005509657,14055.650390625,1354.3599853515625,702.78251953125,67.71799926757812,1.0,0.09635697728046146,0.09635697728046146,True,ok
624.974236798887,14130.349609375,1370.780029296875,706.51748046875,68.53900146484375,1.0,0.09700963296671794,0.09700963296671794,True,ok
625.3975642716349,14235.5,1368.6800537109375,711.775,68.43400268554687,1.0,0.09614555538695076,0.09614555538695076,True,ok
625.8208829636279,14275.099609375,1375.4200439453125,713.75498046875,68.77100219726563,1.0,0.09635099449968265,0.09635099449968265,True,ok
626.2441928692836,14381.2001953125,1382.5999755859375,719.060009765625,69.12999877929687,1.0,0.09613940121886287,0.09613940121886287,True,ok
626.6674939830217,14442.0498046875,1389.9000244140625,722.102490234375,69.49500122070313,1.0,0.0962398027434401,0.0962398027434401,True,ok
627.0907862992613,14563.5498046875,1398.1400146484375,728.177490234375,69.90700073242188,1.0,0.09600269394474312,0.09600269394474312,True,ok
627.5140698124213,14634.0,1411.1600341796875,731.7,70.55800170898438,1.0,0.09643023330461169,0.09643023330461169,True,ok
627.9373445169225,14732.849609375,1419.1800537109375,736.64248046875,70.95900268554688,1.0,0.0963276006569609,0.0963276006569609,True,ok
628.3606104071843,14820.349609375,1419.8399658203125,741.01748046875,70.99199829101562,1.0,0.09580340567149344,0.09580340567149344,True,ok
628.7838674776283,14863.349609375,1429.280029296875,743.16748046875,71.46400146484375,1.0,0.09616136785179043,0.09616136785179043,True,ok
629.2071157226744,14974.2998046875,1449.239990234375,748.714990234375,72.46199951171874,1.0,0.0967818201276236,0.0967818201276236,True,ok
629.6303551367446,15041.849609375,1441.06005859375,752.09248046875,72.0530029296875,1.0,0.09580338163304021,0.09580338163304021,True,ok
630.0535857142606,15131.4501953125,1456.9599609375,756.572509765625,72.847998046875,1.0,0.09628686888113638,0.09628686888113638,True,ok
630.4768074496445,15233.099609375,1458.780029296875,761.65498046875,72.93900146484376,1.0,0.09576383445947463,0.09576383445947463,True,ok
630.9000203373186,15331.599609375,1474.3399658203125,766.57998046875,73.71699829101563,1.0,0.09616347957057135,0.09616347957057135,True,ok
631.323224371705,15457.099609375,1476.93994140625,772.85498046875,73.8469970703125,1.0,0.09555091050267026,0.09555091050267026,True,ok
631.7464195472284,15515.9501953125,1483.199951171875,775.797509765625,74.15999755859374,1.0,0.09559195102469213,0.09559195102469213,True,ok
632.1696058583113,15588.400390625,1495.739990234375,779.42001953125,74.78699951171875,1.0,0.09595211521086705,0.09595211521086705,True,ok
632.5927832993774,15717.5,1499.8199462890625,785.875,74.99099731445312,1.0,0.09542356903381978,0.09542356903381978,True,ok
633.0159518648513,15788.650390625,1512.300048828125,789.43251953125,75.61500244140625,1.0,0.09578399745465895,0.09578399745465895,True,ok
633.439111549158,15886.25,1515.56005859375,794.3125,75.7780029296875,1.0,0.09540074332166182,0.09540074332166182,True,ok
633.8622623467214,15996.0,1524.3399658203125,799.8,76.21699829101563,1.0,0.09529507163167746,0.09529507163167746,True,ok
634.2854042519684,16048.0498046875,1531.6800537109375,802.402490234375,76.58400268554688,1.0,0.09544337613306426,0.09544337613306426,True,ok
634.708537259323,16157.7998046875,1535.6600341796875,807.889990234375,76.78300170898437,1.0,0.0950414074157659,0.0950414074157659,True,ok
635.1316613632121,16257.9501953125,1548.93994140625,812.897509765625,77.4469970703125,1.0,0.09527276949420359,0.09527276949420359,True,ok
635.5547765580625,16335.599609375,1557.699951171875,816.77998046875,77.88499755859375,1.0,0.09535615394723014,0.09535615394723014,True,ok
635.9778828383003,16428.150390625,1562.6199951171875,821.40751953125,78.13099975585938,1.0,0.09511843743583713,0.09511843743583713,True,ok
636.4009801983526,16544.0,1581.3199462890625,827.2,79.06599731445313,1.0,0.09558268534145688,0.09558268534145688,True,ok
636.8240686326478,16581.69921875,1584.8199462890625,829.0849609375,79.24099731445312,1.0,0.09557644999958774,0.09557644999958774,True,ok
637.247148135613,16687.19921875,1596.06005859375,834.3599609375,79.8030029296875,1.0,0.09564577240741465,0.09564577240741465,True,ok
637.6702187016764,16799.80078125,1593.739990234375,839.9900390625,79.68699951171875,1.0,0.09486660056190212,0.09486660056190212,True,ok
638.0932803252672,16873.75,1608.6400146484375,843.6875,80.43200073242187,1.0,0.09533387745157049,0.09533387745157049,True,ok
638.5163330008144,16955.900390625,1615.1199951171875,847.79501953125,80.75599975585938,1.0,0.0952541568367667,0.0952541568367667,True,ok
638.9393767227467,17036.349609375,1625.8199462890625,851.81748046875,81.29099731445312,1.0,0.09543241266863786,0.09543241266863786,True,ok
639.362411485494,17181.19921875,1631.8199462890625,859.0599609375,81.59099731445312,1.0,0.09497706915057724,0.09497706915057724,True,ok
639.7854372834871,17261.0,1636.9599609375,863.05,81.847998046875,1.0,0.09483575464558833,0.09483575464558833,True,ok
640.2084541111558,17347.30078125,1652.260009765625,867.3650390625,82.61300048828124,1.0,0.09524594232847373,0.09524594232847373,True,ok
640.6314619629308,17437.150390625,1665.280029296875,871.85751953125,83.26400146484374,1.0,0.09550184473904662,0.09550184473904662,True,ok
641.0544608332438,17524.5,1661.8599853515625,876.225,83.09299926757812,1.0,0.09483066480364988,0.09483066480364988,True,ok
641.477450716526,17631.19921875,1672.3399658203125,881.5599609375,83.61699829101562,1.0,0.09485117518505791,0.09485117518505791,True,ok
641.9004316072103,17737.80078125,1681.8399658203125,886.8900390625,84.09199829101563,1.0,0.09481671299398772,0.09481671299398772,True,ok
642.3234034997273,17821.900390625,1696.199951171875,891.09501953125,84.80999755859375,1.0,0.09517503262806591,0.09517503262806591,True,ok
642.7463663885109,17914.55078125,1687.56005859375,895.7275390625,84.3780029296875,1.0,0.09420052331761564,0.09420052331761564,True,ok
643.169320267994,18008.69921875,1707.5999755859375,900.4349609375,85.37999877929687,1.0,0.0948208393534635,0.0948208393534635,True,ok
643.5922651326097,18097.05078125,1713.5,904.8525390625,85.675,1.0,0.094683936112691,0.094683936112691,True,ok
644.0152009767925,18208.900390625,1724.1400146484375,910.44501953125,86.20700073242188,1.0,0.09468666298686136,0.09468666298686136,True,ok
644.4381277949757,18289.349609375,1731.219970703125,914.46748046875,86.56099853515624,1.0,0.09465727364168888,0.09465727364168888,True,ok
644.8610455815946,18400.099609375,1735.0,920.00498046875,86.75,1.0,0.09429296780089187,0.09429296780089187,True,ok
645.2839543310835,18494.849609375,1740.47998046875,924.74248046875,87.0239990234375,1.0,0.09410619806210829,0.09410619806210829,True,ok
645.706854037878,18581.30078125,1748.719970703125,929.0650390625,87.43599853515624,1.0,0.0941118165671007,0.0941118165671007,True,ok
646.1297446964141,18624.30078125,1757.8199462890625,931.2150390625,87.89099731445313,1.0,0.0943831377583177,0.0943831377583177,True,ok
646.552626301127,18706.80078125,1773.219970703125,935.3400390625,88.66099853515625,1.0,0.09479012426755729,0.09479012426755729,True,ok
646.975498846454,18819.30078125,1769.1600341796875,940.9650390625,88.45800170898437,1.0,0.09400774527937471,0.09400774527937471,True,ok
647.3983623268315,18894.099609375,1776.4000244140625,944.70498046875,88.82000122070312,1.0,0.09401877099942017,0.09401877099942017,True,ok
647.8212167366964,18989.30078125,1783.260009765625,949.4650390625,89.16300048828126,1.0,0.09390867153604796,0.09390867153604796,True,ok
648.2440620704872,19045.80078125,1793.5999755859375,952.2900390625,89.67999877929688,1.0,0.09417298837608766,0.09417298837608766,True,ok
648.6668983226409,19128.05078125,1796.97998046875,956.4025390625,89.8489990234375,1.0,0.09394475166440974,0.09394475166440974,True,ok
649.0897254875958,19215.599609375,1804.739990234375,960.77998046875,90.23699951171875,1.0,0.09392056594236434,0.09392056594236434,True,ok
649.512543559791,19316.5,1811.9200439453125,965.825,90.59600219726562,1.0,0.09380167442058926,0.09380167442058926,True,ok
649.9353525336654,19379.94921875,1817.1199951171875,968.9974609375,90.85599975585937,1.0,0.09376288733301393,0.09376288733301393,True,ok
650.3581524036586,19449.900390625,1829.3800048828125,972.49501953125,91.46900024414063,1.0,0.09405600893280604,0.09405600893280604,True,ok
650.7809431642104,19468.400390625,1827.780029296875,973.42001953125,91.38900146484374,1.0,0.09388444826607541,0.09388444826607541,True,ok
651.2037248097604,19545.80078125,1835.800048828125,977.2900390625,91.79000244140624,1.0,0.09392298987254495,0.09392298987254495,True,ok
651.6264973347502,19636.25,1833.43994140625,981.8125,91.6719970703125,1.0,0.09337016698230313,0.09337016698230313,True,ok
652.0492607336198,19693.150390625,1843.239990234375,984.65751953125,92.16199951171875,1.0,0.09359802538815,0.09359802538815,True,ok
652.4720150008113,19778.5,1861.93994140625,988.925,93.0969970703125,1.0,0.09413959306349066,0.09413959306349066,True,ok
652.8947601307657,19850.849609375,1864.739990234375,992.54248046875,93.23699951171875,1.0,0.0939375405551262,0.0939375405551262,True,ok
653.3174961179258,19936.349609375,1868.9599609375,996.81748046875,93.447998046875,1.0,0.09374634762918825,0.09374634762918825,True,ok
653.7402229567333,20008.19921875,1863.1800537109373,1000.4099609375,93.15900268554687,1.0,0.09312082678409768,0.09312082678409768,True,ok
654.162940641632,20038.150390625,1874.1800537109373,1001.90751953125,93.70900268554686,1.0,0.09353059125595677,0.09353059125595677,True,ok
654.5856491670638,20157.25,1890.1800537109373,1007.8625,94.50900268554686,1.0,0.09377172251725495,0.09377172251725495,True,ok
655.0083485274737,20222.5,1897.9599609375,1011.125,94.897998046875,1.0,0.09385387370194091,0.09385387370194091,True,ok
655.4310387173051,20302.25,1898.260009765625,1015.1125,94.91300048828126,1.0,0.09349998201015283,0.09349998201015283,True,ok
655.853719731002,20421.0,1900.780029296875,1021.05,95.03900146484375,1.0,0.09307967432039935,0.09307967432039935,True,ok
656.2763915630104,20481.75,1916.9599609375,1024.0875,95.847998046875,1.0,0.0935935630958048,0.0935935630958048,True,ok
656.6990542077739,20594.19921875,1919.219970703125,1029.7099609375,95.96099853515625,1.0,0.09319226012710269,0.09319226012710269,True,ok
657.121707659739,20645.150390625,1923.8199462890625,1032.25751953125,96.19099731445313,1.0,0.09318507784582053,0.09318507784582053,True,ok
657.5443519133512,20751.900390625,1938.219970703125,1037.59501953125,96.91099853515625,1.0,0.09339963734496078,0.09339963734496078,True,ok
657.9669869630573,20807.849609375,1944.0,1040.39248046875,97.2,1.0,0.09342628077839091,0.09342628077839091,True,ok
658.3896128033035,20893.349609375,1944.5400390625,1044.66748046875,97.227001953125,1.0,0.09306980811683592,0.09306980811683592,True,ok
658.8122294285369,21013.900390625,1960.3599853515625,1050.69501953125,98.01799926757812,1.0,0.09328872550600574,0.09328872550600574,True,ok
659.2348368332052,21051.94921875,1961.1800537109373,1052.5974609375,98.05900268554686,1.0,0.09315907203330152,0.09315907203330152,True,ok
659.6574350117562,21155.650390625,1963.260009765625,1057.78251953125,98.16300048828126,1.0,0.09280073992126624,0.09280073992126624,True,ok
660.0800239586378,21233.150390625,1973.719970703125,1061.65751953125,98.68599853515624,1.0,0.09295464565515321,0.09295464565515321,True,ok
660.5026036682991,21350.599609375,1979.6600341796875,1067.52998046875,98.98300170898438,1.0,0.09272151932025476,0.09272151932025476,True,ok
660.9251741351891,21396.69921875,1992.3199462890625,1069.8349609375,99.61599731445312,1.0,0.0931134249222509,0.0931134249222509,True,ok
661.3477353537565,21478.75,1991.8199462890625,1073.9375,99.59099731445312,1.0,0.09273444433633532,0.09273444433633532,True,ok
661.7702873184519,21603.650390625,2004.9000244140625,1080.18251953125,100.24500122070313,1.0,0.09280376177926385,0.09280376177926385,True,ok
662.1928300237252,21669.5,2010.4000244140625,1083.475,100.52000122070312,1.0,0.09277556124571691,0.09277556124571691,True,ok
662.6153634640266,21766.30078125,2013.02001953125,1088.3150390625,100.6510009765625,1.0,0.09248333190660088,0.09248333190660088,True,ok
663.0378876338075,21835.44921875,2025.6600341796875,1091.7724609375,101.28300170898437,1.0,0.09276933182763478,0.09276933182763478,True,ok
663.4604025275192,21918.44921875,2035.5,1095.9224609375,101.775,1.0,0.09286697154918899,0.09286697154918899,True,ok
663.882908139613,22007.150390625,2035.5,1100.35751953125,101.775,1.0,0.09249266551416482,0.09249266551416482,True,ok
664.3054044645412,22089.55078125,2052.719970703125,1104.4775390625,102.63599853515625,1.0,0.09292719399461531,0.09292719399461531,True,ok
664.7278914967568,22177.650390625,2049.139892578125,1108.88251953125,102.45699462890624,1.0,0.09239661805852721,0.09239661805852721,True,ok
665.150369230712,22221.30078125,2053.06005859375,1111.0650390625,102.6530029296875,1.0,0.09239153363722484,0.09239153363722484,True,ok
665.5728376608607,22329.55078125,2069.179931640625,1116.4775390625,103.45899658203125,1.0,0.09266554226330893,0.09266554226330893,True,ok
665.9952967816561,22436.5,2084.919921875,1121.825,104.24599609375,1.0,0.09292536366523298,0.09292536366523298,True,ok
666.4177465875523,22511.05078125,2083.340087890625,1125.5525390625,104.16700439453125,1.0,0.09254743850633082,0.09254743850633082,True,ok
666.840187073004,22639.44921875,2095.820068359375,1131.9724609375,104.79100341796875,1.0,0.09257380990627705,0.09257380990627705,True,ok
667.262618232466,22719.19921875,2094.60009765625,1135.9599609375,104.7300048828125,1.0,0.09219515518520524,0.09219515518520524,True,ok
667.6850400603935,22813.650390625,2104.679931640625,1140.68251953125,105.23399658203125,1.0,0.09225528995155982,0.09225528995155982,True,ok
668.1074525512422,22894.80078125,2114.10009765625,1144.7400390625,105.7050048828125,1.0,0.09233974638414938,0.09233974638414938,True,ok
668.5298556994677,22983.5,2119.800048828125,1149.175,105.99000244140625,1.0,0.09223138550821786,0.09223138550821786,True,ok
668.9522494995273,23119.599609375,2120.10009765625,1155.97998046875,106.0050048828125,1.0,0.09170141929259662,0.09170141929259662,True,ok
669.3746339458768,23168.0,2141.06005859375,1158.4,107.0530029296875,1.0,0.09241453982189873,0.09241453982189873,True,ok
669.7970090329743,23293.55078125,2153.1201171875,1164.6775390625,107.656005859375,1.0,0.0924341736220242,0.0924341736220242,True,ok
670.219374755277,23416.099609375,2154.360107421875,1170.80498046875,107.71800537109375,1.0,0.09200337132830369,0.09200337132830369,True,ok
670.6417311072431,23525.05078125,2159.760009765625,1176.2525390625,107.98800048828124,1.0,0.09180681605529212,0.09180681605529212,True,ok
671.0640780833305,23607.69921875,2176.239990234375,1180.3849609375,108.81199951171875,1.0,0.09218348514479272,0.09218348514479272,True,ok
671.486415677998,23692.69921875,2190.580078125,1184.6349609375,109.52900390625,1.0,0.09245802084008276,0.09245802084008276,True,ok
671.908743885706,23810.650390625,2197.659912109375,1190.53251953125,109.88299560546875,1.0,0.09229734912972652,0.09229734912972652,True,ok
672.3310627009129,23963.400390625,2207.89990234375,1198.17001953125,110.3949951171875,1.0,0.09213633567661492,0.09213633567661492,True,ok
672.7533721180793,24058.69921875,2225.39990234375,1202.9349609375,111.2699951171875,1.0,0.09249876238568204,0.09249876238568204,True,ok
673.1756721316649,24160.80078125,2224.280029296875,1208.0400390625,111.21400146484375,1.0,0.09206151937741354,0.09206151937741354,True,ok
673.5979627361313,24289.599609375,2236.580078125,1214.47998046875,111.82900390625,1.0,0.09207974252740471,0.09207974252740471,True,ok
674.0202439259393,24402.25,2241.1201171875,1220.1125,112.056005859375,1.0,0.09184071621213209,0.09184071621213209,True,ok
674.4425156955501,24493.349609375,2253.93994140625,1224.66748046875,112.6969970703125,1.0,0.09202252763923881,0.09202252763923881,True,ok
674.8647780394264,24588.150390625,2262.580078125,1229.40751953125,113.12900390625,1.0,0.09201912474830475,0.09201912474830475,True,ok
675.28703095203,24695.0,2277.739990234375,1234.75,113.88699951171876,1.0,0.09223486496191032,0.09223486496191032,True,ok
675.709274427824,24827.650390625,2286.89990234375,1241.38251953125,114.3449951171875,1.0,0.09211100794327645,0.09211100794327645,True,ok
676.1315084612717,24908.55078125,2293.260009765625,1245.4275390625,114.66300048828126,1.0,0.09206717925524133,0.09206717925524133,True,ok
676.5537330468361,25057.25,2302.719970703125,1252.8625,115.13599853515625,1.0,0.09189835160295423,0.09189835160295423,True,ok
676.9759481789815,25100.30078125,2313.719970703125,1255.0150390625,115.68599853515624,1.0,0.0921789739042283,0.0921789739042283,True,ok
677.3981538521729,25223.19921875,2322.97998046875,1261.1599609375,116.1489990234375,1.0,0.09209696043402503,0.09209696043402503,True,ok
677.8203500608744,25282.5,2327.300048828125,1264.125,116.36500244140625,1.0,0.09205181642749431,0.09205181642749431,True,ok
678.242536799551,25390.94921875,2339.419921875,1269.5474609375,116.97099609375,1.0,0.09213597734059703,0.09213597734059703,True,ok
678.6647140626688,25442.650390625,2345.3798828125,1272.13251953125,117.268994140625,1.0,0.09218300164501399,0.09218300164501399,True,ok
679.0868818446936,25558.05078125,2348.919921875,1277.9025390625,117.44599609375,1.0,0.09190528424797653,0.09190528424797653,True,ok
679.5090401400919,25648.94921875,2357.320068359375,1282.4474609375,117.86600341796876,1.0,0.09190708158274638,0.09190708158274638,True,ok
679.93118894333,25732.349609375,2361.659912109375,1286.61748046875,118.08299560546875,1.0,0.09177785736476073,0.09177785736476073,True,ok
680.3533282488763,25749.25,2371.860107421875,1287.4625,118.59300537109375,1.0,0.09211375505779294,0.09211375505779294,True,ok
680.7754580511969,25820.80078125,2370.800048828125,1291.0400390625,118.54000244140624,1.0,0.09181744861103232,0.09181744861103232,True,ok
681.1975783447608,25917.400390625,2383.5400390625,1295.87001953125,119.177001953125,1.0,0.09196678691296095,0.09196678691296095,True,ok
681.6196891240362,25967.0,2395.02001953125,1298.35,119.7510009765625,1.0,0.09223321983791928,0.09223321983791928,True,ok
682.0417903834917,26028.0,2392.699951171875,1301.4,119.63499755859375,1.0,0.09192792189841228,0.09192792189841228,True,ok
682.4638821175968,26027.94921875,2399.739990234375,1301.3974609375,119.98699951171875,1.0,0.09219858122766167,0.09219858122766167,True,ok
682.8859643208209,26081.599609375,2396.360107421875,1304.07998046875,119.81800537109375,1.0,0.09187933805104907,0.09187933805104907,True,ok
683.3080369876345,26103.150390625,2394.199951171875,1305.15751953125,119.70999755859376,1.0,0.09172072777973025,0.09172072777973025,True,ok
683.7301001125072,26118.099609375,2402.760009765625,1305.90498046875,120.13800048828125,1.0,0.09199597389172844,0.09199597389172844,True,ok
684.1521536899107,26134.05078125,2399.219970703125,1306.7025390625,119.96099853515625,1.0,0.09180436629534894,0.09180436629534894,True,ok
684.5741977143159,26158.69921875,2403.47998046875,1307.9349609375,120.1739990234375,1.0,0.09188071472399464,0.09188071472399464,True,ok
684.9962321801945,26145.150390625,2407.3798828125,1307.25751953125,120.368994140625,1.0,0.09207749226318188,0.09207749226318188,True,ok
685.4182570820184,26119.05078125,2407.5,1305.9525390625,120.375,1.0,0.09217410005298755,0.09217410005298755,True,ok
685.8402724142604,26104.25,2401.919921875,1305.2125,120.09599609375,1.0,0.09201260031891358,0.09201260031891358,True,ok
686.2622781713928,26071.69921875,2397.320068359375,1303.5849609375,119.86600341796876,1.0,0.09195104807880312,0.09195104807880312,True,ok
686.6842743478898,25990.0,2400.56005859375,1299.5,120.0280029296875,1.0,0.09236475792973259,0.09236475792973259,True,ok
687.1062609382249,25951.44921875,2391.699951171875,1297.5724609375,119.58499755859376,1.0,0.09216055454212803,0.09216055454212803,True,ok
687.5282379368714,25914.0,2391.39990234375,1295.7,119.5699951171875,1.0,0.09228216031271706,0.09228216031271706,True,ok
687.9502053383052,25826.0,2367.9599609375,1291.3,118.397998046875,1.0,0.0916889940733176,0.0916889940733176,True,ok
688.3721631369997,25774.94921875,2377.02001953125,1288.7474609375,118.8510009765625,1.0,0.09222210291697047,0.09222210291697047,True,ok
688.7941113274316,25649.349609375,2362.300048828125,1282.46748046875,118.11500244140625,1.0,0.09209980310630135,0.09209980310630135,True,ok
689.2160499040755,25524.80078125,2350.39990234375,1276.2400390625,117.5199951171875,1.0,0.09208298714990583,0.09208298714990583,True,ok
689.6379788614088,25366.19921875,2346.580078125,1268.3099609375,117.32900390625,1.0,0.09250814668326315,0.09250814668326315,True,ok
690.0598981939072,25283.55078125,2318.919921875,1264.1775390625,115.94599609375,1.0,0.09171654495596739,0.09171654495596739,True,ok
690.4818078960475,25128.900390625,2308.8798828125,1256.44501953125,115.443994140625,1.0,0.09188145310464474,0.09188145310464474,True,ok
690.903707962308,24968.599609375,2288.9599609375,1248.42998046875,114.447998046875,1.0,0.09167354183844818,0.09167354183844818,True,ok
691.325598387166,24801.94921875,2288.60009765625,1240.0974609375,114.4300048828125,1.0,0.09227500941442511,0.09227500941442511,True,ok
691.7474791651,24615.349609375,2263.97998046875,1230.76748046875,113.1989990234375,1.0,0.09197431750498034,0.09197431750498034,True,ok
692.1693502905885,24471.05078125,2244.840087890625,1223.5525390625,112.24200439453125,1.0,0.09173451961493403,0.09173451961493403,True,ok
692.5912117581104,24178.0,2226.47998046875,1208.9,111.3239990234375,1.0,0.09208702045118496,0.09208702045118496,True,ok
693.0130635621451,23954.55078125,2210.239990234375,1197.7275390625,110.51199951171876,1.0,0.09226806256639976,0.09226806256639976,True,ok
693.4349056971732,23713.94921875,2179.52001953125,1185.6974609375,108.9760009765625,1.0,0.09190877484919131,0.09190877484919131,True,ok
693.8567381576746,23472.099609375,2157.719970703125,1173.60498046875,107.88599853515625,1.0,0.0919270114992742,0.0919270114992742,True,ok
694.2785609381299,23203.5,2138.820068359375,1160.175,106.94100341796874,1.0,0.09217661423317064,0.09217661423317064,True,ok
694.7003740330199,22974.650390625,2116.4599609375,1148.73251953125,105.822998046875,1.0,0.09212153068501705,0.09212153068501705,True,ok
695.1221774368272,22658.80078125,2089.840087890625,1132.9400390625,104.49200439453125,1.0,0.09223083375268266,0.09223083375268266,True,ok
695.5439711440331,22366.650390625,2056.659912109375,1118.33251953125,102.83299560546875,1.0,0.09195207490574564,0.09195207490574564,True,ok
695.9657551491197,22090.5,2024.6800537109373,1104.525,101.23400268554687,1.0,0.09165388079540696,0.09165388079540696,True,ok
696.3875294465703,21769.5,2006.760009765625,1088.475,100.33800048828125,1.0,0.09218218194104712,0.09218218194104712,True,ok
696.8092940308685,21458.80078125,1976.5,1072.9400390625,98.825,1.0,0.09210673141282905,0.09210673141282905,True,ok
697.2310488964974,21085.25,1938.47998046875,1054.2625,96.9239990234375,1.0,0.09193535672893373,0.09193535672893373,True,ok
697.6527940379406,20753.349609375,1913.5999755859373,1037.66748046875,95.67999877929687,1.0,0.09220680090704483,0.09220680090704483,True,ok
698.0745294496836,20398.349609375,1876.43994140625,1019.91748046875,93.8219970703125,1.0,0.09198979218121871,0.09198979218121871,True,ok
698.4962551262107,20049.0,1839.8800048828125,1002.45,91.99400024414062,1.0,0.09176916578796011,0.09176916578796011,True,ok
698.9179710620077,19674.349609375,1814.0,983.71748046875,90.7,1.0,0.09220126896269105,0.09220126896269105,True,ok
699.3396772515595,19315.19921875,1778.239990234375,965.7599609375,88.91199951171875,1.0,0.09206428419895196,0.09206428419895196,True,ok
699.7613736893529,18988.5,1749.239990234375,949.425,87.46199951171874,1.0,0.09212102010345077,0.09212102010345077,True,ok
