Wavelength_nm,zone_label,R_front,T_front,R_stack,R_total
400.0,Zone 1,0.04193131469631514,0.9580686853036848,0.075565605991973,0.11151312689193181
401.0,Zone 1,0.04193131469631514,0.9580686853036848,0.0741024107284254,0.11016159780070853
402.0,Zone 1,0.04193131469631514,0.9580686853036848,0.07260342701290078,0.10877718401448624
403.0,Zone 1,0.04193131469631514,0.9580686853036848,0.07107142318917539,0.1073624542673807
404.0,Zone 1,0.04193131469631514,0.9580686853036848,0.06950917574250846,0.10591998375687835
405.0,Zone 1,0.04193131469631514,0.9580686853036848,0.06791946462475476,0.10445234975559008
406.0,Zone 1,0.04193131469631514,0.9580686853036848,0.06630506870884348,0.10296212735172115
407.0,Zone 1,0.04193131469631514,0.9580686853036848,0.0646687613333087,0.10145188528207946
408.0,Zone 1,0.04193131469631514,0.9580686853036848,0.06301330593405592,0.0999241818551018
409.0,Zone 1,0.04193131469631514,0.9580686853036848,0.06134145178860043,0.09838156098720383
410.0,Zone 1,0.04193131469631514,0.9580686853036848,0.05965592985970874,0.0968265483403398
411.0,Zone 1,0.04193131469631514,0.9580686853036848,0.05795944872170079,0.09526164754522953
412.0,Zone 1,0.04193131469631514,0.9580686853036848,0.05625469057899307,0.09368933651895076
413.0,Zone 1,0.04193131469631514,0.9580686853036848,0.05454430740093642,0.09211206389888323
414.0,Zone 1,0.04193131469631514,0.9580686853036848,0.052830917147317455,0.09053224556911041
415.0,Zone 1,0.04193131469631514,0.9580686853036848,0.05111710008720588,0.08895226128146883
416.0,Zone 1,0.04193131469631514,0.9580686853036848,0.04940539523415876,0.08737445139212924
417.0,Zone 1,0.04193131469631514,0.9580686853036848,0.04769829689805402,0.08580111371357699
418.0,Zone 1,0.04193131469631514,0.9580686853036848,0.045998251342897124,0.08423450047175429
419.0,Zone 1,0.04193131469631514,0.9580686853036848,0.04430765356117088,0.0826768153776645
420.0,Zone 1,0.04193131469631514,0.9580686853036848,0.04262884418876829,0.08113021083510773
421.0,Zone 1,0.04193131469631514,0.9580686853036848,0.040964106545951035,0.07959678527061961
422.0,Zone 1,0.04193131469631514,0.9580686853036848,0.039315663808668924,0.07807858058907882
423.0,Zone 1,0.04193131469631514,0.9580686853036848,0.03768567632806918,0.07657757977085361
424.0,Zone 1,0.04193131469631514,0.9580686853036848,0.0360762391046203,0.0750957046158286
425.0,Zone 1,0.04193131469631514,0.9580686853036848,0.034489379409278965,0.07363481362675395
426.0,Zone 1,0.04193131469631514,0.9580686853036848,0.0329270545603039,0.07219670003925138
427.0,Zone 1,0.04193131469631514,0.9580686853036848,0.03139114987379933,0.07078309001452587
428.0,Zone 1,0.04193131469631514,0.9580686853036848,0.029883476779962264,0.06939564098679374
429.0,Zone 1,0.04193131469631514,0.9580686853036848,0.028405771107165433,0.06803594016679851
430.0,Zone 1,0.04193131469631514,0.9580686853036848,0.026959691544428184,0.06670550321054157
431.0,Zone 1,0.04193131469631514,0.9580686853036848,0.025546818288055394,0.06540577305796963
432.0,Zone 1,0.04193131469631514,0.9580686853036848,0.02416865186531391,0.06413811893449925
433.0,Zone 1,0.04193131469631514,0.9580686853036848,0.022826612138991415,0.06290383551837936
434.0,Zone 1,0.04193131469631514,0.9580686853036848,0.021522037502075955,0.06170414228187233
435.0,Zone 1,0.04193131469631514,0.9580686853036848,0.0202561842563741,0.060540183000074396
436.0,Zone 1,0.04193131469631514,0.9580686853036848,0.019030226172979878,0.059413025424994534
437.0,Zone 1,0.04193131469631514,0.9580686853036848,0.01784525423730611,0.05832366112695435
438.0,Zone 1,0.04193131469631514,0.9580686853036848,0.0167022765797587,0.057273005503902796
439.0,Zone 1,0.04193131469631514,0.9580686853036848,0.015602218583759571,0.05626189795065619
440.0,Zone 1,0.04193131469631514,0.9580686853036848,0.014545923169413328,0.05529110218617019
441.0,Zone 1,0.04193131469631514,0.9580686853036848,0.013534151253202273,0.05436130673890743
442.0,Zone 1,0.04193131469631514,0.9580686853036848,0.01256758237653967,0.05347312558345803
443.0,Zone 1,0.04193131469631514,0.9580686853036848,0.011646815497029091,0.052627098922546606
444.0,Zone 1,0.04193131469631514,0.9580686853036848,0.01077236993868592,0.05182369411081118
445.0,Zone 1,0.04193131469631514,0.9580686853036848,0.009709855224663787,0.05084757836955717
446.0,Zone 1,0.04193131469631514,0.9580686853036848,0.008751434612354522,0.049967166900652164
447.0,Zone 1,0.04193131469631514,0.9580686853036848,0.007897218199153372,0.04918253775442271
448.0,Zone 1,0.04193131469631514,0.9580686853036848,0.007147156537167064,0.04849362493204491
449.0,Zone 1,0.04193131469631514,0.9580686853036848,0.006540504517579103,0.04793646197582202
450.0,Zone 1,0.04193131469631514,0.9580686853036848,0.006056557006928682,0.047492013950841294
451.0,Zone 1,0.04193131469631514,0.9580686853036848,0.00567276329250459,0.047139558061237444
452.0,Zone 1,0.04193131469631514,0.9580686853036848,0.005365204751815523,0.046857120721025845
453.0,Zone 1,0.04193131469631514,0.9580686853036848,0.005118537927674124,0.04663060676311488
454.0,Zone 1,0.04193131469631514,0.9580686853036848,0.004899258600931871,0.04642924665834197
455.0,Zone 1,0.04193131469631514,0.9580686853036848,0.004684133907068822,0.046231705274256615
456.0,Zone 1,0.04193131469631514,0.9580686853036848,0.004483590731555028,0.04604755679209516
457.0,Zone 1,0.04193131469631514,0.9580686853036848,0.004311790761986861,0.04588980418085682
458.0,Zone 1,0.04193131469631514,0.9580686853036848,0.004165808834747517,0.04575576036607756
459.0,Zone 1,0.04193131469631514,0.9580686853036848,0.0040442980791915795,0.04564418777075927
460.0,Zone 1,0.04193131469631514,0.9580686853036848,0.003950124747394619,0.04555771749947647
461.0,Zone 1,0.04193131469631514,0.9580686853036848,0.0038710448972282953,0.04548510664158618
462.0,Zone 1,0.04193131469631514,0.9580686853036848,0.0037994587184971918,0.045419376863444307
463.0,Zone 1,0.04193131469631514,0.9580686853036848,0.003755634585760291,0.045379138138161655
464.0,Zone 1,0.04193131469631514,0.9580686853036848,0.003755860563406599,0.04537934562739729
465.0,Zone 1,0.04193131469631514,0.9580686853036848,0.003790997513589398,0.04541160788814432
466.0,Zone 1,0.04193131469631514,0.9580686853036848,0.0038537346746510075,0.04546921251649601
467.0,Zone 1,0.04193131469631514,0.9580686853036848,0.003949074207594424,0.04555675289413641
468.0,Zone 1,0.04193131469631514,0.9580686853036848,0.0040761466652169,0.04567343140455828
469.0,Zone 1,0.04193131469631514,0.9580686853036848,0.004224521022295297,0.04580967099006835
470.0,Zone 1,0.04193131469631514,0.9580686853036848,0.004390466490338516,0.04596204664485086
471.0,Zone 1,0.04193131469631514,0.9580686853036848,0.004589435104994185,0.04614474784959812
472.0,Zone 1,0.04193131469631514,0.9580686853036848,0.004837303858167225,0.04637235544777677
473.0,Zone 1,0.04193131469631514,0.9580686853036848,0.005121731878042002,0.0466335397353704
474.0,Zone 1,0.04193131469631514,0.9580686853036848,0.00541704496908035,0.04690472614929832
475.0,Zone 1,0.04193131469631514,0.9580686853036848,0.005734543458374896,0.04719629293838544
476.0,Zone 1,0.04193131469631514,0.9580686853036848,0.006116505525969271,0.04754706853110244
477.0,Zone 1,0.04193131469631514,0.9580686853036848,0.0065672638207353255,0.047961037728217776
478.0,Zone 1,0.04193131469631514,0.9580686853036848,0.007044456744705035,0.048399301122628975
479.0,Zone 1,0.04193131469631514,0.9580686853036848,0.007523723277363718,0.048839486618931116
480.0,Zone 1,0.04193131469631514,0.9580686853036848,0.008015584907429079,0.04929125856710882
481.0,Zone 1,0.04193131469631514,0.9580686853036848,0.008535553696018976,0.04976886704136965
482.0,Zone 1,0.04193131469631514,0.9580686853036848,0.009097905873137883,0.05028542950636735
483.0,Zone 1,0.04193131469631514,0.9580686853036848,0.009710690796994556,0.05084834596267398
484.0,Zone 1,0.04193131469631514,0.9580686853036848,0.010371610982705818,0.05145551287085832
485.0,Zone 1,0.04193131469631514,0.9580686853036848,0.011072264304060154,0.05209921814611623
486.0,Zone 1,0.04193131469631514,0.9580686853036848,0.011789543086364236,0.05275823678941212
487.0,Zone 1,0.04193131469631514,0.9580686853036848,0.012507748162673334,0.05341814622909228
488.0,Zone 1,0.04193131469631514,0.9580686853036848,0.013262453694252212,0.05411163628831521
489.0,Zone 1,0.04193131469631514,0.9580686853036848,0.014092030998517297,0.054873975810708235
490.0,Zone 1,0.04193131469631514,0.9580686853036848,0.014960066666888516,0.05567171343876856
491.0,Zone 1,0.04193131469631514,0.9580686853036848,0.015809335568070956,0.05645226036950272
492.0,Zone 1,0.04193131469631514,0.9580686853036848,0.01665723639498204,0.05723160542569479
493.0,Zone 1,0.04193131469631514,0.9580686853036848,0.01755675818236289,0.05805845833086755
494.0,Zone 1,0.04193131469631514,0.9580686853036848,0.018511915550018212,0.05893652056707753
495.0,Zone 1,0.04193131469631514,0.9580686853036848,0.01949302411157738,0.05983851264416823
496.0,Zone 1,0.04193131469631514,0.9580686853036848,0.02048157287142159,0.06074742006805825
497.0,Zone 1,0.04193131469631514,0.9580686853036848,0.02147048420958623,0.061656736319458214
498.0,Zone 1,0.04193131469631514,0.9580686853036848,0.02248046111141719,0.06258550053037362
499.0,Zone 1,0.04193131469631514,0.9580686853036848,0.02356707467422664,0.06358482694708857
500.0,Zone 1,0.04193131469631514,0.9580686853036848,0.0247274626004268,0.06465210212123769
501.0,Zone 1,0.04193131469631514,0.9580686853036848,0.025853368472833975,0.06568776156151018
502.0,Zone 1,0.04193131469631514,0.9580686853036848,0.026886000318124888,0.06663770937781816
503.0,Zone 1,0.04193131469631514,0.9580686853036848,0.027910842357939968,0.06758057255892648
504.0,Zone 1,0.04193131469631514,0.9580686853036848,0.02901005628650437,0.06859194867417859
505.0,Zone 1,0.04193131469631514,0.9580686853036848,0.03018157564386772,0.06966995507833125
506.0,Zone 1,0.04193131469631514,0.9580686853036848,0.03140185782798806,0.07079294472894022
507.0,Zone 1,0.04193131469631514,0.9580686853036848,0.032631032923223405,0.07192423460382528
508.0,Zone 1,0.04193131469631514,0.9580686853036848,0.033828317087737966,0.07302628545425595
509.0,Zone 1,0.04193131469631514,0.9580686853036848,0.03498128748241262,0.07408765204159383
510.0,Zone 1,0.04193131469631514,0.9580686853036848,0.036093941697725625,0.07511200303305238
511.0,Zone 1,0.04193131469631514,0.9580686853036848,0.037208822125607305,0.07613849957804408
512.0,Zone 1,0.04193131469631514,0.9580686853036848,0.03837981862617432,0.07721676701503233
513.0,Zone 1,0.04193131469631514,0.9580686853036848,0.039583744686930385,0.07832546696166867
514.0,Zone 1,0.04193131469631514,0.9580686853036848,0.040749737852046226,0.07939934125191637
515.0,Zone 1,0.04193131469631514,0.9580686853036848,0.04186566724387335,0.08042720555315315
516.0,Zone 1,0.04193131469631514,0.9580686853036848,0.04297164510830633,0.08144599874622929
517.0,Zone 1,0.04193131469631514,0.9580686853036848,0.04408465343458486,0.0824713637599429
518.0,Zone 1,0.04193131469631514,0.9580686853036848,0.04519423256556858,0.08349366505510485
519.0,Zone 1,0.04193131469631514,0.9580686853036848,0.046301190677308895,0.0845136464714829
520.0,Zone 1,0.04193131469631514,0.9580686853036848,0.04742376789199064,0.08554811664909479
521.0,Zone 1,0.04193131469631514,0.9580686853036848,0.04855113843605422,0.08658710215691545
522.0,Zone 1,0.04193131469631514,0.9580686853036848,0.049605793955684326,0.08755916256178206
523.0,Zone 1,0.04193131469631514,0.9580686853036848,0.0505392827833601,0.08841961729606732
524.0,Zone 1,0.04193131469631514,0.9580686853036848,0.051427314858729894,0.08923823436871339
525.0,Zone 1,0.04193131469631514,0.9580686853036848,0.05235960481942965,0.09009771555285047
526.0,Zone 1,0.04193131469631514,0.9580686853036848,0.0533746853533746,0.09103359822443566
527.0,Zone 1,0.04193131469631514,0.9580686853036848,0.05447731251042688,0.09205028750016944
528.0,Zone 1,0.04193131469631514,0.9580686853036848,0.055534708190694226,0.09302535911721557
529.0,Zone 1,0.04193131469631514,0.9580686853036848,0.05638166677101163,0.09380643983243869
530.0,Zone 1,0.04193131469631514,0.9580686853036848,0.05710720154820289,0.0944755855167334
531.0,Zone 1,0.04193131469631514,0.9580686853036848,0.05793144201270332,0.09523581493012101
532.0,Zone 1,0.04193131469631514,0.9580686853036848,0.05888328649743055,0.09611380409638916
533.0,Zone 1,0.04193131469631514,0.9580686853036848,0.059847299472815356,0.09700308919249445
534.0,Zone 1,0.04193131469631514,0.9580686853036848,0.06076290163389783,0.09784778289886087
535.0,Zone 1,0.04193131469631514,0.9580686853036848,0.06162781620368648,0.09864577422225175
536.0,Zone 1,0.04193131469631514,0.9580686853036848,0.062431528844332,0.0993873511688376
537.0,Zone 1,0.04193131469631514,0.9580686853036848,0.06315179915622163,0.10005197936415616
538.0,Zone 1,0.04193131469631514,0.9580686853036848,0.06380533368860399,0.10065506206539063
539.0,Zone 1,0.04193131469631514,0.9580686853036848,0.06448276814569395,0.10128023463805379
540.0,Zone 1,0.04193131469631514,0.9580686853036848,0.06523131128764602,0.1019710715078851
541.0,Zone 1,0.04193131469631514,0.9580686853036848,0.06596255371987038,0.10264598339607872
542.0,Zone 1,0.04193131469631514,0.9580686853036848,0.06659852822754189,0.10323299997640446
543.0,Zone 1,0.04193131469631514,0.9580686853036848,0.06718048627424249,0.10377018584462387
544.0,Zone 1,0.04193131469631514,0.9580686853036848,0.06776433083392357,0.10430913950921741
545.0,Zone 1,0.04193131469631514,0.9580686853036848,0.06834852668713932,0.10484844394531898
546.0,Zone 1,0.04193131469631514,0.9580686853036848,0.06891645071802119,0.10537275233773045
547.0,Zone 1,0.04193131469631514,0.9580686853036848,0.06946674191110687,0.10588080595570912
548.0,Zone 1,0.04193131469631514,0.9580686853036848,0.07000420438890424,0.10637703822506508
549.0,Zone 1,0.04193131469631514,0.9580686853036848,0.0705294788007005,0.10686203908383567
550.0,Zone 1,0.04193131469631514,0.9580686853036848,0.07104135599495708,0.10733469052493293
551.0,Zone 1,0.04193131469631514,0.9580686853036848,0.07154043205906448,0.10779554139527417
552.0,Zone 1,0.04193131469631514,0.9580686853036848,0.07202852382831128,0.10824626799176261
553.0,Zone 1,0.04193131469631514,0.9580686853036848,0.07250518069279963,0.10868645292685672
554.0,Zone 1,0.04193131469631514,0.9580686853036848,0.07296637914884026,0.10911237907129782
555.0,Zone 1,0.04193131469631514,0.9580686853036848,0.07341340893638341,0.1095252359333724
556.0,Zone 1,0.04193131469631514,0.9580686853036848,0.07385836772268167,0.10993619552864448
557.0,Zone 1,0.04193131469631514,0.9580686853036848,0.07429653802321338,0.11034090037747712
558.0,Zone 1,0.04193131469631514,0.9580686853036848,0.07468516500436077,0.11069985828325463
559.0,Zone 1,0.04193131469631514,0.9580686853036848,0.07499657852245518,0.1109875059282589
560.0,Zone 1,0.04193131469631514,0.9580686853036848,0.07525797180085649,0.11122895650196286
561.0,Zone 1,0.04193131469631514,0.9580686853036848,0.07550562151677019,0.11145771696100297
562.0,Zone 1,0.04193131469631514,0.9580686853036848,0.07577835966450533,0.11170965776943173
563.0,Zone 1,0.04193131469631514,0.9580686853036848,0.07610486731216223,0.11201127554818685
564.0,Zone 1,0.04193131469631514,0.9580686853036848,0.07645275607968517,0.11233265366854346
565.0,Zone 1,0.04193131469631514,0.9580686853036848,0.07677959123607672,0.11263459112489173
566.0,Zone 1,0.04193131469631514,0.9580686853036848,0.07710406726259567,0.11293435737858022
567.0,Zone 1,0.04193131469631514,0.9580686853036848,0.07745741959933382,0.11326081023777507
568.0,Zone 1,0.04193131469631514,0.9580686853036848,0.07776621600316103,0.11354610699828781
569.0,Zone 1,0.04193131469631514,0.9580686853036848,0.07790553927884444,0.11367483009238939
570.0,Zone 1,0.04193131469631514,0.9580686853036848,0.07792612469812318,0.11369384943194845
571.0,Zone 1,0.04193131469631514,0.9580686853036848,0.07803336127426092,0.1137929282893936
572.0,Zone 1,0.04193131469631514,0.9580686853036848,0.07829675403250108,0.11403628798427594
573.0,Zone 1,0.04193131469631514,0.9580686853036848,0.0786063185778544,0.11432231463784609
574.0,Zone 1,0.04193131469631514,0.9580686853036848,0.07886722381450742,0.11456338760267085
575.0,Zone 1,0.04193131469631514,0.9580686853036848,0.07903513766647478,0.11471854056521008
576.0,Zone 1,0.04193131469631514,0.9580686853036848,0.07911517786256159,0.1147924987464125
577.0,Zone 1,0.04193131469631514,0.9580686853036848,0.07921752296485365,0.11488706767640719
578.0,Zone 1,0.04193131469631514,0.9580686853036848,0.07941701195066911,0.11507140184654796
579.0,Zone 1,0.04193131469631514,0.9580686853036848,0.07960785326867063,0.1152477481923722
580.0,Zone 1,0.04193131469631514,0.9580686853036848,0.07967760606310346,0.1153122037589052
581.0,Zone 1,0.04193131469631514,0.9580686853036848,0.07970097688079618,0.11533379981407116
582.0,Zone 1,0.04193131469631514,0.9580686853036848,0.07980016378421471,0.11542545501035377
583.0,Zone 1,0.04193131469631514,0.9580686853036848,0.07996711018692869,0.1155797261501002
584.0,Zone 1,0.04193131469631514,0.9580686853036848,0.08013056164086621,0.11573076979165615
585.0,Zone 1,0.04193131469631514,0.9580686853036848,0.0802406634719491,0.11583251482057907
586.0,Zone 1,0.04193131469631514,0.9580686853036848,0.08027543912200688,0.11586465117156673
587.0,Zone 1,0.04193131469631514,0.9580686853036848,0.08024904329248997,0.11584025864577285
588.0,Zone 1,0.04193131469631514,0.9580686853036848,0.0801869606406782,0.11578288795213855
589.0,Zone 1,0.04193131469631514,0.9580686853036848,0.08011556589824526,0.11571691230880217
590.0,Zone 1,0.04193131469631514,0.9580686853036848,0.0800862580770305,0.11568982916372432
591.0,Zone 1,0.04193131469631514,0.9580686853036848,0.08012453163093315,0.11572519749071122
592.0,Zone 1,0.04193131469631514,0.9580686853036848,0.08019193559640246,0.11578748530690042
593.0,Zone 1,0.04193131469631514,0.9580686853036848,0.08023800933013055,0.11583006211880095
594.0,Zone 1,0.04193131469631514,0.9580686853036848,0.08021653283591758,0.11581021563520412
595.0,Zone 1,0.04193131469631514,0.9580686853036848,0.08010003226789458,0.11570255778530851
596.0,Zone 1,0.04193131469631514,0.9580686853036848,0.07991509489453151,0.11553165984191088
597.0,Zone 1,0.04193131469631514,0.9580686853036848,0.07971806186972108,0.11534958740850568
598.0,Zone 1,0.04193131469631514,0.9580686853036848,0.07959010409376091,0.11523134700125139
599.0,Zone 1,0.04193131469631514,0.9580686853036848,0.07955767007199896,0.11520137628603082
600.0,Zone 1,0.04193131469631514,0.9580686853036848,0.0794652460350815,0.11511597213974493
601.0,Zone 1,0.04193131469631514,0.9580686853036848,0.0791744870191769,0.11484730149905316
602.0,Zone 1,0.04193131469631514,0.9580686853036848,0.07883240290977278,0.11453121324429962
603.0,Zone 1,0.04193131469631514,0.9580686853036848,0.07863016517444503,0.11434434835584267
604.0,Zone 1,0.04193131469631514,0.9580686853036848,0.07853906007433835,0.11426016953409063
605.0,Zone 1,0.04193131469631514,0.9580686853036848,0.0784720515217831,0.11419825572823358
606.0,Zone 1,0.04193131469631514,0.9580686853036848,0.07835598033482877,0.11409101040938464
607.0,Zone 1,0.04193131469631514,0.9580686853036848,0.07807803028981374,0.11383419949989343
608.0,Zone 1,0.04193131469631514,0.9580686853036848,0.07766663403589244,0.11345410248539958
609.0,Zone 1,0.04193131469631514,0.9580686853036848,0.07734179964202571,0.11315399095516065
610.0,Zone 1,0.04193131469631514,0.9580686853036848,0.07721317266109484,0.11303515592898684
611.0,Zone 1,0.04193131469631514,0.9580686853036848,0.07717996228217064,0.11300447395735348
612.0,Zone 1,0.04193131469631514,0.9580686853036848,0.07711243844291539,0.11294209117798257
613.0,Zone 1,0.04193131469631514,0.9580686853036848,0.07688151421084996,0.11272875149352898
614.0,Zone 1,0.04193131469631514,0.9580686853036848,0.07643312343962978,0.11231451687117544
615.0,Zone 1,0.04193131469631514,0.9580686853036848,0.07596645605494716,0.11188341445037184
616.0,Zone 1,0.04193131469631514,0.9580686853036848,0.07571923999766102,0.11165504571525671
617.0,Zone 1,0.04193131469631514,0.9580686853036848,0.07566589876720688,0.11160577175039689
618.0,Zone 1,0.04193131469631514,0.9580686853036848,0.07562588515092596,0.11156880931508606
619.0,Zone 1,0.04193131469631514,0.9580686853036848,0.07546550146753722,0.11142065670852194
620.0,Zone 1,0.04193131469631514,0.9580686853036848,0.07516476484325138,0.11114286005473623
621.0,Zone 1,0.04193131469631514,0.9580686853036848,0.07483688942745848,0.11084000274489292
622.0,Zone 1,0.04193131469631514,0.9580686853036848,0.07461080280302619,0.1106311722315765
623.0,Zone 1,0.04193131469631514,0.9580686853036848,0.07448485167983522,0.1105148360781335
624.0,Zone 1,0.04193131469631514,0.9580686853036848,0.07436229106155615,0.11040163278552748
625.0,Zone 1,0.04193131469631514,0.9580686853036848,0.07420820334289473,0.11025931109712203
626.0,Zone 1,0.04193131469631514,0.9580686853036848,0.07408024056472703,0.11014112086923336
627.0,Zone 1,0.04193131469631514,0.9580686853036848,0.07401631437867355,0.11008207721900709
628.0,Zone 1,0.04193131469631514,0.9580686853036848,0.07398166288121695,0.11005007245634701
629.0,Zone 1,0.04193131469631514,0.9580686853036848,0.07391379600895863,0.10998738963071478
630.0,Zone 1,0.04193131469631514,0.9580686853036848,0.0737992426584625,0.10988158730977975
631.0,Zone 1,0.04193131469631514,0.9580686853036848,0.07369553175809991,0.1097858000352821
632.0,Zone 1,0.04193131469631514,0.9580686853036848,0.07364556479803702,0.10973965090375176
633.0,Zone 1,0.04193131469631514,0.9580686853036848,0.0736445506746767,0.1097387142685847
634.0,Zone 1,0.04193131469631514,0.9580686853036848,0.07364626706395806,0.10974029951025421
635.0,Zone 1,0.04193131469631514,0.9580686853036848,0.07363265677645296,0.10972772917767999
636.0,Zone 1,0.04193131469631514,0.9580686853036848,0.07360500135451324,0.10970218693636116
637.0,Zone 1,0.04193131469631514,0.9580686853036848,0.07356863787983356,0.10966860212443937
638.0,Zone 1,0.04193131469631514,0.9580686853036848,0.0735585063835434,0.10965924483020502
639.0,Zone 1,0.04193131469631514,0.9580686853036848,0.07359793436084208,0.10969565994883167
640.0,Zone 1,0.04193131469631514,0.9580686853036848,0.07364844003736717,0.10974230644923698
641.0,Zone 1,0.04193131469631514,0.9580686853036848,0.07365911099198912,0.1097521620536793
642.0,Zone 1,0.04193131469631514,0.9580686853036848,0.0736492703077297,0.10974307327968245
643.0,Zone 1,0.04193131469631514,0.9580686853036848,0.07367350849588612,0.109765459481886
644.0,Zone 1,0.04193131469631514,0.9580686853036848,0.07369505281729288,0.10978535768801347
645.0,Zone 1,0.04193131469631514,0.9580686853036848,0.07362242048086749,0.10971827504155483
646.0,Zone 1,0.04193131469631514,0.9580686853036848,0.07346045591802462,0.10956868733952217
647.0,Zone 1,0.04193131469631514,0.9580686853036848,0.07330048148261518,0.1094209396858428
648.0,Zone 1,0.04193131469631514,0.9580686853036848,0.07315165541063443,0.10928349011591362
649.0,Zone 1,0.04193131469631514,0.9580686853036848,0.07294282162025124,0.10909062281455799
650.0,Zone 1,0.04193131469631514,0.9580686853036848,0.07269592675872294,0.10886260879036071
651.0,Zone 2,0.04193131469631514,0.9580686853036848,0.0725104296268846,0.10869130033116833
652.0,Zone 2,0.04193131469631514,0.9580686853036848,0.07239111488133208,0.10858111338121718
653.0,Zone 2,0.04193131469631514,0.9580686853036848,0.07219421739325368,0.10839928132831235
654.0,Zone 2,0.04193131469631514,0.9580686853036848,0.07181749203898526,0.10805138917078502
655.0,Zone 2,0.04193131469631514,0.9580686853036848,0.07132300906205598,0.10759476886474255
656.0,Zone 2,0.04193131469631514,0.9580686853036848,0.07082939164971938,0.10713896678881284
657.0,Zone 2,0.04193131469631514,0.9580686853036848,0.07036886220431111,0.10671373492113306
658.0,Zone 2,0.04193131469631514,0.9580686853036848,0.06986923165167949,0.10625241750424781
659.0,Zone 2,0.04193131469631514,0.9580686853036848,0.06924413056190416,0.10567527829818811
660.0,Zone 2,0.04193131469631514,0.9580686853036848,0.06847214265505296,0.10496256427642078
661.0,Zone 2,0.04193131469631514,0.9580686853036848,0.06767529326183008,0.10422694618663458
662.0,Zone 2,0.04193131469631514,0.9580686853036848,0.06708027558856303,0.1036776828626961
663.0,Zone 2,0.04193131469631514,0.9580686853036848,0.06661889056951074,0.10325179532446872
664.0,Zone 2,0.04193131469631514,0.9580686853036848,0.0658175492155708,0.10251214587265907
665.0,Zone 2,0.04193131469631514,0.9580686853036848,0.06453225257916066,0.10132590290274152
666.0,Zone 2,0.04193131469631514,0.9580686853036848,0.06334340427543514,0.10022878943766211
667.0,Zone 2,0.04193131469631514,0.9580686853036848,0.06260537283241609,0.09954776172562368
668.0,Zone 2,0.04193131469631514,0.9580686853036848,0.06191211422648309,0.09890808719986985
669.0,Zone 2,0.04193131469631514,0.9580686853036848,0.06089992940536669,0.09797420420168601
670.0,Zone 2,0.04193131469631514,0.9580686853036848,0.059672491362092114,0.09684182642034098
671.0,Zone 2,0.04193131469631514,0.9580686853036848,0.05839582067360235,0.0956641528420194
672.0,Zone 2,0.04193131469631514,0.9580686853036848,0.057234290519544206,0.09459280124096642
673.0,Zone 2,0.04193131469631514,0.9580686853036848,0.056376632641544175,0.09380179710175642
674.0,Zone 2,0.04193131469631514,0.9580686853036848,0.05553363086036378,0.09302436561886479
675.0,Zone 2,0.04193131469631514,0.9580686853036848,0.05418675557295606,0.0917823671952332
676.0,Zone 2,0.04193131469631514,0.9580686853036848,0.05256152807444231,0.09028387813928589
677.0,Zone 2,0.04193131469631514,0.9580686853036848,0.05128323742232753,0.08910541491354654
678.0,Zone 2,0.04193131469631514,0.9580686853036848,0.050242157072747956,0.08814573071789211
679.0,Zone 2,0.04193131469631514,0.9580686853036848,0.04887804058607029,0.08688839382376676
680.0,Zone 2,0.04193131469631514,0.9580686853036848,0.04741006483970903,0.08553548851166047
681.0,Zone 2,0.04193131469631514,0.9580686853036848,0.04634690707869063,0.08455577285142113
682.0,Zone 2,0.04193131469631514,0.9580686853036848,0.04544890793762643,0.08372832149146814
683.0,Zone 2,0.04193131469631514,0.9580686853036848,0.044470892947283416,0.08282721143637214
684.0,Zone 2,0.04193131469631514,0.9580686853036848,0.043663964816632886,0.08208379079610331
685.0,Zone 2,0.04193131469631514,0.9580686853036848,0.042950572638575296,0.08142658654295676
686.0,Zone 2,0.04193131469631514,0.9580686853036848,0.04187094477197643,0.08043206682686257
687.0,Zone 2,0.04193131469631514,0.9580686853036848,0.040565440050069373,0.0792295968332288
688.0,Zone 2,0.04193131469631514,0.9580686853036848,0.03969497874630126,0.07842790847530254
689.0,Zone 2,0.04193131469631514,0.9580686853036848,0.039383309452535334,0.07814087763596195
690.0,Zone 2,0.04193131469631514,0.9580686853036848,0.03896881872055096,0.07775916536400392
691.0,Zone 2,0.04193131469631514,0.9580686853036848,0.03810208108479039,0.07696101340542391
692.0,Zone 2,0.04193131469631514,0.9580686853036848,0.037284295824152464,0.07620799345546345
693.0,Zone 2,0.04193131469631514,0.9580686853036848,0.03702166443552099,0.07596617239163075
694.0,Zone 2,0.04193131469631514,0.9580686853036848,0.03705842740758738,0.07600002202678907
695.0,Zone 2,0.04193131469631514,0.9580686853036848,0.03697561239024575,0.07592376995728772
696.0,Zone 2,0.04193131469631514,0.9580686853036848,0.036803287806840404,0.07576510350115662
697.0,Zone 2,0.04193131469631514,0.9580686853036848,0.03674199566104931,0.07570866981098082
698.0,Zone 2,0.04193131469631514,0.9580686853036848,0.036831650598954574,0.07579121815301973
699.0,Zone 2,0.04193131469631514,0.9580686853036848,0.037036336377531315,0.07597968162103856
700.0,Zone 2,0.04193131469631514,0.9580686853036848,0.037365089486856365,0.07628238628168287
701.0,Zone 2,0.04193131469631514,0.9580686853036848,0.037771501891986636,0.07665660852951516
702.0,Zone 2,0.04193131469631514,0.9580686853036848,0.03810684787970332,0.07696540284094175
703.0,Zone 2,0.04193131469631514,0.9580686853036848,0.03842255207663489,0.07725611848784145
704.0,Zone 2,0.04193131469631514,0.9580686853036848,0.03910363416052201,0.07788331796727513
705.0,Zone 2,0.04193131469631514,0.9580686853036848,0.04025281198462202,0.0789416619742411
706.0,Zone 2,0.04193131469631514,0.9580686853036848,0.04134203946651526,0.0799448885769908
707.0,Zone 2,0.04193131469631514,0.9580686853036848,0.04195315914047882,0.08050779698104701
708.0,Zone 2,0.04193131469631514,0.9580686853036848,0.04245502437931058,0.0809700916515593
709.0,Zone 2,0.04193131469631514,0.9580686853036848,0.04334216982832159,0.08178733602632818
710.0,Zone 2,0.04193131469631514,0.9580686853036848,0.0445086889826875,0.0828620340542585
711.0,Zone 2,0.04193131469631514,0.9580686853036848,0.045643567164616726,0.08390768277960782
712.0,Zone 2,0.04193131469631514,0.9580686853036848,0.04672902757072566,0.08490789248229252
713.0,Zone 2,0.04193131469631514,0.9580686853036848,0.0478737811323397,0.08596283737336274
714.0,Zone 2,0.04193131469631514,0.9580686853036848,0.04909467565940797,0.08708806162344701
715.0,Zone 2,0.04193131469631514,0.9580686853036848,0.05033429922506072,0.08823066541229588
716.0,Zone 2,0.04193131469631514,0.9580686853036848,0.051502827409502364,0.08930784713148243
717.0,Zone 2,0.04193131469631514,0.9580686853036848,0.052549949169694465,0.09027320291469049
718.0,Zone 2,0.04193131469631514,0.9580686853036848,0.0535414008936847,0.09118731404224743
719.0,Zone 2,0.04193131469631514,0.9580686853036848,0.05457114212892241,0.0921368084634321
720.0,Zone 2,0.04193131469631514,0.9580686853036848,0.0555657358463849,0.09305397240831195
721.0,Zone 2,0.04193131469631514,0.9580686853036848,0.05629187191379477,0.09372362673511812
722.0,Zone 2,0.04193131469631514,0.9580686853036848,0.056727439338743246,0.09412533361338374
723.0,Zone 2,0.04193131469631514,0.9580686853036848,0.05729095858381803,0.09464506729858446
724.0,Zone 2,0.04193131469631514,0.9580686853036848,0.0583040937409704,0.09557954357475537
725.0,Zone 2,0.04193131469631514,0.9580686853036848,0.05945434107774078,0.09664058324950558
726.0,Zone 2,0.04193131469631514,0.9580686853036848,0.060132114883517856,0.09726584021659283
727.0,Zone 2,0.04193131469631514,0.9580686853036848,0.060156113164845426,0.09728797966065235
728.0,Zone 2,0.04193131469631514,0.9580686853036848,0.06004314685386827,0.0971837637822458
729.0,Zone 2,0.04193131469631514,0.9580686853036848,0.06018453145919096,0.09731419681410931
730.0,Zone 2,0.04193131469631514,0.9580686853036848,0.060445227892547165,0.097554703910821
731.0,Zone 2,0.04193131469631514,0.9580686853036848,0.06057195961508682,0.09767162294448278
732.0,Zone 2,0.04193131469631514,0.9580686853036848,0.06054539006912486,0.09764711054414066
733.0,Zone 2,0.04193131469631514,0.9580686853036848,0.06048477578279307,0.09759118952051307
734.0,Zone 2,0.04193131469631514,0.9580686853036848,0.060380687473297896,0.09749516125942512
735.0,Zone 2,0.04193131469631514,0.9580686853036848,0.06000691357553712,0.09715033736322855
736.0,Zone 2,0.04193131469631514,0.9580686853036848,0.05924945843222008,0.096451582808082
737.0,Zone 2,0.04193131469631514,0.9580686853036848,0.058347113594160734,0.09561922516771457
738.0,Zone 2,0.04193131469631514,0.9580686853036848,0.057679688620725235,0.09500360728291757
739.0,Zone 2,0.04193131469631514,0.9580686853036848,0.05733338094963111,0.0946841944344616
740.0,Zone 2,0.04193131469631514,0.9580686853036848,0.05699767019798195,0.09437456440752383
741.0,Zone 2,0.04193131469631514,0.9580686853036848,0.05620777958852454,0.09364607335137148
742.0,Zone 2,0.04193131469631514,0.9580686853036848,0.055598097459023395,0.09308381593625961
743.0,Zone 2,0.04193131469631514,0.9580686853036848,0.05517757537343855,0.09269602135946574
744.0,Zone 2,0.04193131469631514,0.9580686853036848,0.05495966932029371,0.09249507943232127
745.0,Zone 2,0.04193131469631514,0.9580686853036848,0.05496352363527092,0.09249863365443058
746.0,Zone 2,0.04193131469631514,0.9580686853036848,0.05521535127097193,0.09273085675348273
747.0,Zone 2,0.04193131469631514,0.9580686853036848,0.05575008862828666,0.09322398162899412
748.0,Zone 2,0.04193131469631514,0.9580686853036848,0.0566134056397544,0.09402016335113744
749.0,Zone 2,0.04193131469631514,0.9580686853036848,0.057864152404291144,0.09517374910181398
750.0,Zone 2,0.04193131469631514,0.9580686853036848,0.059577317428903716,0.09675402821662037
751.0,Zone 2,0.04193131469631514,0.9580686853036848,0.06184755286495963,0.09884851788152381
752.0,Zone 2,0.04193131469631514,0.9580686853036848,0.06479327747144355,0.10156680107343757
753.0,Zone 2,0.04193131469631514,0.9580686853036848,0.06856129188326607,0.10504486618805743
754.0,Zone 2,0.04193131469631514,0.9580686853036848,0.07333171144303467,0.1094497825967659
755.0,Zone 2,0.04193131469631514,0.9580686853036848,0.07932280711793151,0.1149843531981584
756.0,Zone 2,0.04193131469631514,0.9580686853036848,0.08679505990059282,0.12189112699801291
757.0,Zone 2,0.04193131469631514,0.9580686853036848,0.09605334986381815,0.13045480348607055
758.0,Zone 2,0.04193131469631514,0.9580686853036848,0.10744575172694654,0.14100164374160035
759.0,Zone 2,0.04193131469631514,0.9580686853036848,0.12135696364038624,0.15389407845538092
760.0,Zone 2,0.04193131469631514,0.9580686853036848,0.13819409126917861,0.16951838751268364
761.0,Zone 2,0.04193131469631514,0.9580686853036848,0.15836255229437035,0.18826330117297693
762.0,Zone 2,0.04193131469631514,0.9580686853036848,0.18223051524369493,0.21048787235652572
763.0,Zone 2,0.04193131469631514,0.9580686853036848,0.210081777038116,0.23647821936614338
764.0,Zone 2,0.04193131469631514,0.9580686853036848,0.24205940088293224,0.26639485056449386
765.0,Zone 2,0.04193131469631514,0.9580686853036848,0.2781055621845029,0.3002151213427007
766.0,Zone 2,0.04193131469631514,0.9580686853036848,0.3179062711687404,0.33767846090533193
767.0,Zone 2,0.04193131469631514,0.9580686853036848,0.360851981391156,0.3782445171351585
768.0,Zone 2,0.04193131469631514,0.9580686853036848,0.40602547805566225,0.4210753124317199
769.0,Zone 2,0.04193131469631514,0.9580686853036848,0.45222613124170724,0.465051074839107
770.0,Zone 2,0.04193131469631514,0.9580686853036848,0.49803463659053654,0.50882538333272
771.0,Zone 2,0.04193131469631514,0.9580686853036848,0.5419157278678577,0.550919234100302
772.0,Zone 2,0.04193131469631514,0.9580686853036848,0.5823496788910515,0.5898469056390673
773.0,Zone 2,0.04193131469631514,0.9580686853036848,0.6179784250527517,0.6242606915623158
774.0,Zone 2,0.04193131469631514,0.9580686853036848,0.6477501477834953,0.6530982432693787
775.0,Zone 2,0.04193131469631514,0.9580686853036848,0.6710473470298272,0.6757160970239137
776.0,Zone 2,0.04193131469631514,0.9580686853036848,0.6877874746084712,0.691996177443984
777.0,Zone 2,0.04193131469631514,0.9580686853036848,0.6984915041846622,0.7024183828953889
778.0,Zone 2,0.04193131469631514,0.9580686853036848,0.7033403541045118,0.7071427409710475
779.0,Zone 2,0.04193131469631514,0.9580686853036848,0.7063388610957068,0.710065253433529
780.0,Zone 2,0.04193131469631514,0.9580686853036848,0.7094255777916466,0.7130745311884237
781.0,Zone 2,0.04193131469631514,0.9580686853036848,0.712428538930023,0.7160029252117477
782.0,Zone 2,0.04193131469631514,0.9580686853036848,0.7152122377413825,0.7187181804887891
783.0,Zone 2,0.04193131469631514,0.9580686853036848,0.7177547299508998,0.7211987308248452
784.0,Zone 2,0.04193131469631514,0.9580686853036848,0.7200330597208744,0.7234220177386598
785.0,Zone 2,0.04193131469631514,0.9580686853036848,0.7220234740565331,0.7253647035733363
786.0,Zone 2,0.04193131469631514,0.9580686853036848,0.7237016943652832,0.7270029413942622
787.0,Zone 2,0.04193131469631514,0.9580686853036848,0.7250432481480374,0.7283127045703832
788.0,Zone 2,0.04193131469631514,0.9580686853036848,0.7260238632630441,0.7292701783387905
789.0,Zone 2,0.04193131469631514,0.9580686853036848,0.7266199215796354,0.729852210076159
790.0,Zone 2,0.04193131469631514,0.9580686853036848,0.726808970477392,0.7300368165006357
791.0,Zone 2,0.04193131469631514,0.9580686853036848,0.7265702737548986,0.7298037294296198
792.0,Zone 2,0.04193131469631514,0.9580686853036848,0.7258853871978264,0.7291349652191201
793.0,Zone 2,0.04193131469631514,0.9580686853036848,0.7247387926160926,0.7280154503460896
794.0,Zone 2,0.04193131469631514,0.9580686853036848,0.7231185180103048,0.726433631872954
795.0,Zone 2,0.04193131469631514,0.9580686853036848,0.7210167254226141,0.7243820541522409
796.0,Zone 2,0.04193131469631514,0.9580686853036848,0.718430245154078,0.7218578803731127
797.0,Zone 2,0.04193131469631514,0.9580686853036848,0.7153610299920289,0.7188633327432524
798.0,Zone 2,0.04193131469631514,0.9580686853036848,0.7118165006411786,0.715406022888418
799.0,Zone 2,0.04193131469631514,0.9580686853036848,0.7078097576401483,0.7114991482849938
800.0,Zone 2,0.04193131469631514,0.9580686853036848,0.7033596390985942,0.7071615347844443
801.0,Zone 2,0.04193131469631514,0.9580686853036848,0.6984906131523612,0.7024175149217768
802.0,Zone 2,0.04193131469631514,0.9580686853036848,0.6932324997209455,0.6972966375368312
803.0,Zone 2,0.04193131469631514,0.9580686853036848,0.6876200123093112,0.6918332007597001
804.0,Zone 2,0.04193131469631514,0.9580686853036848,0.68169214502857,0.6860656341404358
805.0,Zone 2,0.04193131469631514,0.9580686853036848,0.6754914309737923,0.6800357566787828
806.0,Zone 2,0.04193131469631514,0.9580686853036848,0.6690630964794112,0.6737879358797343
807.0,Zone 2,0.04193131469631514,0.9580686853036848,0.662454146508532,0.667368183247583
808.0,Zone 2,0.04193131469631514,0.9580686853036848,0.655712422252475,0.6608232270168781
809.0,Zone 2,0.04193131469631514,0.9580686853036848,0.64888566953723,0.6541996001619391
810.0,Zone 3,0.04193131469631514,0.9580686853036848,0.6420206512418022,0.6475427761215059
811.0,Zone 3,0.04193131469631514,0.9580686853036848,0.6351623384574053,0.6408963857883734
812.0,Zone 3,0.04193131469631514,0.9580686853036848,0.6283531962165521,0.6343015306602763
813.0,Zone 3,0.04193131469631514,0.9580686853036848,0.6216326141646912,0.6277962402446632
814.0,Zone 3,0.04193131469631514,0.9580686853036848,0.6150364598798564,0.6214150511965701
815.0,Zone 3,0.04193131469631514,0.9580686853036848,0.6085967644555613,0.61518871656117
816.0,Zone 3,0.04193131469631514,0.9580686853036848,0.6023415382816523,0.6091440421654698
817.0,Zone 3,0.04193131469631514,0.9580686853036848,0.5962947064654569,0.6033038390566131
818.0,Zone 3,0.04193131469631514,0.9580686853036848,0.5904761525326717,0.5976869802300765
819.0,Zone 3,0.04193131469631514,0.9580686853036848,0.5849018514008402,0.5923085426575775
820.0,Zone 3,0.04193131469631514,0.9580686853036848,0.5795840757710822,0.5871800188419719
821.0,Zone 3,0.04193131469631514,0.9580686853036848,0.5745316557392105,0.5823095780989472
822.0,Zone 3,0.04193131469631514,0.9580686853036848,0.5697502729124114,0.5777023593569155
823.0,Zone 3,0.04193131469631514,0.9580686853036848,0.5652427901281073,0.5733607964792661
824.0,Zone 3,0.04193131469631514,0.9580686853036848,0.5610095868191504,0.5692849472769334
825.0,Zone 3,0.04193131469631514,0.9580686853036848,0.5570488901472448,0.5654728168302987
826.0,Zone 3,0.04193131469631514,0.9580686853036848,0.5533570974563733,0.5619206710103218
827.0,Zone 3,0.04193131469631514,0.9580686853036848,0.5499290807252176,0.5586233314213694
828.0,Zone 3,0.04193131469631514,0.9580686853036848,0.5467584704383189,0.5555744494883303
829.0,Zone 3,0.04193131469631514,0.9580686853036848,0.5438379152618231,0.5527667564107248
830.0,Zone 3,0.04193131469631514,0.9580686853036848,0.5411593146215469,0.5501922863811733
831.0,Zone 3,0.04193131469631514,0.9580686853036848,0.5387140352930705,0.5478425839133085
832.0,Zone 3,0.04193131469631514,0.9580686853036848,0.5364931181664484,0.5457089013334638
833.0,Zone 3,0.04193131469631514,0.9580686853036848,0.534487404218789,0.5437823183859304
834.0,Zone 3,0.04193131469631514,0.9580686853036848,0.5326876579992045,0.5420538593200468
835.0,Zone 3,0.04193131469631514,0.9580686853036848,0.5310846794099043,0.5405145986632296
836.0,Zone 3,0.04193131469631514,0.9580686853036848,0.5296693956119627,0.5391557478892524
837.0,Zone 3,0.04193131469631514,0.9580686853036848,0.5284329361947638,0.5379687260453337
838.0,Zone 3,0.04193131469631514,0.9580686853036848,0.5273666923263706,0.5369452150623729
839.0,Zone 3,0.04193131469631514,0.9580686853036848,0.5264623630173617,0.5360772027805853
840.0,Zone 3,0.04193131469631514,0.9580686853036848,0.5257119898598209,0.5353570150132271
841.0,Zone 3,0.04193131469631514,0.9580686853036848,0.5251079753765879,0.5347773319886592
842.0,Zone 3,0.04193131469631514,0.9580686853036848,0.5246430824674131,0.5343311867641292
843.0,Zone 3,0.04193131469631514,0.9580686853036848,0.5243104623976257,0.53401199114137
844.0,Zone 3,0.04193131469631514,0.9580686853036848,0.5241036657121035,0.5338135452980348
845.0,Zone 3,0.04193131469631514,0.9580686853036848,0.5240166400693659,0.5337300349677313
846.0,Zone 3,0.04193131469631514,0.9580686853036848,0.5240437258887563,0.5337560266161682
847.0,Zone 3,0.04193131469631514,0.9580686853036848,0.5241796483674939,0.5338864592208216
848.0,Zone 3,0.04193131469631514,0.9580686853036848,0.5244195075278,0.5341166342394686
849.0,Zone 3,0.04193131469631514,0.9580686853036848,0.5247587661209407,0.5344422035936303
850.0,Zone 3,0.04193131469631514,0.9580686853036848,0.5251932366934449,0.5348591569119268
851.0,Zone 3,0.04193131469631514,0.9580686853036848,0.5257190686819505,0.5353638088578345
852.0,Zone 3,0.04193131469631514,0.9580686853036848,0.5263327369765669,0.5359527879174909
853.0,Zone 3,0.04193131469631514,0.9580686853036848,0.527031023920377,0.5366230189324842
854.0,Zone 3,0.04193131469631514,0.9580686853036848,0.5278110036292141,0.5373717078976553
855.0,Zone 3,0.04193131469631514,0.9580686853036848,0.5286700272289078,0.5381963276729176
856.0,Zone 3,0.04193131469631514,0.9580686853036848,0.5296057086448968,0.5390946042544104
857.0,Zone 3,0.04193131469631514,0.9580686853036848,0.5306159103673267,0.5400645030473011
858.0,Zone 3,0.04193131469631514,0.9580686853036848,0.5316987298489666,0.5411042157677396
859.0,Zone 3,0.04193131469631514,0.9580686853036848,0.5328524860444867,0.5422121474990751
860.0,Zone 3,0.04193131469631514,0.9580686853036848,0.5340757067123203,0.5433869044960956
861.0,Zone 3,0.04193131469631514,0.9580686853036848,0.5353671172032346,0.5446272834306946
862.0,Zone 3,0.04193131469631514,0.9580686853036848,0.5367256308018564,0.5459322621413701
863.0,Zone 3,0.04193131469631514,0.9580686853036848,0.5381503354695147,0.5473009869362785
864.0,Zone 3,0.04193131469631514,0.9580686853036848,0.5396404809543701,0.5487327602559017
865.0,Zone 3,0.04193131469631514,0.9580686853036848,0.5411954688163131,0.5502270311418707
866.0,Zone 3,0.04193131469631514,0.9580686853036848,0.5428148422652819,0.5517833855319978
867.0,Zone 3,0.04193131469631514,0.9580686853036848,0.5444982758357402,0.5534015364018261
868.0,Zone 3,0.04193131469631514,0.9580686853036848,0.5462455662502514,0.555081315051977
869.0,Zone 3,0.04193131469631514,0.9580686853036848,0.5480566230054076,0.556822662130882
870.0,Zone 3,0.04193131469631514,0.9580686853036848,0.5499314594667282,0.558625619148041
871.0,Zone 3,0.04193131469631514,0.9580686853036848,0.5518701792714662,0.5604903154744167
872.0,Zone 3,0.04193131469631514,0.9580686853036848,0.5538729536352724,0.562416946586582
873.0,Zone 3,0.04193131469631514,0.9580686853036848,0.555940026038019,0.564405778640062
874.0,Zone 3,0.04193131469631514,0.9580686853036848,0.5580717081065336,0.5664571445809412
875.0,Zone 3,0.04193131469631514,0.9580686853036848,0.5602683706647544,0.5685714356071219
876.0,Zone 3,0.04193131469631514,0.9580686853036848,0.5625304354259628,0.5707490932433998
877.0,Zone 3,0.04193131469631514,0.9580686853036848,0.5648583658579505,0.5729906006155313
878.0,Zone 3,0.04193131469631514,0.9580686853036848,0.5672526582952014,0.5752964739557833
879.0,Zone 3,0.04193131469631514,0.9580686853036848,0.5697138328308322,0.5776672538891833
880.0,Zone 3,0.04193131469631514,0.9580686853036848,0.5722424242644236,0.5801034967652411
881.0,Zone 3,0.04193131469631514,0.9580686853036848,0.5748389742549761,0.5826057671418212
882.0,Zone 3,0.04193131469631514,0.9580686853036848,0.5775040290311191,0.5851746356175189
883.0,Zone 3,0.04193131469631514,0.9580686853036848,0.5802381222628423,0.5878106623539346
884.0,Zone 3,0.04193131469631514,0.9580686853036848,0.5830417623414873,0.5905143848264962
885.0,Zone 3,0.04193131469631514,0.9580686853036848,0.585915421732457,0.5932863075559326
886.0,Zone 3,0.04193131469631514,0.9580686853036848,0.5888595252174856,0.5961268907507223
887.0,Zone 3,0.04193131469631514,0.9580686853036848,0.5918744381839853,0.599036538974443
888.0,Zone 3,0.04193131469631514,0.9580686853036848,0.594960454410473,0.6020155893046042
889.0,Zone 3,0.04193131469631514,0.9580686853036848,0.5981177833001591,0.6050642989342191
890.0,Zone 3,0.04193131469631514,0.9580686853036848,0.6013465364385251,0.608182832093511
891.0,Zone 3,0.04193131469631514,0.9580686853036848,0.6046467222168221,0.6113712547358509
892.0,Zone 3,0.04193131469631514,0.9580686853036848,0.6080182579244908,0.6146295460904825
893.0,Zone 3,0.04193131469631514,0.9580686853036848,0.6114609309489623,0.617957561021797
894.0,Zone 3,0.04193131469631514,0.9580686853036848,0.6149743752197221,0.6213550070555124
895.0,Zone 3,0.04193131469631514,0.9580686853036848,0.6185580559179217,0.624821429347327
896.0,Zone 3,0.04193131469631514,0.9580686853036848,0.6222112534442396,0.6283561948921476
897.0,Zone 3,0.04193131469631514,0.9580686853036848,0.6259330468685632,0.6319584761870115
898.0,Zone 3,0.04193131469631514,0.9580686853036848,0.6297240681811413,0.6356289496195519
899.0,Zone 3,0.04193131469631514,0.9580686853036848,0.6336400350862568,0.6394216542945593
900.0,Zone 3,0.04193131469631514,0.9580686853036848,0.6376818024730849,0.6433375417351878
901.0,Zone 3,0.04193131469631514,0.9580686853036848,0.641845821909468,0.6473733002357752
902.0,Zone 3,0.04193131469631514,0.9580686853036848,0.6461378480039426,0.6515346385441787
903.0,Zone 3,0.04193131469631514,0.9580686853036848,0.6505558044692596,0.6558196810446948
904.0,Zone 3,0.04193131469631514,0.9580686853036848,0.6550363974712067,0.6601671429982473
905.0,Zone 3,0.04193131469631514,0.9580686853036848,0.659576251399673,0.6645738185891166
906.0,Zone 3,0.04193131469631514,0.9580686853036848,0.6638438995868782,0.6687178473521307
907.0,Zone 3,0.04193131469631514,0.9580686853036848,0.668156349402708,0.6729069299855295
908.0,Zone 3,0.04193131469631514,0.9580686853036848,0.6725093053939254,0.6771369410159953
909.0,Zone 3,0.04193131469631514,0.9580686853036848,0.676898087902679,0.6814033756293251
910.0,Zone 3,0.04193131469631514,0.9580686853036848,0.6813176252439678,0.6857013412029137
911.0,Zone 3,0.04193131469631514,0.9580686853036848,0.685762450816654,0.6900255536222997
912.0,Zone 3,0.04193131469631514,0.9580686853036848,0.6902267083003877,0.6943703414687432
913.0,Zone 3,0.04193131469631514,0.9580686853036848,0.6947041438170989,0.698729637537376
914.0,Zone 3,0.04193131469631514,0.9580686853036848,0.6991881062294959,0.7030969782842165
915.0,Zone 3,0.04193131469631514,0.9580686853036848,0.703671553444896,0.7074655091533396
916.0,Zone 3,0.04193131469631514,0.9580686853036848,0.7081470623626617,0.711827993505429
917.0,Zone 3,0.04193131469631514,0.9580686853036848,0.7126068426947643,0.7161768253894111
918.0,Zone 3,0.04193131469631514,0.9580686853036848,0.717042754856434,0.7205040463678694
919.0,Zone 3,0.04193131469631514,0.9580686853036848,0.7214463320836597,0.7248013665680977
920.0,Zone 3,0.04193131469631514,0.9580686853036848,0.725808806886341,0.7290601900837937
921.0,Zone 3,0.04193131469631514,0.9580686853036848,0.7301211412749511,0.7332716441965232
922.0,Zone 3,0.04193131469631514,0.9580686853036848,0.7343740601405441,0.7374266118265714
923.0,Zone 3,0.04193131469631514,0.9580686853036848,0.738558092647491,0.741515771975854
924.0,Zone 3,0.04193131469631514,0.9580686853036848,0.7426636165564019,0.74552964321565
925.0,Zone 3,0.04193131469631514,0.9580686853036848,0.7466809058503409,0.7494586305917482
926.0,Zone 3,0.04193131469631514,0.9580686853036848,0.750600181965759,0.7532930762479677
927.0,Zone 3,0.04193131469631514,0.9580686853036848,0.7544116682334042,0.7570233133854866
928.0,Zone 3,0.04193131469631514,0.9580686853036848,0.7581056470542951,0.7606397230927016
929.0,Zone 3,0.04193131469631514,0.9580686853036848,0.7616725192595487,0.7641327935010682
930.0,Zone 3,0.04193131469631514,0.9580686853036848,0.7651028650326153,0.7674931806488151
931.0,Zone 3,0.04193131469631514,0.9580686853036848,0.7683875057580726,0.7707117704155196
932.0,Zone 3,0.04193131469631514,0.9580686853036848,0.7715175660100372,0.7737797407378102
933.0,Zone 3,0.04193131469631514,0.9580686853036848,0.7744845345405587,0.776688622966073
934.0,Zone 3,0.04193131469631514,0.9580686853036848,0.7772803240766613,0.7794303621474185
935.0,Zone 3,0.04193131469631514,0.9580686853036848,0.7798973289654569,0.7819973752633488
936.0,Zone 3,0.04193131469631514,0.9580686853036848,0.7823284798033173,0.7843826065422985
937.0,Zone 3,0.04193131469631514,0.9580686853036848,0.7845672942829732,0.7865795790613245
938.0,Zone 3,0.04193131469631514,0.9580686853036848,0.786607923537001,0.7885824418941378
939.0,Zone 3,0.04193131469631514,0.9580686853036848,0.7884451933176415,0.7903860121231782
940.0,Zone 3,0.04193131469631514,0.9580686853036848,0.7900746394298792,0.7919858111102018
941.0,Zone 3,0.04193131469631514,0.9580686853036848,0.7914925371453956,0.7933780947271308
942.0,Zone 3,0.04193131469631514,0.9580686853036848,0.7926959248029596,0.7945598777215994
943.0,Zone 3,0.04193131469631514,0.9580686853036848,0.793682619468279,0.7955289501049015
944.0,Zone 3,0.04193131469631514,0.9580686853036848,0.7944512253949436,0.7962838862709649
945.0,Zone 3,0.04193131469631514,0.9580686853036848,0.7950011354827459,0.7968240470253256
946.0,Zone 3,0.04193131469631514,0.9580686853036848,0.7953325256845825,0.797149574467946
947.0,Zone 3,0.04193131469631514,0.9580686853036848,0.7954463425561049,0.7972613799179492
948.0,Zone 3,0.04193131469631514,0.9580686853036848,0.7953442842514502,0.7971611251811425
949.0,Zone 3,0.04193131469631514,0.9580686853036848,0.7950287753682037,0.7968511975645598
950.0,Zone 3,0.04193131469631514,0.9580686853036848,0.7945029361327381,0.7963346791335436
951.0,Zone 3,0.04193131469631514,0.9580686853036848,0.793770545799238,0.7956153101043356
952.0,Zone 3,0.04193131469631514,0.9580686853036848,0.7928359998115999,0.7946974459508316
953.0,Zone 3,0.04193131469631514,0.9580686853036848,0.7917042670700067,0.7935860144785228
954.0,Zone 3,0.04193131469631514,0.9580686853036848,0.7903808433354845,0.7922864689943429
955.0,Zone 3,0.04193131469631514,0.9580686853036848,0.7888717016596966,0.7908047384706876
956.0,Zone 3,0.04193131469631514,0.9580686853036848,0.7871832411359544,0.7891471760035048
957.0,Zone 3,0.04193131469631514,0.9580686853036848,0.78532223465809,0.7873205062652914
958.0,Zone 3,0.04193131469631514,0.9580686853036848,0.7832957763447546,0.7853317726240765
959.0,Zone 3,0.04193131469631514,0.9580686853036848,0.7811112292470482,0.7831882845587369
960.0,Zone 3,0.04193131469631514,0.9580686853036848,0.7787761739088283,0.7808975659510338
961.0,Zone 3,0.04193131469631514,0.9580686853036848,0.7762983584161735,0.7784673048979046
962.0,Zone 3,0.04193131469631514,0.9580686853036848,0.7736856505234314,0.7759053056362665
963.0,Zone 3,0.04193131469631514,0.9580686853036848,0.7709459912606275,0.7732194420099182
964.0,Zone 3,0.04193131469631514,0.9580686853036848,0.7680873513015126,0.7704176137438401
965.0,Zone 3,0.04193131469631514,0.9580686853036848,0.7651176902495903,0.7675077056871723
966.0,Zone 3,0.04193131469631514,0.9580686853036848,0.762044918922212,0.7644975501076797
967.0,Zone 3,0.04193131469631514,0.9580686853036848,0.7588768647722645,0.761394892176189
968.0,Zone 3,0.04193131469631514,0.9580686853036848,0.7556212405311923,0.7582073587223931
969.0,Zone 3,0.04193131469631514,0.9580686853036848,0.7522856161059623,0.7549424302911663
970.0,Zone 3,0.04193131469631514,0.9580686853036848,0.7488773937163941,0.7516074164814778
971.0,Zone 3,0.04193131469631514,0.9580686853036848,0.74540378653829,0.7482094348213221
972.0,Zone 3,0.04193131469631514,0.9580686853036848,0.7418718011197696,0.7447553934320152
973.0,Zone 3,0.04193131469631514,0.9580686853036848,0.7382882208723694,0.7412519748343328
974.0,Zone 3,0.04193131469631514,0.9580686853036848,0.7346595929660692,0.7377056231674385
975.0,Zone 3,0.04193131469631514,0.9580686853036848,0.7309922182099566,0.7341225344013793
976.0,Zone 3,0.04193131469631514,0.9580686853036848,0.7272921434349149,0.7305086490605742
977.0,Zone 3,0.04193131469631514,0.9580686853036848,0.7235651561936101,0.7268696472683495
978.0,Zone 3,0.04193131469631514,0.9580686853036848,0.7198167815874162,0.7232109459173298
979.0,Zone 3,0.04193131469631514,0.9580686853036848,0.7160522810278123,0.7195376977688468
980.0,Zone 3,0.04193131469631514,0.9580686853036848,0.712276652740811,0.7158547922860514
981.0,Zone 3,0.04193131469631514,0.9580686853036848,0.7084946338257797,0.7121668580087557
982.0,Zone 3,0.04193131469631514,0.9580686853036848,0.7047107036783841,0.7084782662771114
983.0,Zone 3,0.04193131469631514,0.9580686853036848,0.7009290886132479,0.7047931361371633
984.0,Zone 3,0.04193131469631514,0.9580686853036848,0.6971537675312326,0.7011153402710815
985.0,Zone 3,0.04193131469631514,0.9580686853036848,0.6933884784640197,0.6974485117836818
986.0,Zone 3,0.04193131469631514,0.9580686853036848,0.6896367258489928,0.6937960516973559
987.0,Zone 3,0.04193131469631514,0.9580686853036848,0.6859017883997865,0.6901611370202659
988.0,Zone 3,0.04193131469631514,0.9580686853036848,0.6821867274489253,0.6865467292640688
989.0,Zone 3,0.04193131469631514,0.9580686853036848,0.6784943956500796,0.6829555832988513
990.0,Zone 3,0.04193131469631514,0.9580686853036848,0.6748274459382901,0.6793902564440476
991.0,Zone 3,0.04193131469631514,0.9580686853036848,0.6711883406764914,0.6758531177237743
992.0,Zone 3,0.04193131469631514,0.9580686853036848,0.6675793609245516,0.6723463572231048
993.0,Zone 3,0.04193131469631514,0.9580686853036848,0.6640026156054967,0.6688719953252914
994.0,Zone 3,0.04193131469631514,0.9580686853036848,0.6604600506667861,0.6654318919244986
995.0,Zone 3,0.04193131469631514,0.9580686853036848,0.6569534581599411,0.6620277555391069
996.0,Zone 3,0.04193131469631514,0.9580686853036848,0.6534844851725076,0.6586611522613673
997.0,Zone 3,0.04193131469631514,0.9580686853036848,0.6500546425734899,0.6553335145058152
998.0,Zone 3,0.04193131469631514,0.9580686853036848,0.6466653135399429,0.6520461495254134
999.0,Zone 3,0.04193131469631514,0.9580686853036848,0.6433177618384274,0.6488002476704078
1000.0,Zone 3,0.04193131469631514,0.9580686853036848,0.6400131398402802,0.6455968903701028
1001.0,Zone 3,0.04193131469631514,0.9580686853036848,0.6367524958991967,0.6424370574783027
1002.0,Zone 3,0.04193131469631514,0.9580686853036848,0.6335367807471038,0.6393216336506442
1003.0,Zone 3,0.04193131469631514,0.9580686853036848,0.6303668557323636,0.6362514164907598
1004.0,Zone 3,0.04193131469631514,0.9580686853036848,0.6272435000001685,0.6332271236544036
1005.0,Zone 3,0.04193131469631514,0.9580686853036848,0.6241674170022874,0.6302493992886373
1006.0,Zone 3,0.04193131469631514,0.9580686853036848,0.6211392406982097,0.6273188201580305
1007.0,Zone 3,0.04193131469631514,0.9580686853036848,0.6181595414501239,0.6244359014611732
1008.0,Zone 3,0.04193131469631514,0.9580686853036848,0.6152288316159564,0.6216011023425357
1009.0,Zone 3,0.04193131469631514,0.9580686853036848,0.6123475708461641,0.618814831106102
1010.0,Zone 3,0.04193131469631514,0.9580686853036848,0.6095161710911325,0.6160774501383052
1011.0,Zone 3,0.04193131469631514,0.9580686853036848,0.606735002731682,0.6133892819062464
1012.0,Zone 3,0.04193131469631514,0.9580686853036848,0.6040044031951035,0.6107506173462072
1013.0,Zone 3,0.04193131469631514,0.9580686853036848,0.6013246768562938,0.6081617158195272
1014.0,Zone 3,0.04193131469631514,0.9580686853036848,0.5986960975853773,0.6056228076224885
1015.0,Zone 3,0.04193131469631514,0.9580686853036848,0.5961189124685791,0.6031340976237053
1016.0,Zone 3,0.04193131469631514,0.9580686853036848,0.5935933452935745,0.6006957686675465
1017.0,Zone 3,0.04193131469631514,0.9580686853036848,0.5911195998094646,0.5983079847540473
1018.0,Zone 3,0.04193131469631514,0.9580686853036848,0.5886978627715165,0.5959708940057226
1019.0,Zone 3,0.04193131469631514,0.9580686853036848,0.5863283067806834,0.5936846314315252
1020.0,Zone 3,0.04193131469631514,0.9580686853036848,0.5840110929276952,0.5914493214979489
1021.0,Zone 3,0.04193131469631514,0.9580686853036848,0.5817463680391669,0.5892650754905994
1022.0,Zone 3,0.04193131469631514,0.9580686853036848,0.5795342513734988,0.5871319787056932
1023.0,Zone 3,0.04193131469631514,0.9580686853036848,0.5773748524158893,0.5850501076347214
1024.0,Zone 3,0.04193131469631514,0.9580686853036848,0.5752682779667851,0.5830195368093369
1025.0,Zone 3,0.04193131469631514,0.9580686853036848,0.5732146338530741,0.5810403404565201
1026.0,Zone 3,0.04193131469631514,0.9580686853036848,0.5712140264994698,0.5791125940171867
1027.0,Zone 3,0.04193131469631514,0.9580686853036848,0.5692665643673508,0.5772363755355533
1028.0,Zone 3,0.04193131469631514,0.9580686853036848,0.5673723592679033,0.5754117669261456
1029.0,Zone 3,0.04193131469631514,0.9580686853036848,0.5655315275560768,0.5736388551249908
1030.0,Zone 3,0.04193131469631514,0.9580686853036848,0.5637441912114769,0.5719177331311369
1031.0,Zone 3,0.04193131469631514,0.9580686853036848,0.5620104856029432,0.5702485074822009
1032.0,Zone 3,0.04193131469631514,0.9580686853036848,0.5603305808264064,0.5686313187894565
1033.0,Zone 3,0.04193131469631514,0.9580686853036848,0.5587046623200244,0.5670663230625336
1034.0,Zone 3,0.04193131469631514,0.9580686853036848,0.5571329248836275,0.5655536859510121
1035.0,Zone 3,0.04193131469631514,0.9580686853036848,0.5556155733812533,0.564093583422116
1036.0,Zone 3,0.04193131469631514,0.9580686853036848,0.5541528233577198,0.5626862023558763
1037.0,Zone 3,0.04193131469631514,0.9580686853036848,0.5527449015731883,0.5613317410617054
1038.0,Zone 3,0.04193131469631514,0.9580686853036848,0.5513920464593574,0.5600304097200142
1039.0,Zone 3,0.04193131469631514,0.9580686853036848,0.55009450850063,0.5587824307522075
1040.0,Zone 3,0.04193131469631514,0.9580686853036848,0.548852550543261,0.5575880391220474
1041.0,Zone 3,0.04193131469631514,0.9580686853036848,0.5476664461353604,0.5564474807443043
1042.0,Zone 3,0.04193131469631514,0.9580686853036848,0.5465364739337737,0.5553610071137314
1043.0,Zone 3,0.04193131469631514,0.9580686853036848,0.5454629233837426,0.5543288807751431
1044.0,Zone 3,0.04193131469631514,0.9580686853036848,0.544446096622592,0.5533513771612832
1045.0,Zone 3,0.04193131469631514,0.9580686853036848,0.543486308438371,0.5524287845610437
1046.0,Zone 3,0.04193131469631514,0.9580686853036848,0.5425838861696322,0.5515614040321157
1047.0,Zone 3,0.04193131469631514,0.9580686853036848,0.5417391695476494,0.5507495492593624
1048.0,Zone 3,0.04193131469631514,0.9580686853036848,0.5409525104821958,0.5499935463600172
1049.0,Zone 3,0.04193131469631514,0.9580686853036848,0.5402242727918414,0.5492937336366511
1050.0,Zone 3,0.04193131469631514,0.9580686853036848,0.5395548318795521,0.5486504612786733
1051.0,Zone 3,0.04193131469631514,0.9580686853036848,0.5389445732018598,0.5480640899057487
1052.0,Zone 3,0.04193131469631514,0.9580686853036848,0.5383938883279519,0.5475349867970469
1053.0,Zone 3,0.04193131469631514,0.9580686853036848,0.5379031778146208,0.5470635286706437
1054.0,Zone 3,0.04193131469631514,0.9580686853036848,0.5374728517941089,0.5466501022656686
1055.0,Zone 3,0.04193131469631514,0.9580686853036848,0.5371033293692639,0.5462951037793823
1056.0,Zone 3,0.04193131469631514,0.9580686853036848,0.5367950379562546,0.5459989382548522
1057.0,Zone 3,0.04193131469631514,0.9580686853036848,0.5365484125748426,0.5457620189191829
1058.0,Zone 3,0.04193131469631514,0.9580686853036848,0.5363638950862095,0.545584766472244
1059.0,Zone 3,0.04193131469631514,0.9580686853036848,0.5362419333782019,0.5454676083257063
1060.0,Zone 3,0.04193131469631514,0.9580686853036848,0.5361829804979166,0.5454109777922375
1061.0,Zone 3,0.04193131469631514,0.9580686853036848,0.5361874941258999,0.5454153136035234
1062.0,Zone 3,0.04193131469631514,0.9580686853036848,0.5362559368069151,0.5454810601556485
1063.0,Zone 3,0.04193131469631514,0.9580686853036848,0.5363887737782461,0.5456086654472134
1064.0,Zone 3,0.04193131469631514,0.9580686853036848,0.5365864715048034,0.5457985796968243
1065.0,Zone 3,0.04193131469631514,0.9580686853036848,0.5368494965503234,0.5460512542837018
1066.0,Zone 3,0.04193131469631514,0.9580686853036848,0.5371783143950887,0.5463671406370547
1067.0,Zone 3,0.04193131469631514,0.9580686853036848,0.537573388200175,0.5467466890740862
1068.0,Zone 3,0.04193131469631514,0.9580686853036848,0.5380351775183023,0.5471903475865578
1069.0,Zone 3,0.04193131469631514,0.9580686853036848,0.5385641369514562,0.5476985605759129
1070.0,Zone 3,0.04193131469631514,0.9580686853036848,0.5391607147555323,0.5482717675370321
1071.0,Zone 3,0.04193131469631514,0.9580686853036848,0.5398253512587019,0.5489104015623477
1072.0,Zone 3,0.04193131469631514,0.9580686853036848,0.5405584769525617,0.5496148875306348
1073.0,Zone 3,0.04193131469631514,0.9580686853036848,0.5413605113277675,0.5503856410100688
1074.0,Zone 3,0.04193131469631514,0.9580686853036848,0.5422318614027233,0.551223066865154
1075.0,Zone 3,0.04193131469631514,0.9580686853036848,0.543172920070886,0.5521275576878948
1076.0,Zone 3,0.04193131469631514,0.9580686853036848,0.5441840643997518,0.553099492180821
1077.0,Zone 3,0.04193131469631514,0.9580686853036848,0.5452656538829015,0.5541392334929498
1078.0,Zone 3,0.04193131469631514,0.9580686853036848,0.5464180286467649,0.5552471275100224
1079.0,Zone 3,0.04193131469631514,0.9580686853036848,0.54764150761395,0.556423501100531
1080.0,Zone 3,0.04193131469631514,0.9580686853036848,0.5489363866252708,0.5576686603193103
1081.0,Zone 3,0.04193131469631514,0.9580686853036848,0.550302936558917,0.5589828886053955
1082.0,Zone 3,0.04193131469631514,0.9580686853036848,0.5517414014877777,0.5603664450133307
1083.0,Zone 3,0.04193131469631514,0.9580686853036848,0.5532519965889579,0.5618195622026168
1084.0,Zone 3,0.04193131469631514,0.9580686853036848,0.5548349060920373,0.5633424444605168
1085.0,Zone 3,0.04193131469631514,0.9580686853036848,0.5564902812363193,0.564935265729345
1086.0,Zone 3,0.04193131469631514,0.9580686853036848,0.5582182382054991,0.5665981676075872
1087.0,Zone 3,0.04193131469631514,0.9580686853036848,0.5600188560439319,0.5683312573285763
1088.0,Zone 3,0.04193131469631514,0.9580686853036848,0.5618921745590857,0.570134605720841
1089.0,Zone 3,0.04193131469631514,0.9580686853036848,0.5638381922150496,0.5720082451545233
1090.0,Zone 3,0.04193131469631514,0.9580686853036848,0.5658568640223356,0.5739521674786242
1091.0,Zone 3,0.04193131469631514,0.9580686853036848,0.5679480994295747,0.5759663219541931
1092.0,Zone 3,0.04193131469631514,0.9580686853036848,0.5701117602229829,0.578050613188856
1093.0,Zone 3,0.04193131469631514,0.9580686853036848,0.572347658439916,0.5802048990785171
1094.0,Zone 3,0.04193131469631514,0.9580686853036848,0.574655554303029,0.5824289887622763
1095.0,Zone 3,0.04193131469631514,0.9580686853036848,0.5770351541820298,0.5847226405970836
1096.0,Zone 3,0.04193131469631514,0.9580686853036848,0.5794861085901793,0.5870855601588286
1097.0,Zone 3,0.04193131469631514,0.9580686853036848,0.5820080102231097,0.5895173982769994
1098.0,Zone 3,0.04193131469631514,0.9580686853036848,0.5846003920477135,0.5920177491102435
1099.0,Zone 3,0.04193131469631514,0.9580686853036848,0.5872627254491913,0.594586148270522
1100.0,Zone 3,0.04193131469631514,0.9580686853036848,0.5899944184445064,0.5972220710037429
