Wavelength,Intensity
365.1502089323528,5.037676767676771
365.57800730174927,5.015353535353597
366.0058009121936,5.175757575757643
366.4335897579461,4.760909090909081
366.8613738332686,5.31484848484854
367.2891531324232,5.023535353535294
367.7169276496708,5.889696969696956
368.1446973792735,4.549393939394008
368.5724623154933,4.649898989898929
369.000222452592,3.816565656565672
369.4279777848318,5.786969696969777
369.8557283064745,7.024242424242402
370.28347401178274,6.7438383838383515
370.7112148950189,4.77161616161618
371.138950950445,6.781212121212093
371.5666821723237,5.919797979798091
371.9944085549176,5.806464646464633
372.42213009249,5.369191919191962
372.8498467793027,5.539292929292969
373.27755860961867,6.0748484848485305
373.7052655777016,6.757272727272721
374.1329676778138,6.263030303030291
374.5606649042192,6.921717171717205
374.9883572511805,5.688787878787821
375.41604471296085,7.0738383838383925
375.84372728382465,5.604242424242329
376.2714049580342,6.172424242424199
376.69907772985385,7.920909090909163
377.1267455935473,8.499494949494874
377.55440854337854,5.450202020201914
377.98206657361095,7.383636363636356
378.40971967850874,7.535454545454513
378.83736785233623,6.356767676767618
379.26501108935753,7.599696969696993
379.6926493838369,8.5228282828283
380.1202827300386,5.522626262626204
380.54791112222784,6.700303030302962
380.97553455466823,8.49212121212122
381.40315302162537,5.863939393939404
381.83076651736314,6.7775757575757325
382.2583750361477,10.2409090909091
382.68597857224273,8.90989898989892
383.1135771199144,7.945454545454481
383.5411706734273,9.122222222222149
383.96875922704675,6.9238383838383015
384.3963427750387,9.228484848484868
384.8239213116683,10.338787878787912
385.2514948312012,9.674444444444475
385.679063327903,8.445959595959607
386.10662679604025,9.428484848484914
386.53418522987744,8.52313131313133
386.96173862368215,7.226666666666574
387.3892869717194,8.066262626262642
387.81683026825664,10.103333333333353
388.2443685075593,7.374545454545455
388.67190168389374,10.755656565656636
389.0994297915268,8.674949494949487
389.5269528247256,9.649292929292983
389.95447077775674,10.112525252525302
390.3819836448869,10.742222222222154
390.80949142038287,11.002828282828318
391.23699409851224,10.838787878787912
391.6644916735418,9.181414141414052
392.0919841397395,10.380909090909086
392.51947149137214,10.399999999999977
392.9469537227076,10.41020202020195
393.37443082801394,9.443434343434319
393.8019028015581,11.57696969696974
394.22936963760816,10.486060606060619
394.65683133043274,9.51646464646467
395.08428787429904,10.78161616161617
395.5117392634765,11.977878787878808
395.9391854922322,9.745252525252567
396.36662655483553,11.85777777777787
396.7940624455544,12.770303030303012
397.221493158658,10.591515151515182
397.6489186884149,11.880808080808038
398.0763390290937,13.549999999999955
398.50375417496423,10.79838383838387
398.93116412029474,12.26919191919194
399.35856885935465,10.15232323232317
399.7859683864145,12.721919191919142
400.21336269574215,12.429191919191908
400.6407517816078,11.47808080808079
401.06813563828155,11.402222222222122
401.49551426003313,11.059494949494933
401.9228876411324,13.64575757575767
402.35025577584906,11.191212121212175
402.777618658454,11.086060606060641
403.20497628321704,12.490202020201991
403.63232864440863,11.534848484848453
404.0596757363001,12.567575757575696
404.4870175531606,13.570808080808092
404.9143540892625,11.78282828282829
405.34168533887566,12.623434343434269
405.7690112962718,12.323030303030237
406.19633195572214,13.999292929293006
406.6236473114972,12.501616161616198
407.05095735786904,13.216161616161685
407.4782620891088,13.603636363636383
407.9055614994885,13.431313131313118
408.33285558327935,12.504949494949528
408.7601443347542,13.52767676767678
409.18742774818423,10.851515151515173
409.61470581784215,13.73050505050503
410.0419785380003,11.734848484848499
410.46924590293,13.088787878787912
410.89650790690513,13.804848484848549
411.3237645441979,14.707878787878713
411.75101580908114,13.17060606060602
412.17826169582753,14.504949494949528
412.6055021987102,12.861414141414116
413.0327373120022,13.661717171717214
413.4599670299771,14.891212121212106
413.8871913469087,15.380808080808038
414.31441025706965,12.843030303030218
414.7416237547343,14.355151515151533
415.1688318341764,15.218282828282781
415.5960344896694,13.908383838383884
416.0232317154875,14.884141414141482
416.4504235059058,14.237474747474721
416.877609855198,13.05232323232326
417.3047907576382,16.18585858585857
417.73196620750167,13.908888888888896
418.15913619906314,14.240000000000009
418.5863007265969,14.663333333333412
419.0134597843785,15.22686868686867
419.4406133666826,14.746161616161658
419.86776146778504,14.10545454545445
420.2949040819609,15.837979797979756
420.7220412034857,13.641818181818167
421.1491728266354,16.676060606060673
421.5762989456856,15.885555555555584
422.00341955491217,14.01616161616164
422.43053464859145,15.902121212121301
422.85764422099953,15.708787878787916
423.2847482664132,15.478888888888946
423.7118467791081,15.721616161616112
424.13893975336185,16.181919191919178
424.5660271834504,15.824444444444453
424.9931090636507,17.477777777777874
425.42018538824055,17.204848484848526
425.8472561514968,17.051515151515105
426.2743213476966,17.330808080808083
426.70138097111754,17.844343434343386
427.12843501603703,18.420404040404037
427.5554834767335,15.675252525252517
427.9825263474844,16.072727272727207
428.4095636225677,16.250808080808042
428.836595296262,18.492929292929375
429.2636213628445,18.57363636363641
429.6906418165953,16.865252525252572
430.11765665179195,18.486565656565745
430.54466586271343,17.438181818181874
430.97166944363886,16.88959595959591
431.3986673888468,17.76252525252528
431.82565969261714,16.476969696969718
432.2526463492292,18.4026262626262
432.6796273529615,18.156666666666638
433.1066026980947,17.863939393939404
433.5335723789078,19.487979797979847
433.9605363896817,18.075959595959603
434.3874947246956,17.2332323232323
434.8144473782302,19.34252525252532
435.24139434456566,17.372424242424245
435.66833561798273,19.70585858585855
436.09527119276186,19.073535353535362
436.5222010631836,18.126262626262587
436.94912522352934,21.25333333333333
437.37604366808046,20.592626262626254
437.80295639111773,18.329595959595963
438.2298633869225,20.44040404040402
438.6567646497769,22.458585858585934
439.0836601739622,20.930505050505076
439.51054995376046,22.25545454545454
439.93743398345333,24.087070707070666
440.3643122573234,19.318989898989912
440.7911847696531,21.420909090909163
441.2180515147248,22.23393939393941
441.64491248682066,22.652929292929343
442.07176768022424,23.46707070707066
442.4986170892185,23.525151515151492
442.9254607080855,21.38818181818192
443.3522985311091,23.282727272727243
443.7791305525731,23.30929292929295
444.20595676676095,23.549898989898907
444.63277716795614,23.277575757575732
445.0595917504425,23.724242424242334
445.4864005085042,26.94161616161614
445.9132034364253,25.2819191919192
446.34000052849075,25.822828282828254
446.7667917789844,24.857979797979738
447.19357718219095,25.396161616161635
447.62035673239575,27.274545454545546
448.0471304238833,26.66363636363633
448.47389825093865,28.200202020201914
448.9006602078477,28.4482828282828
449.3274162888955,28.597979797979747
449.7541664883682,30.363737373737422
450.1809108005504,28.032626262626195
450.6076492197296,30.63828282828274
451.03438174019095,28.70707070707067
451.4611083562209,30.179595959595986
451.8878290621062,31.820303030302966
452.3145438521331,31.481616161616216
452.74125272058893,32.53424242424239
453.16795566175983,31.780202020201955
453.5946526699329,32.40353535353529
454.0213437393964,34.73858585858591
454.4480288644369,35.13161616161619
454.87470803934247,35.72323232323231
455.3013812584008,36.62050505050513
455.728048515899,36.20181818181811
456.1547098061264,37.900404040404055
456.581365123371,38.73636363636365
457.0080144619206,38.76191919191922
457.4346578160643,40.02545454545452
457.86129518009074,40.22121212121215
458.2879265482889,41.938484848484904
458.71455191494766,41.34424242424234
459.1411712743566,42.77313131313133
459.5677846208052,44.121515151515155
459.99439194858286,44.65393939393937
460.42099325197927,45.71090909090913
460.8475885252852,47.85676767676762
461.2741777627895,47.343838383838374
461.7007609587837,49.25040404040408
462.1273381075573,49.500505050505126
462.5539092034013,52.58060606060599
462.9804742406069,52.46575757575761
463.40703321346456,54.6710101010101
463.8335861162655,55.07686868686869
464.2601329433018,54.853535353535335
464.68667368886395,58.78131313131314
465.1132083472445,57.58000000000004
465.5397369127344,62.51060606060605
465.9662593796264,62.53606060606057
466.3927757422128,62.19111111111113
466.8192859947853,65.67787878787874
467.24579013163685,67.27999999999997
467.67228814706056,67.07969696969701
468.0987800353493,70.05646464646463
468.5252657907955,72.86030303030304
468.9517454076925,74.03888888888889
469.3782188803347,76.82090909090914
469.80468620301497,77.05393939393934
470.2311473700274,79.250707070707
470.6576023756657,83.49363636363637
471.0840512142247,85.01333333333332
471.510493879998,84.98070707070701
471.9369303672803,88.36161616161621
472.3633606703668,90.27858585858587
472.7897847835518,93.97494949494956
473.2162027011309,97.20090909090914
473.64261441739905,97.339696969697
474.0690199266515,102.219696969697
474.49541922318446,103.51989898989893
474.9218123012938,105.80353535353538
475.3481991552746,111.40232323232317
475.77457977942385,110.82151515151509
476.2009541680377,116.92818181818188
476.6273223154126,119.7439393939394
477.0536842158455,124.90010101010103
477.48003986363346,125.07181818181812
477.90638925307275,130.9573737373738
478.332732378462,134.90757575757573
478.7590692340976,138.22292929292928
479.1853998142776,141.5510101010101
479.61172411330006,142.79888888888888
480.0380421254626,150.0363636363636
480.4643538450635,153.29080808080812
480.89065926640177,160.09707070707066
481.31695838377567,163.18121212121207
481.74325119148347,167.98757575757577
482.1695376838251,171.09010101010108
482.59581785509914,178.34919191919187
483.02209169960514,182.65040404040406
483.44835921164287,187.97383838383837
483.8746203855118,192.84464646464642
484.30087521551184,198.55898989898992
484.7271236959437,207.4825252525253
485.15336582110695,212.43111111111114
485.5796015853022,218.69262626262616
486.0058309828306,224.3147474747475
486.43205400799343,233.20282828282825
486.8582706550908,237.68363636363642
487.28448091842466,241.82676767676764
487.71068479229615,253.27989898989892
488.1368822710074,258.1364646464647
488.5630733488598,265.67484848484855
488.98925802015594,271.8357575757576
489.41543627919793,281.03414141414146
489.8416081202878,290.1474747474747
490.26777353772866,299.4319191919192
490.693932525824,306.7756565656566
491.12008507887606,310.42909090909086
491.5462311911877,324.65878787878785
491.97237085706354,334.48939393939395
492.39850407080667,340.22262626262625
492.8246308267206,349.1267676767677
493.2507511191099,360.6409090909091
493.67686494227905,370.05646464646463
494.1029722905323,379.0212121212121
494.5290731581737,389.41040404040393
494.95516753950903,401.10616161616167
495.381255428843,412.02575757575755
495.80733682048094,426.1533333333333
496.23341170872806,433.0102020202021
496.6594800878904,446.5927272727273
497.0855419522738,458.81070707070717
497.51159729618394,471.5242424242425
497.9376461139278,485.5126262626263
498.3636883998112,499.60868686868685
498.78972414814154,512.6444444444444
499.21575335322507,525.6737373737374
499.6417760093691,542.0475757575757
500.0677921108811,559.3112121212121
500.4938016520686,567.6824242424243
500.9198046272395,585.0824242424243
501.3458010307017,599.0833333333333
501.77179085676227,610.498787878788
502.19777409973136,626.4174747474748
502.62375075391645,643.2177777777779
503.04972081362587,664.1019191919191
503.4756842731697,682.37
503.901641126857,695.510404040404
504.32759136899654,717.8238383838384
504.7535349938983,734.9221212121213
505.1794719958719,755.9511111111111
505.60540236922753,766.6356565656566
506.0313261082755,792.2675757575757
506.45724320732575,814.5066666666668
506.88315366068974,831.6184848484847
507.309057462678,859.2737373737374
507.73495460760176,874.5663636363637
508.1608450897722,900.1926262626263
508.5867289035008,918.8219191919192
509.012606043099,949.7366666666668
509.43847650287944,968.0922222222222
509.8643402771536,996.4410101010102
510.2901973602346,1022.069393939394
510.7160477464344,1050.5786868686869
511.1418914300661,1071.3826262626262
511.56772840544227,1099.3715151515153
511.9935586668769,1127.7935353535354
512.4193822086829,1152.3080808080808
512.8451990251742,1183.8644444444444
513.271009110665,1210.5743434343435
513.6968124594682,1246.4339393939395
514.1226090658996,1276.290606060606
514.5483989242733,1301.359393939394
514.9741820289036,1337.4205050505052
515.3999583741056,1375.0187878787879
515.825727954195,1404.1546464646465
516.2514907634869,1439.2804040404042
516.6772467962968,1465.5545454545454
517.102996046941,1505.119090909091
517.5287385097351,1538.958080808081
517.9544741789956,1584.6479797979796
518.3802030490394,1618.612828282828
518.8059251141825,1652.4373737373737
519.2316403687427,1696.8848484848486
519.6573488070368,1736.4108080808078
520.0830504233825,1768.1316161616162
520.508745212097,1811.9270707070707
520.9344331674984,1859.8108080808079
521.3601142839047,1903.5027272727275
521.7857885556346,1944.7574747474748
522.2114559770062,1987.250606060606
522.6371165423385,2036.9376767676767
523.062770245951,2084.912929292929
523.4884170821617,2124.8739393939395
523.9140570452911,2171.3850505050505
524.3396901296587,2222.8135353535354
524.7653163295846,2279.4652525252527
525.1909356393883,2328.253434343434
525.6165480533901,2381.2433333333333
526.0421535659119,2431.849393939394
526.467752171273,2483.287878787879
526.8933438637952,2538.2626262626263
527.3189286377998,2587.818181818182
527.7445064876083,2650.0561616161617
528.1700774075425,2706.7077777777777
528.5956413919245,2763.5355555555557
529.0211984350755,2818.278484848485
529.4467485313195,2877.7176767676765
529.8722916749782,2948.013737373737
530.2978278603748,3000.9044444444444
530.7233570818321,3074.1797979797984
531.1488793336744,3131.7811111111114
531.5743946102242,3203.0444444444443
531.9999029058059,3270.612828282828
532.4254042147438,3333.7240404040404
532.850898531362,3410.0158585858585
533.2763858499846,3472.774343434344
533.7018661649372,3548.6408080808083
534.1273394705443,3624.4488888888886
534.552805761131,3694.5853535353535
534.9782650310241,3767.1492929292936
535.4037172745473,3849.2622222222226
535.8291624860277,3920.0965656565654
536.2546006597922,4010.289090909091
536.680031790166,4089.792828282829
537.1054558714762,4165.583333333333
537.5308728980501,4251.945858585858
537.9562828642147,4341.507878787879
538.381685764297,4421.282626262626
538.8070815926251,4504.567171717172
539.2324703435264,4586.267474747474
539.6578520113299,4671.931515151515
540.0832265903634,4771.836868686868
540.5085940749552,4849.475555555556
540.9339544594351,4948.679696969697
541.3593077381313,5055.96303030303
541.7846539053737,5153.577070707071
542.2099929554915,5246.1762626262625
542.6353248828151,5336.658484848485
543.0606496816739,5439.465858585859
543.485967346399,5544.295555555555
543.9112778713197,5662.080505050505
544.3365812507682,5767.43292929293
544.7618774790747,5875.961313131313
545.1871665505709,5988.272323232323
545.612448459588,6096.700909090909
546.0377232004582,6201.909393939394
546.4629907675136,6321.304242424242
546.888251155086,6440.648585858586
547.3135043575082,6550.03303030303
547.7387503691132,6675.367979797979
548.163989184234,6783.44707070707
548.589220797203,6914.27
549.0144452023551,7046.576868686869
549.4396623940232,7174.006464646464
549.8648723665417,7283.695555555556
550.2900751142446,7425.787070707071
550.7152706314669,7548.136363636364
551.1404589125426,7675.354444444445
551.5656399518078,7811.924141414142
551.9908137435972,7935.487373737375
552.4159802822461,8063.487979797981
552.8411395620905,8212.848484848484
553.2662915774669,8349.212424242423
553.691436322711,8476.358585858587
554.11657379216,8630.284545454546
554.5417039801498,8779.72414141414
554.966826881018,8916.393434343434
555.391942489102,9071.794545454546
555.8170507987398,9211.764545454545
556.2421518042684,9351.151515151516
556.6672455000264,9516.197272727271
557.0923318803517,9657.965858585858
557.5174109395833,9801.766767676769
557.9424826720598,9954.48404040404
558.3675470721207,10120.067575757575
558.792604134105,10272.19101010101
559.2176538523524,10428.487777777777
559.642696221203,10580.751919191918
560.0677312349968,10739.835858585859
560.4927588880743,10904.551414141413
560.9177791747765,11074.297777777778
561.3427920894437,11236.454646464646
561.7677976264171,11406.097474747476
562.1927957800386,11595.443434343435
562.6177865446497,11762.525050505052
563.0427699145929,11930.646363636364
563.4677458842095,12098.853232323232
563.8927144478425,12283.482323232323
564.3176755998345,12470.731414141414
564.7426293345294,12658.270101010101
565.1675756462691,12841.934545454546
565.5925145293982,13028.233737373737
566.0174459782598,13201.533535353536
566.4423699871988,13403.192929292929
566.8672865505588,13597.170505050506
567.2921956626851,13778.537676767677
567.7170973179223,13960.054444444446
568.1419915106147,14168.034141414142
568.5668782351092,14344.500505050506
568.9917574857504,14557.165858585859
569.4166292568849,14727.87323232323
569.8414935428589,14909.473535353536
570.2663503380185,15132.782727272728
570.6911996367105,15320.217272727272
571.1160414332822,15520.621212121212
571.540875722081,15722.606767676769
571.965702497454,15918.606464646462
572.390521753749,16112.008686868685
572.815333485315,16329.683434343435
573.2401376864991,16542.52686868687
573.6649343516507,16733.65787878788
574.0897234751192,16923.543030303033
574.514505051253,17150.088383838385
574.9392790744018,17359.360808080808
575.3640455389151,17583.054848484848
575.7888044391433,17787.03373737374
576.2135557694369,18022.583838383838
576.6382995241457,18205.567575757577
577.0630356976212,18434.347171717174
577.4877642842141,18656.68505050505
577.9124852782763,18891.778585858585
578.337198674159,19082.449898989897
578.7619044662142,19312.817676767678
579.1866026487941,19522.66202020202
579.6112932162514,19731.93484848485
580.0359761629387,19929.559292929294
580.4606514832087,20153.759292929295
580.8853191714153,20366.782626262626
581.3099792219122,20577.354545454546
581.7346316290531,20819.553333333333
582.1592763871918,21045.30686868687
582.5839134906828,21245.98787878788
583.0085429338815,21476.075151515153
583.4331647111419,21683.281111111108
583.8577788168196,21931.78767676768
584.2823852452711,22139.305454545454
584.7069839908509,22356.872727272726
585.131575047916,22585.56111111111
585.5561584108225,22796.31686868687
585.9807340739267,23014.87292929293
586.4053020315861,23248.341515151515
586.8298622781582,23454.080505050504
587.2544148079996,23682.12212121212
587.6789596154691,23891.379090909093
588.1034966949242,24127.761414141412
588.5280260407235,24364.75333333333
588.9525476472252,24585.09595959596
589.3770615087892,24774.35585858586
589.8015676197741,25016.97202020202
590.2260659745393,25217.651717171717
590.6505565674453,25412.0597979798
591.0750393928512,25663.294242424243
591.4995144451184,25853.426666666666
591.9239817186068,26066.158686868686
592.3484412076783,26306.711616161614
592.7728929066928,26500.152020202022
593.1973368100132,26706.082626262625
593.6217729119999,26923.424444444445
594.0462012070168,27133.244141414143
594.4706216894245,27369.850202020203
594.8950343535873,27586.296464646464
595.3194391938667,27803.611313131314
595.7438362046273,28011.383838383837
596.1682253802317,28240.42383838384
596.5926067150442,28435.14212121212
597.0169802034288,28666.67393939394
597.4413458397504,28910.892525252526
597.865703618373,29115.849898989898
598.2900535336623,29319.067373737376
598.7143955799829,29539.8004040404
599.1387297517012,29715.93787878788
599.5630560431825,29981.023636363636
599.987374448794,30159.10595959596
600.4116849629006,30356.803535353538
600.8359875798707,30627.85898989899
601.26028229407,30806.209797979798
601.6845690998672,30996.778585858585
602.1088479916291,31258.111313131314
602.5331189637238,31429.158989898988
602.95738201052,31648.666666666668
603.3816371263858,31834.745252525252
603.8058843056903,32026.569494949494
604.2301235428025,32290.298686868686
604.654354832092,32475.95484848485
605.078578167929,32698.763535353533
605.5027935446827,32881.71464646464
605.9270009567243,33131.77797979798
606.3512003984246,33320.81252525252
606.7753918641533,33539.41
607.1995753482827,33750.5995959596
607.6237508451841,34004.460303030304
608.0479183492296,34191.91626262626
608.4720778547909,34439.292525252524
608.8962293562407,34648.80313131313
609.3203728479522,34878.75060606061
609.7445083242978,35073.88929292929
610.1686357796519,35342.11838383838
610.592755208387,35536.90545454546
611.0168666048775,35766.246262626264
611.4409699634983,35973.458787878786
611.8650652786234,36202.76727272727
612.2891525446274,36398.80565656565
612.7132317558865,36617.930808080804
613.1373029067753,36847.6704040404
613.5613659916704,37049.59909090909
613.9854210049476,37292.92686868687
614.4094679409831,37552.4005050505
614.8335067941541,37711.46282828283
615.257537558837,37966.217373737374
615.6815602294099,38165.00494949495
616.1055748002503,38378.63676767677
616.5295812657358,38591.74333333334
616.9535796202455,38832.80585858586
617.3775698581569,39029.55434343435
617.8015519738499,39262.73393939393
618.2255259617029,39477.71161616162
618.6494918160962,39695.677979797976
619.0734495314093,39933.54090909091
619.4973991020223,40156.07535353536
619.9213405223156,40342.32505050505
620.3452737866705,40560.13585858586
620.7691988894676,40738.25111111111
621.1931158250882,41006.36363636364
621.6170245879148,41199.12212121212
622.0409251723286,41403.729595959594
622.4648175727123,41639.17151515151
622.8887017834486,41866.669191919194
623.3125777989208,42061.00020202021
623.7364456135114,42306.00787878788
624.1603052216044,42481.651414141415
624.5841566175842,42727.951717171716
625.0079997958345,42896.73414141414
625.4318347507399,43149.665353535354
625.8556614766851,43301.37838383838
626.2794799680562,43576.856464646466
626.7032902192377,43723.414949494945
627.1270922246158,43968.56979797979
627.5508859785771,44193.05545454546
627.9746714755073,44397.78979797979
628.398448709794,44611.691414141416
628.8222176758235,44817.869292929296
629.245978367984,44977.060707070705
629.6697307806626,45198.42494949495
630.0934749082478,45373.978484848485
630.5172107451276,45600.68676767677
630.940938285691,45815.37484848485
631.3646575243276,45987.01737373737
631.7883684554258,46177.8594949495
632.2120710733757,46400.72727272727
632.6357653725673,46523.68282828283
633.059451347391,46761.71616161616
633.4831289922378,46963.31585858586
633.9067983014974,47131.21717171717
634.3304592695625,47307.452828282825
634.7541118908242,47477.68666666666
635.1777561596745,47694.200707070704
635.6013920705057,47872.045050505054
636.02501961771,48114.34353535353
636.4486387956808,48284.55323232323
636.8722495988117,48439.018787878784
637.2958520214958,48613.9198989899
637.7194460581266,48725.64383838384
638.1430317030992,48874.098585858585
638.5666089508078,49090.10484848485
638.9901777956474,49293.002929292925
639.413738232013,49411.713939393936
639.8372902543002,49557.01484848485
640.2608338569055,49747.133939393934
640.684369034224,49907.163232323226
641.1078957806532,50025.237272727274
641.5314140905895,50221.512525252525
641.9549239584309,50399.05090909091
642.3784253785738,50580.62323232323
642.8019183454164,50737.21888888889
643.2254028533578,50899.41848484849
643.6488788967952,51009.3595959596
644.0723464701291,51188.942727272726
644.4958055677569,51314.33696969697
644.9192561840795,51478.300202020204
645.342698313496,51637.401212121214
645.7661319504069,51759.168585858584
646.189557089213,51973.21141414141
646.6129737243152,52098.37888888889
647.0363818501145,52192.24232323233
647.4597814610123,52400.93232323232
647.8831725514102,52506.91838383838
648.3065551157114,52624.77757575757
648.7299291483179,52755.93
649.1532946436324,52904.25232323232
649.5766515960587,53042.8205050505
650.0,53152.43636363636
650.4233398498603,53368.65676767677
650.8466711400439,53513.5098989899
651.2699938649556,53642.065151515155
651.6933080189997,53815.98303030303
652.1166135965819,53972.76181818182
652.5399105921083,54118.652727272725
652.9631989999842,54295.08404040404
653.3864788146162,54403.98696969697
653.809750030411,54581.584242424244
654.2330126417748,54750.54515151515
654.656266643116,54853.81212121212
655.0795120288417,55031.722727272725
655.5027487933605,55180.13939393939
655.9259769310797,55276.86767676767
656.3491964364093,55401.644343434346
656.7724073037572,55573.72242424243
657.1956095275335,55685.27505050505
657.6188031021481,55798.926666666666
658.0419880220103,55953.68909090909
658.4651642815311,56054.05929292929
658.8883318751207,56203.26090909091
659.3114907971911,56287.6404040404
659.7346410421533,56388.046565656565
660.157782604419,56527.755656565656
660.5809154784009,56652.74101010101
661.0040396585106,56762.23212121212
661.4271551391618,56855.40242424243
661.8502619147672,56945.80848484849
662.2733599797409,57067.84323232323
662.6964493284966,57229.00494949495
663.1195299554477,57396.71141414141
663.5426018550104,57561.39878787878
663.9656650215984,57661.44575757576
664.3887194496273,57790.31676767677
664.8117651335131,57974.5405050505
665.2348020676715,58148.20636363636
665.657830246519,58297.51343434343
666.0808496644723,58409.53494949495
666.5038603159485,58612.90777777778
666.9268621953652,58757.59909090909
667.34985529714,58925.368080808075
667.7728396156907,59083.4298989899
668.1958151454361,59289.61757575758
668.6187818807953,59399.34
669.0417398161873,59545.28494949495
669.4646889460315,59722.793535353536
669.8876292647477,59872.51303030303
670.3105607667568,60009.76292929293
670.7334834464787,60127.62929292929
671.1563972983346,60233.07282828283
671.5793023167458,60379.57131313132
672.0021984961346,60464.23969696969
672.4250858309224,60530.23565656565
672.8479643155318,60655.701313131314
673.2708339443855,60696.89
673.6936947119063,60779.36242424243
674.116546612519,60845.18787878788
674.5393896406458,60894.61767676767
674.9622237907118,60845.611414141415
675.3850490571414,60889.94909090909
675.8078654343597,60901.482323232325
676.2306729167913,60911.841515151515
676.6534714988628,60879.24777777778
677.0762611749998,60897.50151515151
677.4990419396282,60875.95595959596
677.9218137871759,60849.60868686868
678.3445767120687,60803.821818181816
678.7673307087351,60713.04343434343
679.1900757716024,60685.62717171718
679.6128118950986,60531.92404040404
680.0355390736529,60477.14282828283
680.458257301694,60316.77353535353
680.8809665736507,60146.98636363636
681.3036668839533,59991.9597979798
681.7263582270311,59781.494343434344
682.1490405973158,59543.11878787878
682.5717139892364,59315.18626262626
682.9943783972253,58967.152727272725
683.4170338157137,58589.71323232323
683.8396802391331,58315.28272727273
684.2623176619165,57858.46323232323
684.6849460784956,57471.70787878788
685.1075654833041,57034.9204040404
685.5301758707745,56566.09717171717
685.9527772353415,56026.473838383834
686.3753695714383,55453.981717171715
686.7979528735001,54917.61909090909
687.2205271359605,54341.94212121212
687.6430923532564,53682.53383838384
688.065648519822,53062.8195959596
688.4881956300939,52378.66090909091
688.9107336785081,51723.76646464647
689.3332626595015,51012.69222222222
689.755782567511,50271.36414141414
690.1782933969741,49536.2798989899
690.6007951423283,48714.908080808076
691.0232877980121,47991.93707070708
691.4457713584642,47180.438686868685
691.8682458181235,46380.95909090909
692.2907111714281,45521.787575757575
692.7131674128194,44745.03020202021
693.1356145367364,43872.816666666666
693.5580525376197,43014.50505050505
693.980481409911,42112.65181818182
694.40290114805,41322.53505050505
694.8253117464789,40460.93858585859
695.2477131996399,39586.58393939394
695.6701055019748,38764.87888888889
696.0924886479272,37862.86838383838
696.5148626319386,37025.7494949495
696.9372274484541,36176.17171717172
697.3595830919168,35359.011414141416
697.7819295567706,34501.46777777778
698.2042668374605,33719.12353535353
698.6265949284315,32892.979292929296
699.0489138241284,32106.281212121212
699.471223518998,31284.285757575755
699.893524007485,30515.75919191919
700.3158152840371,29749.054444444446
700.7380973431004,28975.61686868687
701.1603701791231,28246.84484848485
701.5826337865518,27526.87191919192
702.0048881598349,26826.807474747475
702.4271332934212,26092.905252525252
702.8493691817589,25414.53232323232
703.2715958192975,24755.05
703.6938132004865,24061.73878787879
704.1160213197757,23431.993434343436
704.5382201716158,22800.19414141414
704.9604097504572,22183.90646464646
705.3825900507514,21593.129696969696
705.8047610669488,21001.008585858588
706.2269227935031,20427.698787878788
706.649075224865,19858.40303030303
707.0712183554879,19301.73595959596
707.4933521798246,18766.32888888889
707.9154766923285,18262.938282828283
708.3375918874541,17763.48888888889
708.7596977596543,17243.475353535352
709.181794303385,16782.68515151515
709.6038815131003,16291.986262626262
710.0259593832561,15850.981717171717
710.448027908308,15418.469898989899
710.8700870827121,14999.890505050505
711.2921369009249,14581.18606060606
711.7141773574037,14176.097474747476
712.1362084466057,13794.09393939394
712.5582301629884,13418.104646464646
712.9802425010104,13027.347777777777
713.4022454551294,12682.92595959596
713.8242390198055,12345.435353535353
714.246223189497,12007.878989898989
714.6681979586639,11683.743636363635
715.0901633217665,11372.59707070707
715.5121192732652,11058.770505050505
715.9340658076206,10776.69313131313
716.3560029192945,10496.413131313131
716.7779306027479,10192.421414141414
717.1998488524436,9936.459797979798
717.621757662844,9664.905858585858
718.0436570284112,9425.4197979798
718.4655469436095,9179.408282828283
718.8874274029017,8926.310707070706
719.3092984007527,8686.081717171717
719.7311599316264,8443.877171717171
720.1530119899878,8237.09909090909
720.5748545703019,8035.956767676768
720.9966876670351,7813.401313131313
721.4185112746525,7623.10595959596
721.8403253876214,7436.226666666667
722.2621300004082,7235.061717171718
722.6839251074803,7046.648888888889
723.1057107033055,6880.595555555556
723.5274867823522,6701.872121212121
723.949253339088,6529.509797979797
724.3710103679822,6372.708282828283
724.7927578635044,6222.6963636363635
725.2144958201236,6066.881313131313
725.6362242323106,5910.77303030303
726.0579430945356,5772.224848484848
726.4796524012694,5618.496666666667
726.9013521469834,5500.679696969697
727.3230423261496,5354.05404040404
727.7447229332395,5236.77595959596
728.166393962726,5106.14101010101
728.588055409082,4996.738888888889
729.009707266781,4873.346868686868
729.4313495302968,4766.470505050505
729.8529821941028,4654.375656565657
730.2746052526745,4552.935050505051
730.696218700486,4446.0048484848485
731.117822532014,4345.784040404041
731.5394167417328,4250.69595959596
731.961001324119,4156.626464646464
732.3825762736496,4062.7262626262623
732.8041415848018,3983.708484848485
733.2256972520529,3885.8332323232326
733.6472432698798,3812.9991919191916
734.0687796327618,3725.1085858585857
734.4903063351773,3641.353939393939
734.9118233716055,3569.2143434343434
735.3333307365252,3503.3395959595964
735.754828424417,3427.3730303030306
736.1763164297606,3361.181818181818
736.5977947470376,3281.3758585858586
737.0192633707286,3223.216464646465
737.4407222953153,3152.8682828282826
737.8621715152799,3088.3746464646465
738.2836110251036,3031.3866666666663
738.7050408192706,2967.9114141414143
739.1264608922638,2917.892424242424
739.547871238566,2851.620606060606
739.9692718526624,2795.358484848485
740.3906627290363,2741.5343434343436
740.8120438621737,2686.3261616161617
741.2334152465594,2635.7847474747473
741.6547768766789,2585.5630303030302
742.0761287470185,2535.1211111111115
742.4974708520647,2497.619393939394
742.9188031863052,2446.4410101010103
743.3401257442263,2389.1568686868686
743.761438520316,2356.940303030303
744.1827415090632,2303.0543434343435
744.604034704956,2263.4542424242427
745.0253181024839,2227.4769696969697
745.4465916961352,2178.502828282828
745.8678554804015,2142.387777777778
746.2891094497717,2105.965353535353
746.7103535987379,2060.2217171717175
747.1315879217904,2027.367878787879
747.5528124134208,1980.9620202020203
747.974027068121,1952.5236363636363
748.3952318803844,1919.190808080808
748.8164268447031,1878.4257575757574
749.2376119555703,1850.2848484848485
749.6587872074795,1809.659595959596
750.0799525949259,1779.0558585858587
750.5011081124034,1749.7044444444443
750.9222537544067,1721.97
751.3433895154324,1690.8089898989897
751.7645153899742,1662.7076767676767
752.1856313725307,1632.9865656565657
752.6067374575973,1601.5417171717172
753.0278336396714,1570.1673737373735
753.4489199132505,1544.4567676767676
753.869996272833,1522.7647474747473
754.2910627129168,1493.0948484848486
754.712119228001,1470.5227272727275
755.1331658125844,1448.0539393939393
755.5542024611674,1417.6482828282828
755.9752291682499,1396.8550505050507
756.3962459283326,1372.9746464646464
756.8172527359159,1351.6613131313131
757.2382495855019,1329.8541414141414
757.659236471592,1306.830808080808
758.0802133886887,1286.057272727273
758.5011803312949,1266.1864646464646
758.9221372939131,1245.7161616161616
759.3430842710475,1223.098282828283
759.764021257202,1202.2567676767676
760.1849482468813,1185.9067676767677
760.6058652345895,1167.9854545454546
761.0267722148325,1149.9480808080807
761.4476691821161,1131.9545454545455
761.868556130946,1108.230707070707
762.2894330558296,1095.4755555555557
762.7102999512734,1076.3224242424244
763.1311568117851,1065.849797979798
763.5520036318724,1048.1537373737374
763.972840406044,1025.781111111111
764.3936671288086,1011.969696969697
764.8144837946757,996.029090909091
765.2352903981539,983.6038383838384
765.6560869337545,964.499595959596
766.0768733959876,953.7946464646465
766.4976497793643,939.8653535353536
766.9184160783961,921.4542424242425
767.3391722875942,910.6861616161617
767.7599184014722,898.7493939393939
768.1806544145418,882.2310101010102
768.6013803213167,865.748787878788
769.0220961163102,856.8050505050505
769.4428017940368,841.9604040404039
769.8634973490106,831.9941414141414
770.2841827757469,819.9495959595961
770.7048580687609,805.3735353535353
771.1255232225687,798.4150505050505
771.5461782316864,779.8236363636363
771.9668230906306,776.3597979797979
772.3874577939184,760.2686868686868
772.8080823360679,750.5604040404039
773.2286967115971,742.1554545454545
773.6493009150244,731.1569696969698
774.0698949408685,717.1878787878787
774.4904787836488,714.1579797979799
774.9110524378857,700.5926262626264
775.3316158980989,692.3927272727273
775.7521691588098,687.1120202020201
776.1727122145389,673.540303030303
776.593245059808,668.7454545454545
777.0137676891396,658.1349494949494
777.4342800970563,655.3250505050506
777.8547822780803,642.2683838383838
778.2752742267356,637.0670707070707
778.6957559375461,625.3383838383838
779.1162274050362,618.2567676767677
779.53668862373,609.4124242424242
779.957139588154,602.4659595959596
780.377580292832,594.6721212121213
780.7980107322924,586.7230303030302
781.2184309010597,578.1469696969698
781.6388407936624,577.1884848484848
782.0592404046273,566.3263636363638
782.4796297284826,557.1595959595961
782.9000087597566,549.2235353535353
783.3203774929782,543.7683838383838
783.7407359226764,534.5936363636363
784.161084043382,528.9328282828282
784.5814218496237,523.0458585858587
785.0017493359331,515.221212121212
785.4220664968409,510.37797979797995
785.8423733268792,500.75202020202005
786.26266982058,498.64989898989904
786.6829559724749,495.53575757575754
787.1032317770978,483.79555555555567
787.5234972289819,480.6561616161616
787.9437523226604,469.3438383838384
788.3639970526688,467.00242424242424
788.784231413541,464.78969696969705
789.2044553998124,456.20161616161613
789.6246690060185,453.199393939394
790.0448722266963,445.8981818181818
790.4650650563815,441.2783838383839
790.8852474896114,433.2753535353536
791.3054195209234,430.50292929292937
791.7255811448556,424.8086868686869
792.1457323559468,421.4475757575758
792.565873148736,415.08393939393954
792.9860035177618,410.4692929292928
793.4061234575644,405.0323232323233
793.8262329626841,397.8345454545455
794.2463320276618,396.1917171717171
794.6664206470388,393.2225252525252
795.0864988153567,388.83282828282825
795.5065665271571,386.66464646464647
795.9266237769833,379.2511111111111
796.3466705593783,375.44838383838385
796.7667068688853,372.05909090909086
797.1867327000483,370.84191919191915
797.6067480474123,364.70606060606065
798.026752905522,363.74454545454546
798.4467472689225,356.60818181818183
798.8667311321599,350.9338383838383
799.2867044897806,349.85
799.7066673363308,345.1386868686868
800.1266196663587,344.70979797979805
800.5465614744113,338.6567676767677
800.9664927550374,338.08353535353535
801.3864135027854,332.18141414141405
801.8063237122044,330.029595959596
802.2262233778439,325.73686868686866
802.646112494254,319.35262626262625
803.0659910559857,317.91272727272724
803.4858590575898,316.28323232323237
803.9057164936173,309.319393939394
804.3255633586207,309.8028282828283
804.7453996471523,304.3812121212121
805.1652253537646,305.38757575757575
805.5850404730116,299.909595959596
806.0048449994474,293.5005050505051
806.4246389276251,293.0665656565657
806.8444222521005,289.20767676767684
807.2641949674285,286.00949494949487
807.6839570681651,283.4482828282828
808.1037085488665,282.0649494949496
808.5234494040893,279.83252525252533
808.9431796283899,279.33888888888896
809.3628992163272,273.42070707070707
809.7826081624589,271.5535353535354
810.202306461343,268.6355555555556
810.6219941075393,268.8145454545455
811.0416710956072,266.51404040404043
811.4613374201064,260.4424242424243
811.8809930755976,258.9163636363636
812.3006380566416,255.8557575757576
812.7202723578004,251.70959595959596
813.1398959736352,253.6104040404041
813.5595088987089,248.41606060606057
813.9791111275846,247.6130303030302
814.3987026548251,246.30262626262618
814.8182834749941,243.93595959595962
815.2378535826568,240.0554545454545
815.6574129723773,238.90454545454554
816.0769616387214,239.22434343434338
816.4964995762542,237.12707070707063
816.9160267795422,235.70191919191916
817.3355432431523,234.09393939393942
817.755048961652,232.97545454545445
818.1745439296086,228.08838383838383
818.5940281415905,229.0023232323232
819.0135015921661,225.81767676767674
819.4329642759045,223.32565656565657
819.8524161873756,221.62454545454545
820.2718573211497,221.48191919191913
820.6912876717967,218.53686868686873
821.1107072338884,217.86585858585852
821.5301160019958,216.8033333333334
821.9495139706913,214.9923232323232
822.368901134548,212.80353535353538
822.7882774881377,213.93414141414144
823.2076430260347,207.73494949494955
823.6269977428133,210.00656565656573
824.0463416330466,208.81181818181813
824.4656746913114,206.31888888888886
824.884996912182,203.62030303030303
825.3043082902343,200.7218181818181
825.7236088200455,200.73797979797985
826.1428984961918,200.4502020202019
826.5621773132513,194.98434343434337
826.9814452658014,198.65343434343424
827.4007023484204,195.85474747474746
827.8199485556876,195.4716161616161
828.2391838821826,190.799393939394
828.6584083224848,198.69818181818187
829.0776218711743,200.27242424242422
829.4968245228325,187.33191919191916
829.9160162720405,190.13131313131316
830.3351971133804,184.37080808080805
830.7543670414348,186.1239393939394
831.1735260507852,183.4520202020202
831.5926741360164,183.10535353535363
832.0118112917116,179.78787878787875
832.4309375124552,183.66232323232316
832.850052792832,178.51464646464638
833.269157127427,179.9522222222222
833.6882505108263,178.25969696969696
834.1073329376164,176.67181818181814
834.526404402384,174.41575757575765
834.9454648997158,175.729696969697
835.3645144242004,173.50505050505046
835.7835529704255,172.2735353535353
836.2025805329803,170.54848484848492
836.6215971064538,170.55030303030298
837.0406026854355,171.62131313131317
837.4595972645161,167.90999999999997
837.8785808382867,167.2485858585859
838.2975534013381,166.73979797979803
838.7165149482618,165.70313131313128
839.1354654736504,164.6283838383838
839.5544049720969,163.8907070707071
839.9733334381941,163.88434343434346
840.3922508665365,162.36222222222216
840.8111572517173,162.5415151515151
841.2300525883321,161.61171717171726
841.6489368709763,158.28323232323237
842.0678100942449,160.49313131313124
842.4866722527344,157.93121212121207
842.9055233410425,158.0324242424242
843.3243633537651,156.43121212121207
843.7431922855008,156.21474747474747
844.162010130848,156.52363636363634
844.5808168844051,154.41373737373738
844.9996125407716,154.7824242424242
845.4183970945476,152.980707070707
845.8371705403332,152.7330303030302
846.2559328727287,153.53464646464647
846.6746840863358,153.32919191919189
847.0934241757568,151.14434343434345
847.5121531355936,150.85262626262625
847.9308709604485,148.55454545454552
848.349577644926,151.88121212121212
848.7682731836294,146.46797979797975
849.1869575711629,147.919393939394
849.6056308021318,145.28848484848493
850.0242928711409,145.96373737373744
850.442943772797,146.39323232323238
850.8615835017058,144.71161616161612
851.2802120524741,141.83242424242428
851.6988294197098,142.63878787878787
852.1174355980208,144.29757575757571
852.5360305820153,141.93111111111114
852.9546143663024,142.24848484848485
853.3731869454916,142.03878787878784
853.7917483141928,140.58565656565656
854.2102984670166,138.95797979797976
854.6288373985744,138.97919191919186
855.0473651034765,139.08080808080808
855.4658815763363,136.93444444444447
855.8843868117656,136.7446464646464
856.3028808043777,136.85494949494955
856.721363548786,137.51656565656572
857.1398350396048,134.62616161616165
857.5582952714489,135.18747474747477
857.9767442389328,132.86404040404045
858.395181936673,133.8546464646464
858.8136083592848,133.7248484848485
859.2320235013852,133.80949494949493
859.6504273575916,131.47101010101005
860.0688199225217,131.6866666666666
860.4872011907933,130.0481818181819
860.905571157026,130.4573737373738
861.3239298158378,128.98616161616167
861.7422771618498,129.44252525252534
862.160613189681,128.60010101010107
862.5789378939533,129.14626262626257
862.997251269288,126.84818181818184
863.4155533103064,128.15010101010103
863.8338440116305,124.33252525252533
864.2521233678845,126.79494949494949
864.670391373691,126.939393939394
865.088648023674,124.03323232323237
865.5068933124579,123.459696969697
865.9251272346681,123.52828282828284
866.3433497849295,122.92353535353539
866.7615609578688,122.76595959595954
867.1797607481124,121.29808080808084
867.5979491502867,124.14232323232318
868.0161261590201,123.01818181818192
868.4342917689402,120.96111111111111
868.8524459746761,120.70737373737381
869.270588770857,118.63070707070699
869.6887201521122,119.93858585858595
870.1068401130717,118.92121212121208
870.5249486483671,119.70565656565657
870.9430457526289,117.91383838383831
871.3611314204896,117.74585858585851
871.7792056465811,117.11454545454546
872.1972684255364,115.9217171717172
872.6153197519887,117.44878787878793
873.0333596205718,115.42262626262618
873.4513880259208,113.60070707070702
873.86940496267,115.58414141414141
874.2874104254557,114.07101010101007
874.705404408913,115.68282828282827
875.1233869076785,113.76616161616164
875.5413579163901,112.30202020202023
875.9593174296853,111.78383838383832
876.3772654422014,111.76777777777784
876.795201948578,112.18646464646463
877.2131269434534,110.19303030303024
877.6310404214685,108.79151515151511
878.0489423772625,108.86969696969697
878.466832805477,109.25363636363636
878.8847117007527,109.22202020202019
879.3025790577315,108.98262626262624
879.7204348710567,107.20515151515156
880.1382791353706,107.96656565656565
880.5561118453163,106.72929292929291
880.9739329955389,104.99101010101003
881.3917425806815,106.96303030303022
881.8095405953902,103.79060606060602
882.2273270343109,106.20141414141403
882.6451018920887,103.70474747474748
883.0628651633709,103.30959595959598
883.4806168428047,102.03141414141407
883.8983569250379,101.95878787878792
884.3160854047184,101.41111111111104
884.7338022764956,101.38858585858588
885.1515075350183,102.2264646464647
885.5692011749375,101.80343434343433
885.9868831909017,99.44808080808082
886.4045535775639,101.91696969696977
886.8222123295745,98.53939393939402
887.2398594415863,99.1376767676768
887.6574949082515,98.74080808080805
888.0751187242225,98.16606060606057
888.4927308841542,97.5759595959596
888.9103313827005,98.41151515151512
889.3279202145156,96.38686868686875
889.7454973742555,95.03676767676768
890.1630628565758,95.51787878787877
890.5806166561327,97.32909090909084
890.9981587675837,95.41323232323236
891.4156891855857,96.05030303030298
891.8332079047966,95.90383838383832
892.2507149198757,95.46000000000004
892.668210225482,92.22898989899
893.0856938162744,94.23212121212123
893.5031656869136,95.16868686868679
893.9206258320605,93.06878787878793
894.338074246376,91.03222222222212
894.7555109245222,91.29191919191919
895.1729358611617,91.16212121212129
895.5903490509571,89.18555555555554
896.007750488572,89.969696969697
896.4251401686703,89.55565656565659
896.8425180859161,86.03070707070708
897.2598842349756,89.90151515151513
897.6772386105142,86.670101010101
898.094581207198,86.76707070707062
898.5119120196924,86.04696969696977
898.9292310426672,86.35030303030305
899.3465382707883,87.41717171717175
899.7638336987251,86.53707070707071
900.1811173211463,83.8266666666666
900.5983891327213,86.23282828282834
901.0156491281201,84.09818181818184
901.4328973020134,83.72888888888895
901.8501336490731,83.40828282828284
902.2673581639693,83.56656565656567
902.6845708413757,82.01909090909089
903.1017716759652,84.24848484848485
903.5189606624097,81.3182828282828
903.9361377953846,81.55737373737384
904.3533030695633,81.2651515151515
904.7704564796215,80.589696969697
905.187598020235,79.87191919191912
905.6047276860794,80.21111111111111
906.0218454718316,78.35848484848486
906.4389513721684,78.55838383838386
906.8560453817688,77.66434343434344
907.2731274953096,78.87969696969697
907.6901977074712,77.43616161616171
908.1072560129325,74.62010101010105
908.524302406373,74.99010101010106
908.9413368824737,73.99585858585851
909.3583594359162,73.97252525252532
909.7753700613816,74.4773737373738
910.192368753552,73.32404040404037
910.6093555071112,74.3609090909091
911.0263303167416,72.23595959595957
911.4432931771277,72.4324242424243
911.8602440829533,71.42969696969703
912.2771830289045,72.2287878787879
912.6941100096662,71.07404040404037
913.111025019925,71.27080808080814
913.5279280543668,70.35282828282834
913.9448191076804,68.70787878787871
914.361698174552,68.9044444444445
914.7785652496709,66.84383838383837
915.1954203277264,67.769797979798
915.6122634034072,66.14595959595954
916.029094471404,65.69343434343432
916.4459135264075,66.0498989898989
916.8627205631085,65.27454545454555
917.2795155761991,63.614444444444416
917.6962985603717,63.03292929292934
918.1130695103194,66.3592929292929
918.5298284207354,63.34676767676763
918.9465752863134,64.76757575757574
919.3633101017487,61.087070707070666
919.7800328617361,61.248282828282754
920.196743560972,59.79575757575765
920.613442194152,61.473030303030214
921.0301287559732,59.08050505050505
921.4468032411324,61.12595959595956
921.8634656443293,58.93707070707069
922.2801159602612,59.2378787878788
922.6967541836278,57.5622222222222
923.1133803091288,55.18959595959598
923.5299943314634,56.92848484848491
923.946596245334,56.76060606060605
924.3631860454412,54.41696969696977
924.7797637264873,54.457373737373814
925.196329283175,53.73949494949488
925.6128827102071,52.69020202020192
926.0294240022877,54.01404040404043
926.4459531541208,51.61616161616166
926.862470160411,51.72151515151518
927.2789750158648,51.8548484848485
927.6954677151871,51.2712121212121
928.1119482530848,49.970606060605974
928.528416624265,48.241717171717255
928.9448728234357,49.29282828282828
929.3613168453048,46.29797979797979
929.7777486845816,46.0381818181819
930.1941683359756,45.461313131313204
930.610575794196,46.21333333333337
931.0269710539549,45.96323232323232
931.4433541099622,43.26494949494952
